csv_row_index,conv_id,turn_id,query,answer,RoBERTa_confidence,LogReg_score,num_retrieval,unique_titles,diversity,has_answer_in_topk,score_std,score_range,retrieval_titles,retrieval_texts_preview,WIG,NQC,SMV,Clarity,nSigma,AvgIDF,MaxIDF,AvgICTF,MaxSCQ,SClarity
73,-3999662562068655028,1,How often do we have a census in the uk?,"every 10 years, every 5 years",0.5211648606766321,0.4930622869317833,10,6,0.6,False,0.8962368475976137,3.0074081420898438,"""Islamic Cultural Center of New York"" | Catcliffe | ""West Bay, Dorset"" | ""Census in the United Kingdom"" | ""Census in the United Kingdom""","""reason to return to Egypt. He also stated however | ""drummer for the band Pulp, now owns a pottery in  | ""television series """"The Fall and Rise of Reginald",3.3818244934082053,0.0357629047156412,6.804918272749352,1.1109304347638198,0.786529677689472,5.908232024893378,14.781320902181555,9.897045893892344,81.99316441138859,7.824719310197702
82,7635505435111543791,1,Who sang the song coat of many colors?,"Dolly Parton, Dolly Rebecca Parton",0.4517560821604727,0.5199018944414664,10,5,0.5,False,3.071469955106968,9.580223083496094,"""E (verification language)"" | ""Coat of Many Colors (song)"" | ""Coat of Many Colors"" | ""Coat of Many Colors (song)"" | ""Cory Lidle""","""code before and after an already implemented meth | ""only poor, only if they choose to be<br>Now I kno | ""Coat of Many Colors Coat of Many Colors is the ni",1.9949859619140569,0.0175134011292001,1.755577246459434,1.2647494812433822,0.4684518713885442,4.304934750337448,5.722297728136637,8.77727600418331,70.15930567696903,7.167838091749212
105,8020759438851523056,1,When did the federal student loan program start?,"1958, November 8, 1965, 1992",0.496276720797197,0.5502229070876127,10,7,0.7,False,2.00794998856221,6.799591064453125,"""Student loans in the United States"" | ""Student loans in the United States"" | ""Federal student loan consolidation"" | ""Nikolai Panin"" | ""Federal student loan consolidation""","""and unsubsidized. Federal student loans are subsi | ""discharged through bankruptcy. The main types of  | ""Federal student loan consolidation In the United ",2.488539581298824,0.0254705428368424,3.435579227510904,1.297709981172657,0.6178438518582096,3.540670958596909,7.794754442775129,7.205791698573262,79.6081134528612,5.712658807549883
114,8142664608069718150,1,Who dies in how to train your dragon 2?,"Stoick the Vast, Stoick, Gerard Butler",0.5105178363405809,0.4921619898794717,10,5,0.5,False,1.6552187445919706,4.945930480957031,"""How to Train Your Dragon 2"" | ""How to Train Your Dragon 2"" | ""How to Train Your Dragon 2"" | ""How to Train Your Dragon 2"" | ""How to Train Your Dragon 2""","""still alive. Meanwhile, Astrid and the other ride | ""How to Train Your Dragon 2 How to Train Your Drag | ""Hiccup and launches a plasma bolt towards him, bu",1.9935073852539045,0.0191280085275386,2.156715184914204,1.199493428712666,0.4895253012317368,7.240720843912418,15.4744680827415,10.921576762746634,75.26241740710117,9.428443871723257
165,2510458197952575783,1,Who gave the concept of ingroup and outgroup?,"Henri Tajfel and colleagues, Henri Tajfel",0.5347281237555026,0.4928621631375881,10,9,0.9,False,1.2624570277610678,3.9950027465820312,"""Slinkee Minx"" | ""Ingroups and outgroups"" | ""Common ingroup identity"" | ""Ingroups and outgroups"" | ""Intergroup relations""","""Concert (performance 2007), Variety Gold Coast An | ""or hindering the goals of an ingroup. It has also | ""consider themselves as belonging to a common supe",2.769746246337884,0.0317648103652473,5.480342350900703,1.1435167915416824,0.649280213947053,7.248853472883884,14.375855794073392,11.48335181766907,80.99010909110397,9.28612724033285
171,3800437745610948678,1,Percentage of babies born at 24 weeks that survive?,"40-70%, 20 to 35 percent",0.4873196465126205,0.5246669098581438,10,8,0.8,False,0.7795598033336903,2.5288009643554688,"""Fetal viability"" | ""Gestational age"" | ""Preterm birth"" | Pregnancy | ""Pregnancy rate""","""and 5 days gestational age), and Amillia Taylor ( | ""resuscitate and aggressively treat a very prematu | ""using uterine monitoring at home to detect contra",1.781725769042967,0.017301404023069,1.5921051871039444,1.161418207975415,0.4461088974544142,3.5733507923379224,5.180316080125733,7.998479949350051,66.57683925201341,6.052569800294737
174,-6969788130630189690,1,What type of writing is most similar to an autobiography a. poetry b. short story c. novel d. memoir?,"D, memoir",0.47046938715527475,0.5142886868482669,10,10,1.0,False,0.5724980693712293,1.8002777099609375,"""Norman Farquharson"" | ""The Surfaris"" | Autobiography | ""Samuel McAdow"" | Atlantis","""played in twelve ties for the South African Davis | ""Chantays' """"Pipeline""""). , Downey's official webs | ""fictional elements though the work still purports",2.107219238281254,0.0174512966028465,1.9344502046875656,1.2137162377520772,0.4636150468135733,4.41295465583202,7.703295561492276,8.894507054567363,78.44162950368306,7.102747585339308
181,3739207328084591039,1,Who made the song my achy breaky heart?,"Don Von Tress, The Marcy Brothers, Cyrus, Billy Ray Cyrus, Jim Cotton, Joe Scaife, Joe Scaife and Jim Cotton, PolyGram and Mercury, PolyGram, Mercury",0.4589910879185464,0.5209995780672345,10,8,0.8,False,1.3102571239695007,3.7417449951171875,"""Achy Breaky Heart"" | ""Inuvik Boot Lake"" | ""Achy Breaky Heart"" | ""Observational techniques"" | ""Achy Breaky Heart""","""song """"mean-spirited"""" and donated its proceeds t | ""parties exist; although some groups have attempte | ""was the explosion of the line dance into the main",2.2420913696289126,0.0294499918726188,4.997949850919982,1.2667202586616355,0.7452031677424159,4.604057687035052,6.837272098930567,9.053092318704625,77.03234603701345,7.107182169649311
190,-3775683158491019675,1,Hertfordshire fire and rescue service chief fire officer?,"Darryl Keen, Chris Bigland",0.4816855804313563,0.5232379879475363,10,10,1.0,False,1.9617852382985448,6.9803466796875,"""Tyler Green (baseball)"" | ""Shropshire Fire and Rescue Service"" | ""Parametric polymorphism"" | ""Hertfordshire Fire and Rescue Service"" | ""Fire services in the United Kingdom""","""Dodgers and a clutch performance beating John Smo | ""Shropshire Fire and Rescue Service The Shropshire | ""type """"’’a"""" × """"’’a"""" list → bool and """"’’a"""" ca",1.717583312988276,0.0174501133242129,1.62565164041894,1.5339261241575748,0.4507842666424456,7.364749435317701,12.160282078068976,11.692378140942436,82.83726860062569,9.90061867171438
246,3658847669702107248,1,Who was england's prime minister during ww1?,"Asquith, 1st Earl of Oxford and Asquith, H. H. Asquith, Herbert Henry Asquith, 1st Earl Lloyd-George of Dwyfor, Lloyd George, David Lloyd George",0.46229731951084135,0.5408511106992689,10,9,0.9,False,1.0660610837932953,3.842071533203125,"""John de Monins Johnson"" | Federalist | ""Castration anxiety"" | ""Air Ministry"" | ""Home front during World War I""","""he became a collector of what he called """"printed | ""Federalist The term federalist describes several  | ""women will have a reversed affect, that is, femal",2.8311148071289063,0.0297500344514532,4.821293110130913,1.2884156091656989,0.7319147726743807,4.564581946899005,13.27724350540528,8.97822405214738,61.2202799096124,7.186464582919324
260,9096058560244841323,1,What county is old forge new york in?,"Herkimer County, Herkimer",0.49671215460107415,0.5554185811256168,10,10,1.0,False,1.6069548832298621,5.987518310546875,"""Moturata / Taieri Island"" | ""Old Forge, Lackawanna County, Pennsylvania"" | ""Nutritional neuroscience"" | ""Old Forge Airport"" | ""Metcalf–Franklin Farm""","""Wells, was wrecked while attempting to pick up oi | ""thick crust. Old Forge style pizza is served at m | ""intake by avoiding protein and supplementing thei",2.338822479248043,0.0273022277702476,3.8520967984521466,1.3712567371922206,0.5665757376888627,5.191232431910761,11.69027844882324,9.631946096763825,75.31690707385968,7.6860359477085085
277,-3476307486315296485,1,When did the haves and have nots start?,"May 28, 2013, 2011, September 12, 2017, September 5, 2017, August 29, 2017",0.5112224080768691,0.4851259684963367,10,4,0.4,False,2.3507411726180094,6.507286071777344,"""The Haves and the Have Nots (TV series)"" | ""Princess Chelsea"" | ""The Haves and the Have Nots (TV series)"" | ""The Haves and the Have Nots (TV series)"" | ""The Haves and the Have Nots (TV series)""","""as """"OWN's most popular series to date."""" In addi | ""made a cover of a song called """"Cold Glass Tube"""" | ""the series was given an additional 44-episode ord",1.864030761718748,0.0166602390942274,1.4836381801590093,1.085427969266162,0.4306446011734922,6.494063078258323,10.147806243184322,10.831774307901194,83.10881554085209,8.885864158845878
300,-1837678249863691869,1,Delhi is situated on the bank of the river?,"Yamuna, Jumna, Jamna",0.49208820530673636,0.5321575060514273,10,5,0.5,False,1.1636862598400872,3.4844894409179688,"Delhi | Mountain | Delhi | Delhi | ""New Delhi""","""""""States Reorganisation Act, 1956"""" created the U | ""(). The highest mountains above sea level are als | ""Indian football team's World Cup qualifier agains",1.3261434936523426,0.0122392092762984,0.8325116147380319,1.2947424747289022,0.3225894478160344,3.2925866495032325,5.341318271904047,6.797295887115946,67.34610449444224,5.509745557168667
317,5297928633660324502,1,Who said democracy is the rule of fools?,Plato,0.4654298040895087,0.5090321144403714,10,8,0.8,False,0.6946495201652744,1.7563858032226562,"""Deuce McAllister"" | ""Wise fool"" | ""Erratic ant"" | Porpoise | ""Element (production team)""","""July 19, 2018, New Orleans' Fox affiliates WVUE-T | ""famously demonstrated through the fool in Shakesp | ""nest structure to concentrate solar heat onto the",2.534936676025387,0.0207547503258153,2.6370407414891,1.2850043729466891,0.5741342113880147,6.761755393119158,16.167615263301446,11.162415258293269,74.48379122157773,9.55297734585917
341,-7080280877480411379,1,Who is the speaker of the house in california?,"Anthony Rendon, Toni Atkins, Toni G. Atkins, John Pérez, John A. Pérez",0.48052703690279613,0.5212534615780477,10,9,0.9,False,1.0516336623164069,3.1765289306640625,"""Elections in California"" | ""California State Assembly"" | ""Party leaders of the United States House of Representatives"" | ""Alex Padilla"" | ""California's congressional districts""","""ticket that they are pledged to. The slate of ele | ""members elected to the legislature prior to 2012  | ""Party leaders of the United States House of Repre",2.293177947998049,0.0244606033520858,3.2569841858871458,1.2173051670426525,0.6380619274301619,4.346079185230603,8.376919232126708,7.86720830728251,82.22753393476813,6.57965797733523
353,-3179136939189453371,1,What year did star wars come out in theaters?,"1977, 1980, 1983, 1999, 2002, 2005, 2015, 2017, 2019, 2008, 2016, 2018, May 25, 1977, May 21, 1980, May 25, 1983, May 19, 1999, May 16, 2002, May 19, 2005, December 18, 2015, December 15, 2017, December 20, 2019, December 16, 2016, May 25, 2018",0.4476806258516293,0.5088701849269254,10,6,0.6,False,1.0824033694580855,3.5630035400390625,"""Star Wars (film)"" | ""Carl Bildt"" | ""Star Wars Trilogy"" | ""Star Wars"" | ""Star Wars (film)""","""Star Wars (film) Star Wars (later retitled Star W | ""Russia's Alfa Group, said in a statement that Bil | ""script titled """"The Star Wars"""", sharing strong s",1.1884686279296863,0.0129424366994975,0.8760684473160886,1.3427031186181766,0.3309207698445521,6.30269333206409,10.834896470036076,10.67920847857796,79.08335942973193,9.292914117458068
362,-5485901134801622830,1,Where did italy win the world cup in 2006?,"Olympiastadion, Olympiastadion Berlin, Berlin, Germany, Berlin",0.49937903167941156,0.5706132677819137,10,8,0.8,False,0.7624495763545179,2.338714599609375,"""Italy at the FIFA World Cup"" | ""2006 FIFA World Cup Final"" | ""Pine River (New Hampshire)"" | ""2006 FIFA World Cup"" | ""Charles Caldwell McCabe""","""Italy at the FIFA World Cup This is a record of I | ""2006 FIFA World Cup Final The 2006 FIFA World Cup | ""Pond Bog Natural Area, then reenters Ossipee two ",2.5999282836914106,0.0256610572653938,3.669099045393383,1.295028306764262,0.6772277170008422,4.496772418458205,9.53035723201699,8.873076947600198,81.81111029348317,7.081317478372142
426,7994278059308814702,1,Who is the mayor of warner robins ga?,"Randy Toms, Chuck Shaheen, John Havrilla",0.4755841194207383,0.5163420394397171,10,7,0.7,False,1.576883537770545,5.4986114501953125,"""Robins Air Force Base"" | ""Warner Robins, Georgia"" | ""Warner Robins, Georgia"" | ""The Warner Robins Patriot"" | ""Newman, Illinois""","""for females. The per capita income for the base w | ""portion of the city in Peach County is served by  | ""which required the base to be named after the nea",1.857856140136712,0.0209768922479843,2.3323613116158866,1.170040306696802,0.5090690099055427,5.830032144144735,14.08817372162161,10.111678951231331,67.56339181502362,8.502241038797234
482,-7234567131490543978,1,A false correlation between two variables caused by a third variable?,"spurious correlation, spurious relationship",0.4617187813997857,0.513295903289484,10,8,0.8,False,0.9490110452969586,2.80120849609375,"""Golden Best (Yōsui Inoue album)"" | ""Doyle–Benton House"" | ""Spurious relationship"" | ""False positives and false negatives"" | Tokonoma","""Life Music Entertainment stated that """"Golden Bes | ""entrances for each room, complete with kitchens.  | ""because they were correlated with the weather nin",1.9597418212890647,0.0216966435653936,2.71157701196454,1.2100379695450216,0.582191657871845,2.421563192142522,3.772268204864956,6.026687080113575,54.30880365435137,4.533554189090196
544,3407199815349194308,1,Who played igor in the movie van helsing?,"O'Connor, Kevin J. O'Connor, Kevin James O'Connor",0.4809730501367663,0.5187245154220085,10,9,0.9,False,1.130590440192885,3.4002227783203125,"""Rhiwbach Tramway"" | ""Igor (film)"" | ""Sonny (album)"" | ""Anatol Yusef"" | ""Igor (film)""","""main section of the tramway. This table shows loc | ""the annual Science Fair becomes an annual musical | ""of which was composed by bassist Joe Adducci's mo",1.3472276306152389,0.0142963682967373,1.0372648196793803,1.120734481242026,0.3600806888183848,3.3204845522006425,5.22948521610183,7.641860484989458,67.78144432324066,5.850101015761403
601,-8900080097940527212,1,When will the next fifty shades of grey movie be released?,"February 7, 2017, February 10, 2017, February 9, 2015, February 13, 2015, February 11, 2015, February 6, 2018, February 9, 2018",0.4668672368896468,0.5321371478627316,10,7,0.7,False,2.2211908839518237,7.608634948730469,"""Fifty Shades Freed (film)"" | ""Fifty Shades Darker (film)"" | ""Fifty Shades of Grey (film)"" | ""Fifty Shades (film series)"" | ""Fifty Shades Freed (film)""","""Fifty Shades Freed (film) Fifty Shades Freed is a | ""Fifty Shades Darker (film) Fifty Shades Darker is | ""continuance, stating that """"much or all"""" of the ",3.1513569641113213,0.0333952951159377,6.089265108405724,1.1790471434125491,0.872443773862084,5.1631199710257984,14.375855794073392,9.589512478130116,54.30880365435137,7.797753008902059
640,-9071098640885474868,1,When did the soviet union explode its first atomic bomb?,29 August 1949,0.4860203500771152,0.51494125079479,10,8,0.8,False,0.9047906242484327,2.6146163940429688,"""History of nuclear weapons"" | ""Charles Curtis"" | ""Soviet atomic bomb project"" | ""History of nuclear weapons"" | ""Nuclear fission""","""found a rough schematic showing a Nazi nuclear bo | ""the Senate Chamber. Curtis was 73 years and 38 da | ""and British scientists, Russian physicist Georgy ",2.004846343994139,0.01894333445819,1.937329991034203,1.1151827176896087,0.4921039004918324,5.32264429275929,8.370940449241285,9.644167884465816,81.99316441138859,8.034729972031716
665,-5816535177166495903,1,Who was crucified on an x shaped cross?,"Andrew the Apostle, Saint Andrew, Eulària, Aulazia, Saint Eulalia, Olalla, Aulaire",0.4734819793270771,0.5696870391827136,10,10,1.0,False,0.602156518844286,1.7078933715820312,"""Andrew the Apostle"" | ""McKusick–Kaufman syndrome"" | ""Instrument of Jesus' crucifixion"" | ""Saint Tiburtius"" | ""Nadine Ramkisson""","""Istanbul) in AD 38, installing Stachys as bishop. | ""and congenital heart defects. McKusick–Kaufman sy | ""how he was affixed, about the amount of the pain""",1.2262774658203148,0.016173283497545,1.404181904286961,1.4686124481633342,0.4189543388435905,5.2745030804373405,9.868666016445504,9.732264042609753,81.67174374011792,8.122826130175653
687,-6413166067928089613,1,Who was the 31st president of the united states of america?,"Herbert Hoover, Herbert Clark Hoover",0.4824010854850657,0.5856903616920016,10,9,0.9,False,1.0040042989471913,3.5410308837890625,"""Presidents of the United States on U.S. postage stamps"" | ""Jimmy Carter"" | ""Fearless (1993 film)"" | ""Presidents of the United States on U.S. postage stamps"" | Hyperinflation","""1874 – October 20, 1964) was the 31st President o | ""in 1986. In 1998, the U.S. Navy named the third a | ""towards the tunnel of light that appears to be mo",3.028522033691408,0.0357992343194498,6.638593841434714,1.256931085238925,0.9109468865852384,4.550654209413556,9.191734155271709,8.99548053360978,81.50759754839322,7.386042621175678
717,-4736097766420385449,1,Who sang the song she's got betty davis eyes?,"Jackie DeShannon, Kim Carnes",0.5065923172958047,0.4765625353178165,10,9,0.9,False,1.9315694117491127,6.3886871337890625,"""Sunrise problem"" | ""Jean La Fontaine"" | ""Bette Davis"" | ""Richard Leigh (songwriter)"" | ""Bette Davis Eyes""","""a less accurate estimate of that value. Sunrise p | ""teaching at King's College, Newcastle (1961, part | ""were among the performers who paid tribute, with ",1.5485350036621115,0.0186080118643909,1.71140229075618,1.0904115476055214,0.4360685841516447,7.6433878633768195,16.167615263301446,12.092081840351632,81.80563979793956,10.012640298671796
720,-2861914406698881499,1,Who played smith jared in sex and the city?,Jason Lewis,0.45711852685072635,0.5553947075723086,10,8,0.8,False,3.073415727919974,8.156150817871094,"""Jason Lewis (actor)"" | ""Riki Rachtman"" | ""Ōtoyo, Kōchi"" | ""Candaba, Pampanga"" | ""Samantha Jones (Sex and the City)""","""by Pixie Press Worldwide. Lewis is a supporter of | ""Riki Rachtman tweeted that he had been drug and a | ""km. The total area is 314.94 km. Train Road Ōtoyo",2.6042439270019497,0.0217278784019882,3.2304746696763846,1.461504912155864,0.6354599387133291,4.178133912221858,6.303570448564247,8.55961359022214,74.3917936836333,6.9501756777880415
730,-1571033584425738488,1,What is the main train station in munich?,"Munich Central Station, München Hauptbahnhof",0.4659525263715871,0.515803670459461,10,10,1.0,False,1.0497013391867345,2.9863967895507812,"""Amy Goldin"" | ""Munich Airport Terminal station"" | ""Kasme Vaade"" | ""Munich Airport"" | ""In the Line of Fire: A Memoir""","""Kushner. Amy Goldin Amy Goldin (February 20, 1926 | ""Munich Airport Terminal station Munich Airport Te | ""film's songs """"Aati Rahengi Baharen"""". """"Mile Jo ",2.9536772155761764,0.0256979039414751,3.810438815170637,1.3243304891754308,0.6506781774229986,3.235610705740685,4.868415338667169,7.609622644166452,65.33211819804028,5.530181102486616
731,-7557223051933137922,1,Who won s5 of rupaul's drag race?,"Roxxxy Andrews, Lineysha Sparx, Detox, Alyssa Edwards, Jinkx Monsoon, Ivy Winters, Coco Montrese, Alaska",0.4718309524067056,0.5148446989273018,10,6,0.6,False,0.9326875110595834,3.2884063720703125,"""RuPaul's Drag Race: All Stars"" | ""RuPaul's Drag Race (season 5)"" | ""RuPaul's Drag Race (season 4)"" | ""RuPaul's Drag Race All Stars (season 1)"" | ""RuPaul's Drag Race""","""top queens of the season were chosen was revealed | ""RuPaul's Drag Race (season 5) The fifth season of | ""RuPaul's Drag Race (season 4) The fourth season o",3.3861395263671907,0.02713991300835,4.490259674972994,1.3140825238100995,0.6389095593255315,5.377337773331117,14.375855794073392,9.75861835684066,64.91122665543683,7.966858887612606
747,-7893448109726067954,1,Who wrote the hit three dog night song joy to the world?,"Hoyt Wayne Axton, Hoyt Axton",0.4988613446369498,0.5528679453009323,10,6,0.6,False,2.5913195589334066,8.645462036132812,"""Debt-to-equity ratio"" | ""Joy to the World (Three Dog Night song)"" | ""Joy to the World (Three Dog Night song)"" | ""Los Angeles Temptation"" | ""Joy to the World""","""On a balance sheet, the formal definition is that | ""the suit, Jackson claimed that Axton regularly cr | ""played at the end of Super Bowl XXXIII at Pro Pla",2.135628204345705,0.0227827335026918,2.5795687355069616,1.2792526666627522,0.567843369194684,5.218660127484006,10.112002896369711,9.578402180587451,82.60070358036134,7.786642711359396
757,-5001543574321430501,1,As blues moved into chicago's south side what style of blues developed?,"Chicago blues, British blues, gospelized rhythm and blues, soul, Soul music",0.48276623442891664,0.5773513221429508,10,8,0.8,False,1.1047908943254634,3.4829330444335938,"""Kōwhai"" | ""Origins of the blues"" | ""Chicago blues"" | ""New Orleans blues"" | ""Music of Chicago""","""or made into an infusion to treat bruising or mus | ""his compositions can be described as a fusion of  | ""Chicago blues The Chicago blues is a form of blue",2.8481788635253893,0.0317885712431127,5.899183252705371,1.4349073333645528,0.809607809903136,5.941837206438138,11.388491770189916,10.302225611892547,77.90459121781527,8.74151520285114
774,-8522330958978003137,1,Who holds the record for the longest field goal?,"Ove Johansson, Matt Prater, Steve Little, Joe Williams, Russell Erxleben, Paul McCallum, Ola Kimrin, Dirk Borgognone, Aaron Mills, Sebastian Janikowski, Fabrizio Scaccia, Ove Johannsson",0.44627030677779367,0.5038159009930822,10,5,0.5,False,3.2317764887582183,7.7574920654296875,"""Field goal"" | ""Field goal"" | ""Field goal range"" | ""Field goal"" | ""Field goal range""","""today are sometimes equipped with a camera mounte | ""formations are not conducive to covering kick ret | ""the use of kicking tees in 1989. Most of the long",2.6159547424316463,0.0233461846639691,3.449408184118912,1.3025604246944582,0.6566399492985969,5.476157138333899,8.370940449241285,9.842199321630336,81.99316441138859,8.232761409196234
777,-8518531456573518345,1,Ratio of length and width of indian flag?,"two by three, 2:3, 2/3, length 1.5 times width",0.4621911948104854,0.5619710608764745,10,6,0.6,False,1.2157183937527398,3.7605514526367188,"""Phocylides (crater)"" | ""Flag of India"" | ""Flag of India"" | ""Flag code of India"" | ""Flag of Pakistan""","""and relatively smooth, with a few small craterlet | ""such cases, the flag must be raised to full-mast  | ""of India and other laws relating to the national ",3.5734162902831987,0.0313480983486502,5.2703391752512845,1.3015373714054477,0.8116602718541855,3.3340366728422355,5.330164068813991,7.754256805886652,67.42372292184339,6.144818893452554
854,-120105336439351741,1,What direction does the earth orbit around the sun?,counterclockwise,0.46220030293206066,0.5384502810507871,10,7,0.7,False,0.6107170984409139,2.001129150390625,"""Jeff Bridges"" | ""Orbital inclination"" | ""Earth's orbit"" | ""Orbital inclination"" | ""Nodal precession""","""Bridges and other entertainment industry leaders  | ""latitude and 20° south latitude, then its orbital | ""is absorbed by the higher proportion of water in ",2.21267211914062,0.0189216170339565,2.1296374832082074,1.5229479064340878,0.4864425834804495,6.893574643921033,16.167615263301446,11.374974510049489,79.52360389971723,9.765536597615387
867,-4206381394211807490,1,Where do tornadoes most commonly occur in the us?,"Tornado Alley, Minnesota, Wisconsin, Illinois, Indiana, and Ohio are sometimes included, areas of Texas, Oklahoma, Kansas, South Dakota, Illinois, Iowa, Missouri, Nebraska, Colorado, North Dakota, and Minnesota, northern Texas, through Oklahoma, Kansas, Colorado, Nebraska, Missouri, Iowa, South Dakota, and North Dakota, Great Plains tornado belt, Central United States, between the Rocky Mountains and Appalachian Mountains, Texas",0.4655493871967219,0.5381775116601614,10,4,0.4,False,1.0836294627827996,2.9647598266601562,"""2008 COSAFA Cup"" | ""Tornadoes in the United States"" | ""Tornadoes in the United States"" | Tornado | ""Tornadoes in the United States""","""the quarter finals according to FIFA World Rankin | ""mass then moves northward into the Northern Great | ""in the northeastern states. Tornado Alley is a co",2.44691146850586,0.0251498379200014,3.381791876188125,1.3308006726385544,0.6129882975308677,4.752186053179199,11.779358078876928,9.17114378118294,75.20525349741452,7.379384311954886
874,-3673434529814952153,1,When does thrill of it all come out?,"3 November 2017, July 17, 1963, 20 November 1995, 1 September 1996, November 1974, 28 July 1975",0.4781594372660684,0.5325805504854906,10,9,0.9,False,4.318335591445273,12.833396911621094,"""Cyperus pulchellus"" | ""The Thrill of It All (Sam Smith album)"" | ""All of It"" | ""David Washington"" | ""The Thrill of It All (Sam Smith album)""","""swamps in the Kimberley region where it grows in  | ""The Thrill of It All (Sam Smith album) The Thrill | ""it 3.5 out of 4 stars, """"Newsday"""" said that the ",3.589139251708981,0.0314908361383688,5.200037301230123,1.2832521841614706,0.8062286664797805,6.005430487953936,9.219678194686477,10.390528602469512,83.72827740314108,8.781090690035413
904,-3767656747097163382,1,Who sings the new girl in town hairspray?,"Amber, Tammy, Shelley, and The Dynamites (Brittany Snow), Amber, Tammy, Shelley, and The Dynamites",0.48668321815494936,0.5214828296275026,10,6,0.6,False,2.039735651613462,5.713836669921875,"""New in Town (song)"" | ""Kris Niklison"" | ""New in Town (song)"" | ""New in Town (song)"" | ""New in Town (song)""","""thirteen non-consecutive weeks altogether in the  | ""INCAA ANCINE Brazil - Argentina Contest (""""Vergel | ""her debut album. According to Little Boots, the s",2.7945417785644486,0.0265937598213841,4.213591029554204,1.2179866539205544,0.7257402281080163,6.210787922365972,13.07657280994313,10.530401614303432,81.80563979793956,8.782533516836674
916,-3366429069430047634,1,Who played kris kringle in miracle on 34th street?,"Edmund Gwenn, Richard Attenborough, Sebastian Cabot, Edmund John Kellaway, Thomas Mitchell, Thomas John Mitchell, Ed Wynn, Charles Sebastian Thomas Cabot, Richard Samuel Attenborough",0.4863544862443849,0.5010198558535206,10,5,0.5,False,2.307184232621121,6.639701843261719,"""Miracle on 34th Street (1994 film)"" | ""Edmund Gwenn"" | ""Miracle on 34th Street"" | ""Ici RDI"" | ""Miracle on 34th Street (1994 film)""","""Miracle on 34th Street (1994 film) Miracle on 34t | ""Bedford Drive in Beverly Hills, which he later sh | ""assigned to play Santa in the annual Macy's Thank",1.247667236328126,0.0112132638888051,0.7213553587934236,1.21706822665706,0.2451794170931129,4.795250402078243,12.418111187371077,9.161471434634748,83.0909083096306,7.255316688094899
918,-7505017672125111993,1,Who has won the world cup back to back?,"Italy, Brazil, Vittorio Pozzo, Germany and United States",0.4662164094465709,0.5052462442707963,10,8,0.8,False,0.9278491775294931,2.8868789672851562,"""FIFA World Cup"" | ""FIFA World Cup"" | ""Germany at the FIFA World Cup"" | ""Brazil at the FIFA World Cup"" | ""Comeback (sports)""","""Senegal in 2002 and Ghana in 2010. Only one Ocean | ""especially for the younger generation. FIFA has a | ""which teams qualify for the Finals. The current f",2.88876815795898,0.0301973286264646,4.997717385687231,1.1361496260738138,0.8449613165860004,6.4773637468133565,15.4744680827415,10.903380065050271,79.57132626539502,9.111620595822217
927,-4196197025985715858,1,Who wrote your man song by josh turner?,"Chris Stapleton, Chris DuBois, Jace Everett",0.4487344496480005,0.5048921507072368,10,10,1.0,False,2.98774881329469,9.0986328125,"""Your Man (Josh Turner song)"" | ""Field trial"" | ""Silver Charm"" | ""Vladislaus II of Hungary"" | "".380 Long""","""Your Man (Josh Turner song) """"Your Man"""" is a son | ""trial wins are recorded with the FDSB (Field Dog  | ""October 29, 2014, it was announced jointly by Thr",2.379561309814453,0.0294689567806522,4.613246751007968,1.4066894544946105,0.7159490012104345,4.069867264396296,9.398547504093202,7.749362399198106,83.07129483010665,6.081439414293552
942,-2641699749201449501,1,What is the fourth letter of the greek alphabet?,"δέλτα, Δ, delta, δ",0.5289872520449594,0.4725654147706231,10,8,0.8,False,0.4875218355078262,1.2687225341796875,"""History of the Greek alphabet"" | D | ""History of the Greek alphabet"" | ""East Berlin"" | ""Denver Broncos""","""derive from omicron with a line drawn under it. L | ""stroke and Dz (digraph).) In Fijian it represents | ""of the same name, he would have lived at the time",1.788612823486331,0.014867102407806,1.3627379028169144,1.2436889389304393,0.3369888602037307,10.059077715680106,16.167615263301446,14.52028985123027,68.88416631011181,12.57437970217496
951,-4692702779373258184,1,Who plays avery in when we first met?,"Alexandra Daddario, Alexandra Anna Daddario, Daddario",0.48503790039848343,0.5744221476354859,10,8,0.8,False,1.0808066650152994,3.5847702026367188,"""2016 Racquetball World Championships – Women's Singles"" | ""When We First Met"" | Khonani | ""Melissa Francis"" | ""The Return of Avery Jessup""","""only 16 years old, although she was the World Jun | ""When We First Met When We First Met is a 2018 Ame | ""dispute between two janitors (Bawa and Ramsaywack",4.317136688232427,0.0406620660298144,9.697948047272227,1.3057808482699782,1.101019303150053,6.663560757176763,12.612267201812031,11.091483047582802,76.58909302449788,9.75930400737268
959,6143568073860342862,1,Who plays light in death note live action netflix?,"Nat Wolff, Wolff",0.5432791870517972,0.4819587838650988,10,7,0.7,False,1.865653652463426,6.2324066162109375,"""Buy Now, Die Later"" | ""Death Note (2017 film)"" | ""Death Note (2017 film)"" | ""Death Note"" | ""Death Note (2017 film)""","""the contracts and the store. Maita and Santi were | ""also by a much larger and wider audience"""". In an | ""Death Note (2017 film) Death Note is a 2017 Ameri",1.6635137939453188,0.0154378316826605,1.321954991153581,1.0008061708983231,0.3466665926629034,8.328495216947207,14.663537866525171,12.731671077939168,80.80461445208826,10.785760928883857
1005,-1776793986008499161,1,Who sang it's too late to turn back now?,"Cornelius Brothers & Sister Rose, The Chi-Lites, Maxi Priest & Tumpa Lion, The Barking Dogs, Renée Geyer, Pepe Marquez featuring Steve Salas, Eddie Cornelius, Rose Cornelius, Carter Cornelius",0.4825014886113766,0.522866403555602,10,10,1.0,False,1.887901831772727,5.959449768066406,"""The Shuttered Room"" | ""Posterior cerebral artery"" | ""Hard Nose the Highway"" | ""It's Too Late to Stop Now"" | ""Jason Jones-Hughes""","""to superstition, the couple consider rehabilitati | ""adults, the PCA sources from the anterior portion | ""(North America) UK Album Chart (United Kingdom) H",2.576146240234375,0.0209601888233393,2.6585311470441293,1.2307493104739673,0.5764689006186856,4.660918178544615,14.295813086399855,9.007048025009105,69.53845747385714,7.1008932784692576
1019,-7182382908452403327,1,How many floors does paris las vegas have?,33,0.47354559776537647,0.5301316361532308,10,8,0.8,False,1.7446061038621852,6.08575439453125,"""Paris Las Vegas"" | ""Hôtel Ritz Paris"" | ""Martin Brest"" | ""Atelier (building)"" | ""Planet Hollywood Las Vegas""","""its sister property, Bally's Las Vegas, through w | ""a travel publication """"Holiday"""" wrote, """"practic | ""the Library of Congress to """"be preserved as cult",1.510673675537107,0.0141436670723418,1.1279789564689329,1.2453824893380463,0.3754961645058663,6.0364523069223806,10.931173300471496,10.437125701534056,80.53006449117771,9.050831340414168
1024,2657851952953142133,1,Which is the microsoft hypervisor integrated in windows server 2008?,Hyper-V,0.4424890696982434,0.5174342930455866,10,8,0.8,False,0.4273577566338328,1.2264022827148438,"Hyper-V | ""Windows Mixed Reality"" | Risbyholm | ""Windows Display Driver Model"" | ""Windows Mixed Reality""","""NIC manufacturer supplied drivers support NIC tea | ""Skyloft, was added in the April 2018 Update. Wind | ""In 1788, he sold it to his brother, David Brown, ",3.3348814392089823,0.0323896150267815,5.7316104489144575,1.3245270444814814,0.8464344665207738,4.7975816677434535,12.570303002713,9.16941777207998,67.65370556652243,7.377658302851925
1032,969315134018488940,1,Who plays victor on fear the walking dead?,"Colman Domingo, Domingo",0.47711766378203435,0.5091180720487867,10,10,1.0,False,0.9464470472084466,3.303497314453125,"""Kapsetaki Twins"" | ""Charlie Tahan"" | ""Delfim Santos"" | ""James Read"" | ""Marcelo Torcuato de Alvear""","""and a PhD in Evolutionary biology from the Univer | ""co-starred with Zac Efron in the 2010 film """"Char | ""one of the directors of the and one of the ideolo",2.528992767333985,0.0219224369770468,2.920650956117892,1.2367531768717563,0.6042196368165607,6.688122732877464,16.167615263301446,11.15691704997723,73.97351660632768,9.365157580749171
1060,-3141829133091032540,1,Who is the girl from brenda's got a baby video?,"Ethel ""Edy"" Proctor, Brenda",0.49885001166473153,0.5450011983364225,10,5,0.5,False,2.829027557319037,7.457618713378906,"""1997 Croatian Chamber of Counties election"" | ""Brenda's Got a Baby"" | ""Brenda's Got a Baby"" | ""Brenda's Got a Baby"" | ""Brenda's Got a Baby""","""five members of the Chamber of Counties. He chose | ""the song after reading a story in the newspaper o | ""beginning of the song can be heard in The Game's ",2.423028564453126,0.0217356557704309,2.802995679472596,1.42139568676885,0.5294332516448693,6.834414784353483,16.86076244386139,11.226232352199796,79.69193045289845,9.43447288297174
1135,6600807838972032239,1,Earth's interior heat is the engine that powers?,"mountain building, earthquakes, plate tectonics, volcanic activity, plate tectonics, volcanic activity, earthquakes, and mountain building, geological, plate techtonics",0.48435025899199274,0.5184679835506936,10,5,0.5,False,1.6113616233054768,4.733184814453125,"Engine | ""Internal combustion engine"" | ""Internal combustion engine cooling"" | Engine | Engine","""motor and with a large battery bank, but these to | ""than water) and requires extensive insulation—whi | ""Thus, all heat engines need cooling to operate. C",3.85690246582031,0.0350520118908802,7.524036435256224,1.2455390070893475,0.9143325698900824,5.313172203187703,11.673376638020637,9.691106767193329,75.20476839437549,7.745196618138012
1145,-1727649008417801719,1,When did starcraft 2 become free to play?,"August 3, 2011",0.4920836280719855,0.5191571273999162,10,8,0.8,False,0.705000047990869,2.0485153198242188,"""Dungeons & Dragons Online"" | ""Dungeons & Dragons Online"" | ""Dark Souls II"" | ""Mary Jo Putney"" | ""Neverwinter Nights 2""","""Jewels of Fortune which increase the level of loo | ""his death. On August 1, 2005, Turbine sent invita | ""Dark Souls II Dark Souls II is an action role-pla",2.930083007812505,0.0231301746265626,2.9692895141334503,1.212873898661238,0.6092299970181058,3.284597460209038,7.032106201948267,7.070122026818781,78.23182771892033,5.402199041914226
1152,-7166818472484732395,1,Where is the umbilical cord attached to the mom?,placenta,0.49794075614923783,0.513012866581953,10,7,0.7,False,1.3673885504189955,4.989654541015625,"""Umbilical cord"" | ""Terry Wogan"" | ""Emergency childbirth"" | ""The Heroic Legend of Arslan"" | ""Umbilical cord""","""Umbilical cord In placental mammals, the umbilica | ""on Radio 2), Olly Murs (who performed Wogan's fav | ""heart rate, respiratory rate, blood pressure, tem",1.3750170898437497,0.0124127279397819,0.8269727236876497,1.1291365068215244,0.3215145260496891,5.062726247334022,7.445605437263883,9.507389027278863,78.7474884830647,7.715629558050808
1156,3071684398533564818,1,When was the clock tower in london built?,"1846, 1902, 31 May 1859, 1851, 1892, 1868",0.391561832893834,0.5099991921410538,10,10,1.0,False,0.30589189318875304,0.7897415161132812,"""City of London"" | ""Victoria Tower"" | ""London King's Cross railway station"" | ""Architecture of Mumbai"" | ""Cornhill, London""","""of the City held at the outdoor cross of St Paul' | ""the Palace of Westminster after the fire of 16 Oc | ""the station were made in December 1848 under the ",2.4954211425781243,0.0242332819665285,3.4258620103285646,1.494542972445342,0.6543949505390996,4.362238277552698,9.854067217024353,8.844878670648816,80.92450169859963,7.295052624770614
1170,-2882356131958038534,1,Who sang when a man loves a woman first?,"Percy Sledge, Percy Tyrone Sledge, Sledge",0.49717465954772116,0.5191437900853579,10,7,0.7,False,2.3123139893282083,8.093147277832031,"FPTV | ""When a Man Loves a Woman (song)"" | ""Gabriel Wilensky"" | ""When a Man Loves a Woman (song)"" | ""When a Woman Loves (song)""","""Portuguese Television, described at the time as "" | ""What a song that would be with that feeling you h | ""that he asserts could have been used for a potent",2.070036163330077,0.0177100309445231,1.9492733711058448,1.3174751547750605,0.4936184471717306,6.689811545836086,12.612267201812031,11.01889921580365,82.38092279445229,9.227139746575594
1226,6790202246175627171,1,When was the last time wales won the rugby world cup sevens?,"2009, March 7, 2009, 7 March 2009",0.4763368489714375,0.50824466905071,10,7,0.7,False,0.6882169438864945,2.1278076171875,"""Tom Miller (footballer, born 1990)"" | ""Wales national rugby union team"" | ""History of the Wales national rugby union team (2004–present)"" | ""History of the Wales national rugby union team (2004–present)"" | ""Waterloo Hawks (baseball)""","""trial period, he agreed an initial one-year contr | ""which was funded by private investment, £46 milli | ""History of the Wales national rugby union team (2",1.57357254028321,0.0137150954983917,1.0151180043941073,1.2032843311990469,0.3562158763295979,4.422512564939005,8.370940449241285,8.794752992511272,81.99316441138859,7.002993523283215
1229,-5099445234629345923,1,Who claimed victory at the first battle of bull run?,"Confederate States, Confederacy, CSA, C.S., Confederate States of America, P. G. T. Beauregard, Thomas ""Stonewall"" Jackson, Joseph E. Johnston, Jefferson Davis",0.46619453434929514,0.5020918376558607,10,2,0.2,False,0.5798442581516395,2.3237686157226562,"""First Battle of Bull Run"" | ""Jubilee (Christianity)"" | ""First Battle of Bull Run"" | ""First Battle of Bull Run"" | ""First Battle of Bull Run""","""First Battle of Bull Run The First Battle of Bull | ""pilgrims were permitted to enter the holy door at | ""and the combined Confederate forces, with about 3",1.8198503112792943,0.0145467788809783,1.349854796072998,1.199057366273652,0.4107698254608348,5.720837044516244,10.703783458275836,10.178146915179148,77.64341284250622,8.568709002745047
1234,-6301438413612247126,1,Where does the flat iron cut of meat come from?,"shoulder of a beef animal, shoulder of the animal, shoulder, adjacent to the heart of the shoulder clod, under the seven or paddle bone, infraspinatus muscles, infraspinatus muscles of beef",0.518005258176753,0.484878984092099,10,6,0.6,False,1.4704441705572213,4.356285095214844,"""Flat iron steak"" | ""Mark Roberts (singer)"" | ""Flat iron steak"" | ""Sirloin steak"" | ""T-bone steak""","""To make it more marketable, the steak, which has  | ""and Dafydd Ieuan (of Super Furry Animals) Mark Ro | ""Flat iron steak Flat iron steak (US), butlers' st",1.2415681457519585,0.0115483897833185,0.696677676292247,1.042642888286228,0.2782240656362036,7.281272185667811,16.86076244386139,11.751737884955872,74.50535230257427,9.805827735900555
1243,-7965205824624063757,1,Longest word in the english language with one vowel?,Strengths,0.4913545998531489,0.541755985337292,10,7,0.7,False,1.9374911990603927,6.7350616455078125,"Euouae | ""Longest word in English"" | ""Longest word in English"" | ""Crystal (comics)"" | ""2018 Shorter Hawks football team""","""Euouae Euouae or Evovae is an abbreviation used i | ""Longest word in English The identity of the longe | ""major English language dictionaries is """"pneumono",1.980031890869144,0.01691170500078,1.7659522357972508,1.290278182491048,0.469834044610069,5.10856113446809,7.814943004053656,9.409474858824964,81.49508143686728,7.800036946390866
1331,7813254335895169912,1,Who is fruma sarah in fiddler on the roof?,"Ruth Madoc, Carol Sawyer Yussel, a ghostly depiction of the late wife of Lazar Wolf, Jessica Vosk",0.4891308414411747,0.5324448572511707,10,4,0.4,False,1.1288448795968844,3.946868896484375,"""Jonathan Rosenblum"" | ""Yo No Tengo Nah"" | ""Fiddler on the Roof (film)"" | ""Fiddler on the Roof"" | ""Fiddler on the Roof (film)""","""we must remain constantly aware of our responsibi | ""in any of the Church's Chicken restaurants, Chili | ""of Anatevka, a typical shtetl in the Pale of Sett",1.2103193664550786,0.0121795601516977,0.7447474357323896,1.1266405989694903,0.3051121588310578,4.326391267005256,6.713074597485443,8.762773629262634,76.25751133302275,7.153335716828533
1338,-3807273788170398464,1,What does the eagle in the nigerian coat of arm represents?,strength,0.45859840799836293,0.5305662795241987,10,9,0.9,False,2.995826438984875,8.62005615234375,"""Melanie Kinnaman"" | ""Coat of arms of Nigeria"" | ""Nigeria national football team"" | ""Air transports of heads of state and government"" | ""Coat of arms""","""the sequel and the character was written out. Mel | ""Coat of arms of Nigeria The coat of arms of Niger | ""of the Nigerian flag. The shade of green has vari",1.1316345214843773,0.0142464302881223,0.9438148552545812,1.2452451709249834,0.3238337802801138,7.045247490359066,11.75481696996081,11.494846290626109,74.4966001670459,10.396234001957998
1343,8679247519450601476,1,What is charlie's medication for in gossip girl?,"BPD, bi-polar disorder, BD, Bipolar disorder, Bipolar Disorder",0.5095891816181131,0.4777183644060098,10,9,0.9,False,0.7061975373320027,2.008941650390625,"""John Carter (ER)"" | ""Something Nice Back Home"" | ""Clay Jensen"" | ""Love & Other Drugs"" | ""Charles Bravo""","""residency, he agrees to work for free. He is part | ""he proposes marriage. Kitsis said that the episod | ""and usually doesn't talk much. He is a very good ",2.058875122070317,0.0186070691259294,2.00791355294292,1.2733450039564622,0.5009882175439507,8.99540447603052,15.762150155193282,12.766452300997251,78.42805495097525,11.273319409973872
1402,-2829991545788111730,1,When did season 5 of prison break come out?,"April 4, 2017",0.4871208375959626,0.5385818189573554,10,9,0.9,False,1.49059045187146,5.186882019042969,"""Prison Break (season 5)"" | ""Joy Crisp"" | ""Prison Break"" | ""Community for Creative Non-Violence"" | ""Hugh Hughes (poet)""","""Prison Break (season 5) The fifth season of """"Pri | ""Jet Propulsion Laboratory since 1989. She has bee | ""video game. A spin-off series, """""""", was produced",1.965714111328131,0.0246094583298808,3.152217336238385,1.0778179018728655,0.561446109278387,4.947214714062935,8.039472638725279,9.392643128272269,81.06990688989556,7.783205215838167
1410,307568521844321426,1,How many triple doubles did kobe bryant have in his career?,21,0.48397576285930194,0.5254696843830851,10,3,0.3,False,1.7785299294857861,5.4954681396484375,"""Double (basketball)"" | ""Double (basketball)"" | ""Double (basketball)"" | ""Double (basketball)"" | ""Microwave heat distribution""","""Double (basketball) In basketball, a double is th | ""others claim that it was coined by then Philadelp | ""seasons. A quadruple-double is the accumulation o",2.0342166137695354,0.016844155501516,1.827629926574324,1.0947703895498555,0.4779683470919286,5.821172550969894,8.780215478036894,10.258012064996455,82.69625945321032,8.871717703876566
1429,7556791920106701864,1,What is l's real name from death note?,"L Lawliet, Lebens Dorn, Kappei Yamaguchi, Shin-ichiro Miki, Alessandro Juliani, Kenichi Matsuyama, Kento Yamazaki, Teppei Koike, Lakeith Stanfield",0.48843488495461196,0.5420681013679557,10,9,0.9,False,0.5478776771591815,1.6548233032226562,"""L (Death Note)"" | ""Österreichische Alpenfahrt"" | ""Mello (Death Note)"" | ""L (Death Note)"" | ""Von LMO""","""and as time progressed, he gained a highly-esteem | ""1939. The first Austrian Alpenfahrt after World W | ""in other media from the series, including video g",2.020857543945314,0.017181708013211,1.8141471852552848,1.4074109094605125,0.4762020560191971,5.921169346538348,12.9895614329535,10.333709297331705,78.41229527762442,8.54194982810365
1440,-9219689808672072116,1,Who sang i can't let maggie go?,"Honeybus, Equipe 84, J. Vincent Edwards, the Sideburns, Sideburns, David Essex OBE, David Albert Cook, David Essex",0.4615407316595242,0.5449583502679577,10,10,1.0,False,3.010987816527378,10.407257080078125,"Theppothsava | ""I Can't Let Maggie Go"" | ""House of Argavieso"" | ""Rampurhat II"" | ""Water supply and sanitation in Hong Kong""","""usually is celebrated over many days of festiviti | ""I Can't Let Maggie Go """"I Can't Let Maggie Go"""" i | ""He had four sons: Joan (deceased 1598), lord of B",2.063414916992187,0.021686937465223,2.240092785595241,1.3275506574988882,0.5291612213677463,4.3956653007404,7.400441866617439,8.788124038416452,78.05899838821897,7.1786861259823525
1451,-62521546794442829,1,For whom was the battle of king's mountain a victory?,"Patriot militia, Patriot, James Johnston, Joseph Winston, Benjamin Cleveland, Frederick Hambright, Joseph McDowell, Isaac Shelby, John Sevier, James Williams, William Campbell, William Chronicle",0.48035916432261205,0.5864322665044004,10,7,0.7,False,0.4239200275983486,1.316864013671875,"""Battle of Kings Mountain"" | ""Battle of Kings Mountain"" | ""Louisiana Hayride"" | ""Battle of Kings Mountain"" | ""Oriana Cinema""","""militia in the mountains caused Lord Cornwallis t | ""was a pivotal moment in the Southern campaign. Th | ""sports format and ceased producing the classic co",2.140144958496096,0.0278193970202797,3.849286638615304,1.2671325560843545,0.6936575738986153,5.143017903301274,7.80264128486272,9.573954240569169,81.28605178437076,8.187659879449276
1457,-1508717792785500238,1,Where did the name kellogg's come from?,"W.K. Kellogg, Will Keith Kellogg, Founder's last name, W. K. Kellogg",0.4959386521117284,0.5057018162161726,10,7,0.7,False,1.5136753971297296,5.082427978515625,"Dithyramb | ""Breakfast cereal"" | ""Kellogg's"" | ""Kellogg's"" | ""John Harvey Kellogg""","""last of his """"Vergessene Weisen"""" Op. 40 is a """"D | ""Institute in Battle Creek, established in 1866 by | ""of Battle Creek include Chicago, Dublin, Shanghai",1.888130645751948,0.0166102574684027,1.5373663772317292,1.1191976475538987,0.4686403398939973,7.515497423532571,16.167615263301446,11.91690166870568,73.06339776849552,10.307463756271575
1482,-8056895208806271453,1,What season of greys anatomy was the plane crash?,"season 8, season 11, 8, 11",0.47250753787505273,0.5521085647046442,10,4,0.4,False,2.0151024837956153,6.83221435546875,"""Charles-Robert Ageron"" | ""Flight (Grey's Anatomy)"" | ""Flight (Grey's Anatomy)"" | ""Flight (Grey's Anatomy)"" | ""Flight (Grey's Anatomy)""","""he presented his thesis on the situation of Musli | ""her to write the finale, adding: """"I did not enjo | ""Pickens, Jr.) plans his annual dinner for the dep",2.1340823364257773,0.0175261873131575,1.8671537002648464,1.3119550542832012,0.483108903388362,1.9820147502869223,3.665016643164555,5.341430857286818,52.56412761928591,4.3017100864469
1495,216821537911459918,1,Where was the opening of three's company filmed?,"Santa Monica Pier, Los Angeles Zoo in Griffith Park, 2912 4th Street in Santa Monica, Los Angeles Zoo, Griffith Park, Santa Monica",0.46145028475431393,0.5109843463995821,10,8,0.8,False,1.110583526205629,3.8720474243164062,"""The Company Men"" | ""Three's Company"" | ""Filming of James Bond in the 1970s"" | ""28 Weeks Later"" | ""Company (film)""","""bill. Frustrated and depressed, he commits suicid | ""somewhat effeminate; Barry Van Dyke, and future t | ""Filming of James Bond in the 1970s Films made in ",3.2032550048828146,0.0293211625954461,4.471222841054644,1.5196755642299409,0.5864641664608886,7.218969432841426,15.762150155193282,11.705899976278198,81.60822794133738,9.914140507050144
1514,5573505939742304283,1,Who was the ruler of france in 1830?,"Charles Philippe, Charles X, Louis-Philippe I",0.4561853791440925,0.5009590817701183,10,8,0.8,False,0.4098241325301665,1.3124771118164062,"""France in the long nineteenth century"" | ""Revolutions of 1830"" | ""French coup d'état of 1851"" | ""France in the long nineteenth century"" | France","""reforms (a democratic republic), socialist leader | ""Revolutions of 1830 The Revolutions of 1830 were  | ""was vested with the power of legislative initiati",3.1332093811035087,0.0324796908020444,5.650880833947908,1.2470416128938515,0.7923860474645136,5.844641518291602,12.612267201812031,10.221406679983197,80.98429753949986,8.429647210755139
1606,2215574890678862752,1,Who came up with a cure for tuberculosis?,"F.H. Ramadge, Albert Schatz, Elizabeth Bugie, and Selman Waksman, Walsh McDermott, Piero Sensi and Maria Teresa Timbal, Sensi, Timbal, Lepetit Pharmaceuticals, Albert Calmette and Camille Guérin",0.4819142687519449,0.5114515269885254,10,8,0.8,False,1.4438042847829455,4.0881500244140625,"""Jonathan Orr"" | ""History of tuberculosis"" | Tuberculosis | ""Halle Berry"" | ""History of medicine""","""released from the team on August 26, 2007. On Sep | ""the bacteria and observed that they died while ex | ""present in the Americas from about 100 AD. Before",1.290613555908208,0.012032110438955,0.8139550446803391,1.1072831084814514,0.3189739496965894,5.523285570127989,14.027549099805176,9.939937373336736,71.48326949204541,8.330499460902637
1621,-3536760774238573811,1,Who voices lindas mom in bob's burgers?,"Renée Taylor, Renee Taylor",0.478492356228395,0.5733091112206192,10,10,1.0,False,3.224641023900292,9.73681640625,"""Whitey Morgan and the 78's"" | ""Kristen Schaal"" | ""Irina Embrich"" | ""Bob's Burgers"" | ""Alison LaPlaca""","""and the 78's were signed to Bloodshot in the spri | ""the Year. Schaal wrote a book of humor, """"The Sex | ""the 4th place in world rankings. At the 2014 Euro",2.4056654357910143,0.0204278451379449,2.5726547510623634,1.3469637398644276,0.5670818670022834,3.5327645224994866,6.546258553178775,7.928051839751951,75.56689271025412,6.318613927317851
1630,-842455188565234888,1,Meaning of idiom make a mountain out of a molehill?,"metaphor for the common behaviour of responding disproportionately to something, where a person makes too much of a minor issue",0.48497865267698675,0.5386830974170698,10,7,0.7,False,3.135361099253259,9.238670349121094,"""St Teath"" | ""Mole (animal)"" | ""Make a mountain out of a molehill"" | ""Make a mountain out of a molehill"" | ""Make a mountain out of a molehill""","""at the first Tuesday in July had for several year | ""Mole (animal) Moles are small mammals adapted to  | ""that a study by psychologists found that with res",1.955490417480475,0.0193543132200914,2.160804473368357,1.37410720550183,0.48998916919644,5.969349830060166,8.098742490299802,10.295212533135151,81.78073917852107,8.68577462070105
1638,-6880146697940056679,1,Which came first huck finn or tom sawyer?,"Tom Sawyer, The Adventures of Tom Sawyer",0.5116206097171555,0.4953205296393356,10,10,1.0,False,1.4793525220679378,4.8080902099609375,"""Huckleberry Finn"" | ""Per Olof Hulth"" | ""Romuald I of Benevento"" | ""Honoré Langlé"" | ""Tom Sawyer & Huckleberry Finn""","""drawn Tom Blankenship exactly as he was. He was i | ""politician and former Commissioner of Finance of  | ""limiting the Imperial influence in the region. He",2.153808135986322,0.0332431841617986,6.031501725371198,1.0895233717748902,0.7089606080600904,6.770708079177696,12.76641788163929,11.153835590190994,81.80563979793956,8.956611012854772
1651,-6860482170220588451,1,When is season 3 of 800 words coming out?,"12 September 2017, 14 August 2018, 12 September 2017 - 2 October 2018",0.4868656464137582,0.5627276699477581,10,8,0.8,False,3.7344357855276056,11.172195434570312,"""800 Words"" | ""800 Words"" | ""The Great Book of Nature"" | ""Wakfu (TV series)"" | ""The Voice (Russian TV series)""","""800 Words 800 Words (stylised as 800 words) is an | ""cancelled the series after three seasons. George  | ""stories. This show was telecast in India in Just ",2.148656768798832,0.0251645050633913,3.6510204372761006,1.3070774995175585,0.7222010441575809,5.845228377708295,15.4744680827415,10.268093847897498,73.97351660632768,8.476334378669442
1686,2883496865481416696,1,Who ascended the throne of delhi sultante after the death of qutub ud din aibak?,"Aram Shah, Iltutmish, Shams ud-Din Iltutmish",0.4952726236166664,0.5383391586814604,10,9,0.9,False,1.0845239687042683,3.722076416015625,"""Bendix G-15"" | ""Delhi Sultanate"" | ""Gold extra"" | ""Peter Englander"" | ""Robert Pashley""","""other countries such as Australia and Canada. The | ""Islamic world. Muhammad of Ghor sought a Sunni Is | ""Austrian Ministry for Culture and Arts (2012), th",2.003365020751956,0.0167308963502005,1.6963290917108476,1.2121752887630572,0.4604792465072187,6.703783088428115,16.86076244386139,11.14970807914087,62.34807679290847,9.58899767009946
1723,-148173770753942299,1,Which monarch separated england from the catholic church?,Henry VIII,0.5201132239869729,0.4942363234697453,10,8,0.8,False,0.6012440017240331,1.6787948608398438,"""Monarchy of the United Kingdom"" | ""Separation of church and state"" | England | ""Church of England"" | ""Protestantism in the United Kingdom""","""was afraid that de Clare would make Ireland a riv | ""the beginning of the modern conception of separat | ""Death epidemic hit England; starting in 1348, it ",1.6007183837890613,0.0154806254333332,1.3086990602218085,1.0719130157939205,0.3302396932812348,4.590850925706056,13.171882989747456,8.549620486548145,81.92282596913512,6.596531973360395
1730,-1824443161858480246,1,Where did most of the fighting take place in ww1?,"Western Front, European theatre, Europe, Belgium, north-eastern France, Alsace-Lorraine, Luxembourg, western Germany, Belgium, France, Alsace-Lorraine, Luxembourg, western Germany, The Western Front",0.4865473815858399,0.5217080985446994,10,8,0.8,False,0.7215879556422133,2.7088546752929688,"""X-Men in other media"" | ""Attrition warfare"" | ""World War I"" | ""Role of geography in World War I"" | ""World War I""","""Shadowcat, and Nightcrawler. Several X-Men novels | ""a last resort, when other methods have failed or  | ""south to the Hindenburg Line. This ceded without ",1.8875337219238293,0.0154976000733367,1.445306588617823,1.243256507424476,0.3624796657140448,3.632756996779854,6.845152290188315,8.055423076356268,77.62866387921417,6.109512927300955
1739,-2034812474114210958,1,Who directed taylor swift out of the woods?,"Joseph Kahn, Joseph Khan, Joseph Jun-hee Kahn, Ahn Jun-hee, 안준희",0.4714348083611864,0.5154767961006972,10,8,0.8,False,1.8657185102281988,5.953460693359375,"""Out of the Woods (song)"" | ""Quiet Night (Seo Taiji album)"" | ""Into the Woods (film)"" | ""You're Not the One"" | ""Into the Woods (film)""","""it was going, if it was going to go anywhere, if  | ""(October 31), Seo performed the lead single and "" | ""the film had failed to adequately preserve the po",1.9874116516113207,0.0215109361961656,2.636627722427313,1.2274362786785584,0.5740892485523607,3.8673194387820127,5.784591535946334,7.405634909917512,71.90354267996427,6.118084579970233
1749,-2308736470761693477,1,Who wrote ill never love again a star is born?,"Lady Gaga, Natalie Hemby, Hillary Lindsey, Aaron Raitiere",0.43928113975105604,0.5081582933942986,10,7,0.7,False,0.9404423846903336,3.6475448608398438,"""A Star Is Born (1976 film)"" | Securin | ""Fré Cohen"" | ""Mick West"" | ""A Star Is Born (1976 film)""","""offer. Back at his LA mansion, John finds Quentin | ""in an anaphase-regulating network. Figure 4 depic | ""hospital in Hengelo. Her sister managed to surviv",2.0027137756347604,0.0191355254727616,2.1561586048037915,1.362119883138511,0.464344549316969,4.674122997490192,7.7444031353561025,9.048377673008243,80.48302728302667,7.438939760574145
1750,-2399174619307443697,1,Who ensures that the states abide by constitutional and federal law?,"Supreme Court, The United States Supreme Court, the supreme law, The supreme court",0.4674165808062963,0.5026657370535573,10,9,0.9,False,0.8274497048126069,2.3882598876953125,"""Garima Singh"" | ""Grinnell Glacier"" | ""Peter Jefferson"" | ""U.S. state"" | ""U.S. state""","""elector's feelings about the long-running family  | ""bacteria that grows on it. The glacier can be rea | ""County when his son Thomas was 14 years old. Pete",3.0774266052246046,0.0268292638987309,3.98511600880145,1.4201144815566944,0.6312777525623289,5.142698463514182,11.98556512066024,9.489260810428895,80.67740309078299,7.409819268749059
1755,-2495361140136830604,1,When did ernie first appear on my three sons?,"118, October 31, 1963, Season 4, November 7, 1963, 1963",0.4541368605284048,0.5243103694873429,10,5,0.5,False,1.1105927114528686,3.47637939453125,"""My Three Sons"" | ""My Three Sons"" | ""My Three Sons"" | ""Tall Paul"" | ""Tom Ford""","""headaches over both the boy and his dog. It also  | ""that he was also devoted to automobile racing, wh | ""My Three Sons My Three Sons is an American sitcom",3.1079591369628905,0.0294352751231351,4.615006459413905,1.4405258270910293,0.7595234080834758,6.086015158209374,13.395026541061664,10.507720696532909,80.87678176663933,8.71596122730485
1775,-4132076717883518820,1,How many steps in world health organization pain ladder?,3,0.5426662294854337,0.4910127896574425,10,9,0.9,False,2.897344603634289,8.416816711425781,"""Culture of Odisha"" | ""Pain ladder"" | ""Pain ladder"" | ""Exposure hierarchy"" | ""Pain in babies""","""""""tie-and-dye"""" technique used by the weavers of  | ""being debated in the clinical and research commun | ""mouth"""") when pain occurs, starting, if the patie",1.675739593505857,0.0157108744508593,1.340704467241996,1.0323870151462269,0.3491163477907141,6.099246222330932,15.25132453142729,10.052050681751956,81.80563979793956,8.098962168564208
1781,-4458163619164705695,1,Next in line to be king of britain?,"Charles Philip Arthur George, Charles, Duke of Cornwall, Charles, Prince of Wales, Charles, Duke of Rothesay",0.4967735503675473,0.5506633257479171,10,7,0.7,False,1.1668342527157523,4.014106750488281,"""Succession to the British throne"" | ""British prince"" | ""Succession to the British throne"" | ""Succession to the Crown Act 2013"" | ""Succession to the Crown Act 2015""","""Succession to the British throne Succession to th | ""a princess in her own right, gains the courtesy t | ""Abdication Act 1936, by which Edward VIII ceased ",1.9627468872070355,0.021821239485403,2.638041534388299,1.2885882201010372,0.5742431469321487,5.391890277496607,10.95267950569246,9.729765652731556,79.78078694267451,7.938006183503498
1838,-8147750339364479997,1,When was the clear and present danger test replaced?,"1969, Brandenburg v. Ohio, 395 U.S. 444 (1969), Clarence Brandenburg v. State of Ohio, Brandenburg v. Ohio",0.48769329344068,0.5553000886050043,10,4,0.4,False,1.0697963481702202,3.4250335693359375,"""Clear and present danger"" | ""Clear and present danger"" | ""Clear and present danger"" | ""The Annotated Alice"" | ""Clear and present danger""","""it suggested that """"imminent danger""""a more restr | ""was the bad tendency test. Rooted in English comm | ""United States"""" decisions (both of which cite """"S",1.4889450073242123,0.0146921617909775,1.1778482013687956,1.2144833067751055,0.383706952205846,5.611674018439736,11.863550170097277,10.041734239562029,74.95533352766556,8.655439878442136
1857,-8872690371148347951,1,Who played the mother in the wonder years?,Alley Mills,0.4928268794580232,0.5249519944623291,10,9,0.9,False,0.9192342901759337,2.4713973999023438,"""Wonder (film)"" | ""Wonder (film)"" | ""Beatrice Colen"" | ""Alley Mills"" | ""Diplomats and Military Commanders for Change""","""had departed from the project. In October 2014, J | ""accepted by his classmates. At the year-end gradu | ""the Family"""", """"The Love Boat"""", """""""" (1974, Prem",2.076698608398443,0.0209122550025208,2.495981619646866,1.2567744318087182,0.5585675451150542,4.950716043368102,9.50065847087224,9.40769959711331,82.03722893874941,7.328258055433475
1863,120017845241990502,1,Who dies in season 2 of orange is the new black?,"Vee Parker, and  Rosa Cisneros, Vee Parker, Vee, Yvonne Parker",0.4984676230480426,0.5223623807608028,10,9,0.9,False,1.6355881023428602,5.156280517578125,"""Orange Is the New Black (season 2)"" | ""Orange Is the New Black (season 2)"" | ""Infamous 2"" | ""Highlander II: The Quickening"" | ""The Black Bird""","""Supporting Actress – Series, Miniseries or Televi | ""Series. Uzo Aduba performance was awarded with th | ""can save the world is to turn his back on humanit",2.029559173583985,0.021714293164644,2.557646523901372,1.1132251591052842,0.4616678571496117,4.5167875384165,10.093419318596,8.969366163687328,79.72503787288132,7.023456014632014
1887,228510935925327011,1,The most common type of rock in earth's crust is?,"Mafic rocks, basalt, diabase, and gabbro, granite, felsic rocks, felsic, igneous",0.46109073680372115,0.5259294751611159,10,7,0.7,False,0.4946871631974955,1.6569442749023438,"""Crust (geology)"" | ""Crust (geology)"" | ""Mahinda (Buddhist monk)"" | ""Igneous rock"" | ""Plate tectonics""","""depth, reaching values typically in the range fro | ""the crust. The boundary between the crust and man | ""night of the month, a traditional time for religi",1.6138533020019548,0.0166472592688698,1.5858057862932038,1.4995768179033873,0.4452254746604808,3.846367458625496,7.177111416881977,7.517680512580768,78.91803308076456,6.024547621557389
