conv_id,turn_id,mean_similarity,sum_similarity,num_similarity_pairs,num_retrieved_documents
food_level3_dial26,1,0.7384625673294067,3655.3896484375,4950,100
food_level3_dial26,2,0.7547712922096252,3736.117919921875,4950,100
food_level3_dial26,3,0.7432234287261963,3678.9560546875,4950,100
food_level3_dial26,4,0.6912168264389038,3421.5234375,4950,100
food_level3_dial26,5,0.7278401255607605,3602.80859375,4950,100
food_level3_dial26,6,0.7120404243469238,3524.60009765625,4950,100
hobby_level1_dial16,1,0.7503369450569153,3714.16796875,4950,100
hobby_level1_dial16,2,0.7765160202980042,3843.75439453125,4950,100
hobby_level1_dial16,3,0.7912704944610596,3916.7890625,4950,100
hobby_level1_dial16,4,0.7694001793861389,3808.53076171875,4950,100
hobby_level1_dial16,5,0.7533634901046753,3729.1494140625,4950,100
hobby_level1_dial16,6,0.7478693127632141,3701.953125,4950,100
top25_dial5,1,0.7001570463180542,3465.77734375,4950,100
top25_dial5,2,0.769950270652771,3811.25390625,4950,100
top25_dial5,3,0.7807674407958984,3864.798828125,4950,100
food_level2_dial36,1,0.6878586411476135,3404.900390625,4950,100
food_level2_dial36,2,0.710170328617096,3515.34326171875,4950,100
food_level2_dial36,3,0.7291105389595032,3609.09716796875,4950,100
food_level2_dial36,4,0.7235218286514282,3581.43310546875,4950,100
food_level2_dial36,5,0.7607360482215881,3765.6435546875,4950,100
food_level3_dial27,1,0.74504554271698,3687.975341796875,4950,100
food_level3_dial27,2,0.7318477034568787,3622.64599609375,4950,100
food_level3_dial27,3,0.677588164806366,3354.061279296875,4950,100
food_level3_dial27,4,0.7706822156906128,3814.876953125,4950,100
food_level3_dial27,5,0.7426985502243042,3676.35791015625,4950,100
food_level3_dial27,6,0.7365572452545166,3645.95849609375,4950,100
food_level2_dial37,1,0.7218475937843323,3573.1455078125,4950,100
food_level2_dial37,2,0.7579806447029114,3752.004150390625,4950,100
food_level2_dial37,3,0.7765827178955078,3844.08447265625,4950,100
food_level2_dial37,4,0.7601339817047119,3762.663330078125,4950,100
food_level2_dial37,5,0.7520596385002136,3722.695068359375,4950,100
food_level2_dial37,6,0.7381386160850525,3653.7861328125,4950,100
food_level2_dial12,1,0.7743949890136719,3833.255126953125,4950,100
food_level2_dial12,2,0.7850329279899597,3885.9130859375,4950,100
food_level2_dial12,3,0.77933269739151,3857.69677734375,4950,100
food_level2_dial12,4,0.788846492767334,3904.7900390625,4950,100
food_level2_dial12,5,0.7798107266426086,3860.06298828125,4950,100
food_level2_dial12,6,0.7656506299972534,3789.970703125,4950,100
hobby_level2_dial2,1,0.7413738965988159,3669.80078125,4950,100
hobby_level2_dial2,2,0.7497147917747498,3711.088134765625,4950,100
hobby_level2_dial2,3,0.7528349161148071,3726.532958984375,4950,100
hobby_level2_dial2,4,0.7567898631095886,3746.10986328125,4950,100
hobby_level2_dial2,5,0.7522059679031372,3723.41943359375,4950,100
hobby_level2_dial2,6,0.734408438205719,3635.32177734375,4950,100
hobby_level3_dial33,1,0.7138677835464478,3533.6455078125,4950,100
hobby_level3_dial33,2,0.7591904401779175,3757.99267578125,4950,100
hobby_level3_dial33,3,0.7519477009773254,3722.14111328125,4950,100
hobby_level3_dial33,4,0.7252627611160278,3590.05078125,4950,100
hobby_level3_dial33,5,0.717860221862793,3553.408203125,4950,100
hobby_level3_dial33,6,0.7780947089195251,3851.56884765625,4950,100
food_level1_dial1,1,0.7356781959533691,3641.60693359375,4950,100
food_level1_dial1,2,0.7792220115661621,3857.14892578125,4950,100
hobby_level1_dial17,1,0.757249653339386,3748.3857421875,4950,100
hobby_level1_dial17,2,0.7579354047775269,3751.7802734375,4950,100
hobby_level1_dial17,3,0.7374348640441895,3650.302490234375,4950,100
hobby_level1_dial17,4,0.7052146196365356,3490.812255859375,4950,100
hobby_level1_dial17,5,0.7376190423965454,3651.21435546875,4950,100
hobby_level1_dial17,6,0.7288814783096313,3607.96337890625,4950,100
top25_dial23,1,0.7127236723899841,3527.982177734375,4950,100
top25_dial23,2,0.7479669451713562,3702.4365234375,4950,100
top25_dial23,3,0.7077779769897461,3503.5009765625,4950,100
top25_dial23,4,0.7176664471626282,3552.448974609375,4950,100
top25_dial23,5,0.744539737701416,3685.4716796875,4950,100
top25_dial23,6,0.6880687475204468,3405.940185546875,4950,100
food_level3_dial28,1,0.6530043482780457,3232.37158203125,4950,100
food_level3_dial28,2,0.7728555798530579,3825.635009765625,4950,100
food_level3_dial28,3,0.78288334608078,3875.2724609375,4950,100
food_level3_dial28,4,0.7773565053939819,3847.914794921875,4950,100
food_level3_dial28,5,0.7815078496932983,3868.4638671875,4950,100
food_level3_dial28,6,0.798722505569458,3953.67626953125,4950,100
hobby_level2_dial20,1,0.7436971664428711,3681.301025390625,4950,100
hobby_level2_dial20,2,0.7272629141807556,3599.951416015625,4950,100
hobby_level2_dial20,3,0.7427492737770081,3676.60888671875,4950,100
hobby_level2_dial20,4,0.7580260038375854,3752.228759765625,4950,100
hobby_level2_dial20,5,0.7624213695526123,3773.98583984375,4950,100
hobby_level2_dial20,6,0.7767289876937866,3844.808349609375,4950,100
top25_dial50,1,0.7931609153747559,3926.146484375,4950,100
top25_dial50,2,0.7720625400543213,3821.70947265625,4950,100
top25_dial50,3,0.7404354810714722,3665.15576171875,4950,100
top25_dial50,4,0.7416098713874817,3670.96875,4950,100
top25_dial50,5,0.7858091592788696,3889.75537109375,4950,100
top25_dial50,6,0.7864447832107544,3892.901611328125,4950,100
hobby_level3_dial34,1,0.7440736889839172,3683.164794921875,4950,100
hobby_level3_dial34,2,0.7848643660545349,3885.07861328125,4950,100
hobby_level3_dial34,3,0.7801262736320496,3861.625,4950,100
hobby_level3_dial34,4,0.7818120121955872,3869.969482421875,4950,100
hobby_level3_dial34,5,0.7071711421012878,3500.4970703125,4950,100
hobby_level3_dial34,6,0.7955146431922913,3937.797607421875,4950,100
food_level1_dial10,1,0.7489292621612549,3707.199951171875,4950,100
food_level1_dial10,2,0.7526856660842896,3725.7939453125,4950,100
food_level1_dial10,3,0.7495296001434326,3710.17138671875,4950,100
food_level1_dial10,4,0.7577002644538879,3750.6162109375,4950,100
food_level1_dial10,5,0.7325578331947327,3626.1611328125,4950,100
food_level1_dial10,6,0.7594961524009705,3759.505859375,4950,100
food_level2_dial38,1,0.7121497988700867,3525.141357421875,4950,100
food_level2_dial38,2,0.733944833278656,3633.02685546875,4950,100
food_level2_dial38,3,0.7521819472312927,3723.300537109375,4950,100
food_level2_dial38,4,0.7950932383537292,3935.71142578125,4950,100
food_level2_dial38,5,0.6727144718170166,3329.9365234375,4950,100
food_level2_dial38,6,0.8086966276168823,4003.04833984375,4950,100
food_level2_dial38,7,0.6287108063697815,3112.118408203125,4950,100
top25_dial24,1,0.6439314484596252,3187.460693359375,4950,100
top25_dial24,2,0.5903728008270264,2922.345458984375,4950,100
top25_dial24,3,0.6860146522521973,3395.7724609375,4950,100
top25_dial24,4,0.7517721056938171,3721.27197265625,4950,100
top25_dial24,5,0.7547763586044312,3736.14306640625,4950,100
top25_dial24,6,0.8066658973693848,3992.99609375,4950,100
food_level3_dial29,1,0.7480412721633911,3702.80419921875,4950,100
food_level3_dial29,2,0.7663875818252563,3793.618408203125,4950,100
food_level3_dial29,3,0.7477738261222839,3701.48046875,4950,100
food_level3_dial29,4,0.7445281744003296,3685.41455078125,4950,100
food_level3_dial29,5,0.7567247152328491,3745.787353515625,4950,100
food_level3_dial29,6,0.8157154321670532,4037.79150390625,4950,100
hobby_level2_dial9,1,0.6303732395172119,3120.347412109375,4950,100
hobby_level2_dial9,2,0.6953169107437134,3441.81884765625,4950,100
hobby_level2_dial9,3,0.6971960663795471,3451.12060546875,4950,100
hobby_level2_dial9,4,0.6647993326187134,3290.7568359375,4950,100
hobby_level2_dial9,5,0.6889047622680664,3410.07861328125,4950,100
top25_dial51,1,0.7685105800628662,3804.12744140625,4950,100
top25_dial51,2,0.7588775157928467,3756.44384765625,4950,100
top25_dial51,3,0.7905160784721375,3913.0546875,4950,100
top25_dial51,4,0.8330442309379578,4123.56884765625,4950,100
top25_dial51,5,0.7783723473548889,3852.943115234375,4950,100
top25_dial51,6,0.7944733500480652,3932.64306640625,4950,100
hobby_level3_dial35,1,0.7439987063407898,3682.79345703125,4950,100
hobby_level3_dial35,2,0.7332193851470947,3629.43603515625,4950,100
hobby_level3_dial35,3,0.7986128330230713,3953.133544921875,4950,100
hobby_level3_dial35,4,0.7265979051589966,3596.65966796875,4950,100
hobby_level3_dial35,5,0.7254441976547241,3590.94873046875,4950,100
hobby_level3_dial35,6,0.7691940665245056,3807.5107421875,4950,100
hobby_level3_dial35,7,0.6994008421897888,3462.0341796875,4950,100
food_level1_dial11,1,0.6786079406738281,3359.109375,4950,100
food_level1_dial11,2,0.7471264600753784,3698.27587890625,4950,100
food_level1_dial11,3,0.7626370191574097,3775.05322265625,4950,100
food_level1_dial11,4,0.7054873704910278,3492.16259765625,4950,100
food_level1_dial11,5,0.763595700263977,3779.798828125,4950,100
food_level1_dial11,6,0.6420924663543701,3178.357666015625,4950,100
hobby_level2_dial21,1,0.7347174882888794,3636.8515625,4950,100
hobby_level2_dial21,2,0.7020431756973267,3475.11376953125,4950,100
hobby_level2_dial21,3,0.8250422477722168,4083.959228515625,4950,100
hobby_level2_dial21,4,0.8344961404800415,4130.755859375,4950,100
food_level2_dial4,1,0.7441840171813965,3683.7109375,4950,100
food_level2_dial4,2,0.7445998191833496,3685.76904296875,4950,100
food_level2_dial4,3,0.7265626788139343,3596.4853515625,4950,100
food_level2_dial4,4,0.7579447031021118,3751.826416015625,4950,100
food_level2_dial4,5,0.6900811195373535,3415.901611328125,4950,100
food_level2_dial4,6,0.774167001247406,3832.126708984375,4950,100
hobby_level3_dial1,1,0.6876780986785889,3404.006591796875,4950,100
hobby_level3_dial1,2,0.7401641607284546,3663.8125,4950,100
hobby_level3_dial1,3,0.7250750660896301,3589.12158203125,4950,100
hobby_level3_dial1,4,0.7382446527481079,3654.31103515625,4950,100
hobby_level3_dial1,5,0.7268576622009277,3597.9453125,4950,100
hobby_level3_dial1,6,0.7128893733024597,3528.802490234375,4950,100
hobby_level1_dial18,1,0.8026065230369568,3972.90234375,4950,100
hobby_level1_dial18,2,0.7497962117195129,3711.4912109375,4950,100
hobby_level1_dial18,3,0.6986985802650452,3458.55810546875,4950,100
hobby_level1_dial18,4,0.6954728364944458,3442.590576171875,4950,100
hobby_level1_dial18,5,0.6923575401306152,3427.169677734375,4950,100
hobby_level1_dial18,6,0.6864499449729919,3397.92724609375,4950,100
food_level1_dial12,1,0.6452025175094604,3193.75244140625,4950,100
food_level1_dial12,2,0.7136586308479309,3532.6103515625,4950,100
food_level1_dial12,3,0.718420147895813,3556.1796875,4950,100
food_level1_dial12,4,0.762823760509491,3775.9775390625,4950,100
food_level1_dial12,5,0.7278771996498108,3602.9921875,4950,100
food_level1_dial12,6,0.7455652952194214,3690.54833984375,4950,100
top25_dial52,1,0.7890427708625793,3905.76171875,4950,100
top25_dial52,2,0.7950388789176941,3935.4423828125,4950,100
hobby_level3_dial36,1,0.7389460206031799,3657.78271484375,4950,100
hobby_level3_dial36,2,0.6928938031196594,3429.82421875,4950,100
hobby_level3_dial36,3,0.7380841970443726,3653.516845703125,4950,100
food_level3_dial3,1,0.7758344411849976,3840.38037109375,4950,100
food_level3_dial3,2,0.7451220154762268,3688.35400390625,4950,100
food_level3_dial3,3,0.7608805894851685,3766.35888671875,4950,100
food_level3_dial3,4,0.8085824847221375,4002.4833984375,4950,100
food_level3_dial3,5,0.7770988345146179,3846.63916015625,4950,100
food_level3_dial3,6,0.7556858658790588,3740.64501953125,4950,100
hobby_level2_dial22,1,0.6315878629684448,3126.35986328125,4950,100
hobby_level2_dial22,2,0.6390109062194824,3163.10400390625,4950,100
hobby_level2_dial22,3,0.8029611706733704,3974.65771484375,4950,100
hobby_level2_dial22,4,0.822120189666748,4069.494873046875,4950,100
hobby_level2_dial22,5,0.786526620388031,3893.306884765625,4950,100
hobby_level2_dial22,6,0.8139779567718506,4029.19091796875,4950,100
food_level2_dial5,1,0.7191668748855591,3559.8759765625,4950,100
food_level2_dial5,2,0.7370543479919434,3648.4189453125,4950,100
food_level2_dial5,3,0.7548732161521912,3736.622314453125,4950,100
food_level1_dial13,1,0.7592461705207825,3758.2685546875,4950,100
food_level1_dial13,2,0.742523729801178,3675.492431640625,4950,100
food_level1_dial13,3,0.7070854306221008,3500.07275390625,4950,100
hobby_level3_dial37,1,0.6450788378715515,3193.14013671875,4950,100
hobby_level3_dial37,2,0.7076537013053894,3502.8857421875,4950,100
hobby_level3_dial37,3,0.7593269348144531,3758.66845703125,4950,100
hobby_level3_dial37,4,0.8201227784156799,4059.607666015625,4950,100
hobby_level3_dial37,5,0.7529128789901733,3726.918701171875,4950,100
hobby_level3_dial37,6,0.7781782746315002,3851.982421875,4950,100
hobby_level3_dial10,1,0.7057129740715027,3493.279296875,4950,100
hobby_level3_dial10,2,0.7614781856536865,3769.31689453125,4950,100
hobby_level3_dial10,3,0.7362293601036072,3644.33544921875,4950,100
hobby_level3_dial10,4,0.817618191242218,4047.2099609375,4950,100
food_level2_dial13,1,0.7933454513549805,3927.06005859375,4950,100
food_level2_dial13,2,0.7376424670219421,3651.330078125,4950,100
food_level2_dial13,3,0.7295647859573364,3611.345703125,4950,100
food_level2_dial13,4,0.7309163808822632,3618.0361328125,4950,100
food_level2_dial13,5,0.7041365504264832,3485.475830078125,4950,100
food_level2_dial13,6,0.7329962849617004,3628.33154296875,4950,100
food_level3_dial30,1,0.7749931216239929,3836.216064453125,4950,100
food_level3_dial30,2,0.7747350335121155,3834.9384765625,4950,100
food_level3_dial30,3,0.7810432314872742,3866.1640625,4950,100
food_level3_dial30,4,0.7716464996337891,3819.650146484375,4950,100
food_level3_dial30,5,0.8057336807250977,3988.381591796875,4950,100
food_level3_dial30,6,0.7531459331512451,3728.072265625,4950,100
food_level3_dial30,7,0.7469203472137451,3697.255859375,4950,100
food_level1_dial14,1,0.774564266204834,3834.09326171875,4950,100
food_level1_dial14,2,0.750442624092102,3714.69091796875,4950,100
food_level1_dial14,3,0.7797448039054871,3859.73681640625,4950,100
food_level1_dial14,4,0.7405827641487122,3665.884765625,4950,100
food_level1_dial14,5,0.7613697648048401,3768.7802734375,4950,100
food_level1_dial14,6,0.7698347568511963,3810.68212890625,4950,100
hobby_level1_dial19,1,0.6624400019645691,3279.078125,4950,100
hobby_level1_dial19,2,0.751875638961792,3721.784423828125,4950,100
hobby_level1_dial19,3,0.7518439292907715,3721.62744140625,4950,100
hobby_level1_dial19,4,0.7538610100746155,3731.612060546875,4950,100
hobby_level1_dial19,5,0.8016430735588074,3968.13330078125,4950,100
hobby_level1_dial19,6,0.7594447135925293,3759.251220703125,4950,100
top25_dial53,1,0.7281738519668579,3604.460693359375,4950,100
top25_dial53,2,0.758681058883667,3755.47119140625,4950,100
top25_dial53,3,0.7657922506332397,3790.671630859375,4950,100
top25_dial53,4,0.7214576601982117,3571.21533203125,4950,100
top25_dial53,5,0.780290424823761,3862.4375,4950,100
top25_dial53,6,0.7904104590415955,3912.53173828125,4950,100
food_level3_dial31,1,0.6587610840797424,3260.867431640625,4950,100
food_level3_dial31,2,0.7204628586769104,3566.291015625,4950,100
food_level3_dial31,3,0.6828926801681519,3380.31884765625,4950,100
food_level3_dial31,4,0.7881189584732056,3901.18896484375,4950,100
food_level3_dial31,5,0.7034022808074951,3481.84130859375,4950,100
food_level3_dial31,6,0.7337508797645569,3632.06689453125,4950,100
hobby_level1_dial2,1,0.7750805616378784,3836.64892578125,4950,100
hobby_level1_dial2,2,0.7319031357765198,3622.920654296875,4950,100
hobby_level1_dial2,3,0.7815172076225281,3868.51025390625,4950,100
hobby_level1_dial2,4,0.7488400340080261,3706.75830078125,4950,100
hobby_level1_dial2,5,0.7296835780143738,3611.933837890625,4950,100
hobby_level1_dial2,6,0.6606003642082214,3269.9716796875,4950,100
food_level2_dial14,1,0.7259028553962708,3593.21923828125,4950,100
food_level2_dial14,2,0.7087304592132568,3508.2158203125,4950,100
food_level2_dial14,3,0.6853364706039429,3392.41552734375,4950,100
food_level2_dial14,4,0.7108976244926453,3518.943115234375,4950,100
food_level2_dial14,5,0.6791220903396606,3361.654296875,4950,100
food_level2_dial14,6,0.7399729490280151,3662.865966796875,4950,100
hobby_level3_dial38,1,0.7805891036987305,3863.916015625,4950,100
hobby_level3_dial38,2,0.7137666940689087,3533.145263671875,4950,100
hobby_level3_dial38,3,0.7117760181427002,3523.291259765625,4950,100
hobby_level3_dial38,4,0.7793272733688354,3857.669921875,4950,100
hobby_level3_dial38,5,0.7972604036331177,3946.43896484375,4950,100
hobby_level3_dial38,6,0.758486270904541,3754.507080078125,4950,100
hobby_level2_dial23,1,0.7691771984100342,3807.42724609375,4950,100
hobby_level2_dial23,2,0.7059097290039062,3494.253173828125,4950,100
hobby_level2_dial23,3,0.7454635500907898,3690.04443359375,4950,100
hobby_level2_dial23,4,0.7220461964607239,3574.128662109375,4950,100
hobby_level2_dial23,5,0.7632490992546082,3778.0830078125,4950,100
hobby_level2_dial23,6,0.7980946898460388,3950.56884765625,4950,100
hobby_level3_dial11,1,0.7221856713294983,3574.819091796875,4950,100
hobby_level3_dial11,2,0.7972004413604736,3946.14208984375,4950,100
hobby_level3_dial11,3,0.729985237121582,3613.427001953125,4950,100
hobby_level3_dial11,4,0.7390666604042053,3658.3798828125,4950,100
hobby_level3_dial11,5,0.7204779982566833,3566.3662109375,4950,100
hobby_level3_dial11,6,0.7745641469955444,3834.092529296875,4950,100
hobby_level3_dial11,7,0.721152663230896,3569.70556640625,4950,100
food_level1_dial15,1,0.816091001033783,4039.650390625,4950,100
food_level1_dial15,2,0.7957546710968018,3938.985595703125,4950,100
food_level1_dial15,3,0.7758777141571045,3840.5947265625,4950,100
food_level1_dial15,4,0.7476299405097961,3700.76806640625,4950,100
food_level1_dial15,5,0.7412114143371582,3668.99658203125,4950,100
food_level1_dial15,6,0.6609082818031311,3271.495849609375,4950,100
food_level3_dial32,1,0.7422772645950317,3674.2724609375,4950,100
food_level3_dial32,2,0.7870732545852661,3896.0126953125,4950,100
food_level3_dial32,3,0.7481105923652649,3703.1474609375,4950,100
food_level3_dial32,4,0.7686703205108643,3804.91796875,4950,100
food_level3_dial32,5,0.7592134475708008,3758.106689453125,4950,100
food_level3_dial32,6,0.7611030340194702,3767.4599609375,4950,100
top25_dial25,1,0.8189656734466553,4053.880126953125,4950,100
top25_dial25,2,0.7901836037635803,3911.40869140625,4950,100
top25_dial25,3,0.7949215769767761,3934.86181640625,4950,100
top25_dial25,4,0.7783207893371582,3852.68798828125,4950,100
top25_dial25,5,0.7886627912521362,3903.880859375,4950,100
top25_dial25,6,0.7909917831420898,3915.4091796875,4950,100
hobby_level3_dial4,1,0.7543127536773682,3733.84814453125,4950,100
hobby_level3_dial4,2,0.6781162023544312,3356.67529296875,4950,100
hobby_level3_dial4,3,0.772533118724823,3824.0390625,4950,100
hobby_level1_dial20,1,0.7466233968734741,3695.785888671875,4950,100
hobby_level1_dial20,2,0.7421886920928955,3673.833984375,4950,100
hobby_level1_dial20,3,0.7725432515144348,3824.089111328125,4950,100
hobby_level1_dial20,4,0.7202121615409851,3565.05029296875,4950,100
hobby_level1_dial20,5,0.7377249002456665,3651.73828125,4950,100
hobby_level1_dial20,6,0.6859480738639832,3395.44287109375,4950,100
food_level2_dial15,1,0.7729697227478027,3826.2001953125,4950,100
food_level2_dial15,2,0.7571536898612976,3747.91064453125,4950,100
food_level2_dial15,3,0.7379820942878723,3653.01123046875,4950,100
food_level2_dial15,4,0.7256229519844055,3591.83349609375,4950,100
food_level2_dial15,5,0.7473471164703369,3699.3681640625,4950,100
food_level2_dial15,6,0.7387782335281372,3656.9521484375,4950,100
food_level3_dial33,1,0.765899658203125,3791.203369140625,4950,100
food_level3_dial33,2,0.8036870956420898,3978.2509765625,4950,100
food_level3_dial33,3,0.7753781676292419,3838.1220703125,4950,100
food_level3_dial33,4,0.7753732800483704,3838.09765625,4950,100
hobby_level3_dial13,1,0.7705206274986267,3814.0771484375,4950,100
hobby_level3_dial13,2,0.7882677912712097,3901.925537109375,4950,100
hobby_level3_dial13,3,0.7277172803878784,3602.20068359375,4950,100
hobby_level3_dial13,4,0.7066842913627625,3498.087158203125,4950,100
hobby_level3_dial13,5,0.7710819840431213,3816.85595703125,4950,100
hobby_level3_dial13,6,0.7772287130355835,3847.281982421875,4950,100
food_level1_dial16,1,0.7152884602546692,3540.677734375,4950,100
food_level1_dial16,2,0.7427082061767578,3676.40576171875,4950,100
food_level1_dial16,3,0.7451468706130981,3688.47705078125,4950,100
food_level1_dial16,4,0.7722079157829285,3822.42919921875,4950,100
food_level1_dial16,5,0.760714590549469,3765.537109375,4950,100
food_level1_dial16,6,0.7591795921325684,3757.93896484375,4950,100
food_level2_dial16,1,0.7176488637924194,3552.36181640625,4950,100
food_level2_dial16,2,0.7498865723609924,3711.9384765625,4950,100
food_level2_dial16,3,0.766409158706665,3793.725341796875,4950,100
food_level2_dial16,4,0.7351353168487549,3638.919921875,4950,100
food_level2_dial16,5,0.7689181566238403,3806.144775390625,4950,100
food_level2_dial16,6,0.6875132918357849,3403.190673828125,4950,100
hobby_level3_dial5,1,0.6770188212394714,3351.2431640625,4950,100
hobby_level3_dial5,2,0.6540547013282776,3237.57080078125,4950,100
hobby_level3_dial5,3,0.6463828682899475,3199.59521484375,4950,100
hobby_level3_dial5,4,0.7362661957740784,3644.517578125,4950,100
hobby_level3_dial5,5,0.6313807964324951,3125.3349609375,4950,100
hobby_level3_dial5,6,0.6771435141563416,3351.8603515625,4950,100
food_level3_dial34,1,0.6923772692680359,3427.267578125,4950,100
food_level3_dial34,2,0.7055626511573792,3492.53515625,4950,100
food_level3_dial34,3,0.6390100121498108,3163.099609375,4950,100
food_level3_dial34,4,0.7499035000801086,3712.022216796875,4950,100
food_level3_dial34,5,0.7568403482437134,3746.359619140625,4950,100
food_level3_dial34,6,0.7714599370956421,3818.7265625,4950,100
food_level1_dial17,1,0.6768733263015747,3350.52294921875,4950,100
food_level1_dial17,2,0.763711154460907,3780.3701171875,4950,100
food_level1_dial17,3,0.7426071763038635,3675.905517578125,4950,100
food_level1_dial17,4,0.7455161809921265,3690.30517578125,4950,100
food_level1_dial17,5,0.7576449513435364,3750.342529296875,4950,100
food_level1_dial17,6,0.7290040254592896,3608.56982421875,4950,100
food_level2_dial17,1,0.8014076948165894,3966.968017578125,4950,100
food_level2_dial17,2,0.7003224492073059,3466.59619140625,4950,100
food_level2_dial17,3,0.7848502397537231,3885.0087890625,4950,100
food_level2_dial17,4,0.7684385180473328,3803.770751953125,4950,100
food_level2_dial17,5,0.7446586489677429,3686.060302734375,4950,100
food_level2_dial17,6,0.7712135910987854,3817.50732421875,4950,100
top25_dial54,1,0.7847937345504761,3884.72900390625,4950,100
top25_dial54,2,0.8048058748245239,3983.7890625,4950,100
top25_dial54,3,0.7753652930259705,3838.05810546875,4950,100
top25_dial26,1,0.7443947196006775,3684.75390625,4950,100
top25_dial26,2,0.7491778135299683,3708.43017578125,4950,100
top25_dial26,3,0.750149667263031,3713.240966796875,4950,100
top25_dial26,4,0.7984916567802429,3952.53369140625,4950,100
top25_dial26,5,0.6617171168327332,3275.499755859375,4950,100
top25_dial26,6,0.7005087733268738,3467.518310546875,4950,100
food_level1_dial18,1,0.7257956266403198,3592.6884765625,4950,100
food_level1_dial18,2,0.7364187836647034,3645.27294921875,4950,100
food_level1_dial18,3,0.7394283413887024,3660.17041015625,4950,100
food_level1_dial18,4,0.7426313161849976,3676.02490234375,4950,100
food_level1_dial18,5,0.7856096029281616,3888.767578125,4950,100
food_level1_dial18,6,0.683793306350708,3384.77685546875,4950,100
hobby_level3_dial15,1,0.639891505241394,3167.462890625,4950,100
hobby_level3_dial15,2,0.778944730758667,3855.7763671875,4950,100
hobby_level3_dial15,3,0.7303271293640137,3615.119384765625,4950,100
hobby_level3_dial15,4,0.7435789704322815,3680.7158203125,4950,100
hobby_level3_dial15,5,0.6706339716911316,3319.63818359375,4950,100
hobby_level3_dial15,6,0.7895137667655945,3908.09326171875,4950,100
food_level2_dial6,1,0.7806923985481262,3864.42724609375,4950,100
food_level2_dial6,2,0.7864944338798523,3893.1474609375,4950,100
food_level2_dial6,3,0.8039300441741943,3979.45361328125,4950,100
food_level2_dial6,4,0.8051275610923767,3985.38134765625,4950,100
food_level2_dial6,5,0.7794064879417419,3858.06201171875,4950,100
food_level2_dial6,6,0.698239266872406,3456.284423828125,4950,100
hobby_level1_dial21,1,0.7618484497070312,3771.14990234375,4950,100
hobby_level1_dial21,2,0.7754137516021729,3838.298095703125,4950,100
hobby_level1_dial21,3,0.7856146693229675,3888.79248046875,4950,100
hobby_level1_dial21,4,0.7642408013343811,3782.991943359375,4950,100
hobby_level1_dial21,5,0.8052325248718262,3985.90087890625,4950,100
hobby_level1_dial21,6,0.7889693975448608,3905.3984375,4950,100
food_level3_dial35,1,0.7684345841407776,3803.751220703125,4950,100
food_level3_dial35,2,0.7319560050964355,3623.18212890625,4950,100
food_level3_dial35,3,0.7417891025543213,3671.856201171875,4950,100
food_level3_dial35,4,0.7304846048355103,3615.89892578125,4950,100
food_level3_dial35,5,0.7563765645027161,3744.06396484375,4950,100
food_level3_dial35,6,0.7128487229347229,3528.601318359375,4950,100
hobby_level3_dial16,1,0.6647046208381653,3290.287841796875,4950,100
hobby_level3_dial16,2,0.6573638916015625,3253.951171875,4950,100
hobby_level3_dial16,3,0.6897456645965576,3414.240966796875,4950,100
hobby_level3_dial16,4,0.7827644348144531,3874.68408203125,4950,100
hobby_level3_dial16,5,0.7870745658874512,3896.01904296875,4950,100
hobby_level3_dial16,6,0.7401047945022583,3663.518798828125,4950,100
hobby_level3_dial6,1,0.762474000453949,3774.246337890625,4950,100
hobby_level3_dial6,2,0.7902701497077942,3911.837158203125,4950,100
hobby_level3_dial6,3,0.8348299264907837,4132.408203125,4950,100
hobby_level3_dial6,4,0.7652556896209717,3788.015625,4950,100
hobby_level3_dial6,5,0.7479843497276306,3702.5224609375,4950,100
hobby_level3_dial6,6,0.7121791839599609,3525.286865234375,4950,100
food_level2_dial7,1,0.7330788969993591,3628.740478515625,4950,100
food_level2_dial7,2,0.7873433828353882,3897.349609375,4950,100
food_level2_dial7,3,0.8124115467071533,4021.43701171875,4950,100
food_level2_dial7,4,0.8175098896026611,4046.673828125,4950,100
food_level2_dial7,5,0.7256669998168945,3592.0517578125,4950,100
food_level2_dial7,6,0.7309445738792419,3618.17578125,4950,100
hobby_level1_dial22,1,0.7147300243377686,3537.91357421875,4950,100
hobby_level1_dial22,2,0.6932446360588074,3431.56103515625,4950,100
hobby_level1_dial22,3,0.7492679953575134,3708.87646484375,4950,100
hobby_level1_dial22,4,0.7446116209030151,3685.827392578125,4950,100
hobby_level1_dial22,5,0.7319609522819519,3623.206787109375,4950,100
hobby_level1_dial22,6,0.7708305716514587,3815.611328125,4950,100
food_level1_dial19,1,0.638039231300354,3158.294189453125,4950,100
food_level1_dial19,2,0.7365536689758301,3645.940673828125,4950,100
food_level1_dial19,3,0.7029067277908325,3479.38818359375,4950,100
food_level1_dial19,4,0.7224863171577454,3576.30712890625,4950,100
top25_dial55,1,0.7315472960472107,3621.1591796875,4950,100
top25_dial55,2,0.632567286491394,3131.2080078125,4950,100
top25_dial55,3,0.770878255367279,3815.847412109375,4950,100
top25_dial55,4,0.7686177492141724,3804.65771484375,4950,100
top25_dial55,5,0.831386923789978,4115.365234375,4950,100
top25_dial55,6,0.7898503541946411,3909.75927734375,4950,100
food_level3_dial36,1,0.7287894487380981,3607.5078125,4950,100
food_level3_dial36,2,0.7712243795394897,3817.560546875,4950,100
food_level3_dial36,3,0.7541096806526184,3732.8427734375,4950,100
food_level3_dial36,4,0.7562249898910522,3743.313720703125,4950,100
food_level3_dial36,5,0.7509127259254456,3717.01806640625,4950,100
food_level3_dial36,6,0.7454398274421692,3689.92724609375,4950,100
hobby_level3_dial17,1,0.7487398386001587,3706.26220703125,4950,100
hobby_level3_dial17,2,0.75408536195755,3732.72265625,4950,100
hobby_level3_dial17,3,0.6727418303489685,3330.072021484375,4950,100
hobby_level3_dial17,4,0.765335202217102,3788.4091796875,4950,100
hobby_level3_dial17,5,0.7286452651023865,3606.7939453125,4950,100
hobby_level3_dial17,6,0.683459997177124,3383.126953125,4950,100
hobby_level1_dial23,1,0.7500355839729309,3712.67626953125,4950,100
hobby_level1_dial23,2,0.7772401571273804,3847.3388671875,4950,100
hobby_level1_dial23,3,0.764910101890564,3786.304931640625,4950,100
hobby_level1_dial23,4,0.7772892117500305,3847.58154296875,4950,100
hobby_level1_dial23,5,0.797605574131012,3948.1474609375,4950,100
hobby_level1_dial23,6,0.7190577387809753,3559.3359375,4950,100
hobby_level3_dial7,1,0.7763521075248718,3842.94287109375,4950,100
hobby_level3_dial7,2,0.7629122138023376,3776.41552734375,4950,100
hobby_level3_dial7,3,0.7938195466995239,3929.40673828125,4950,100
hobby_level3_dial7,4,0.7871835827827454,3896.55859375,4950,100
hobby_level3_dial7,5,0.7909663319587708,3915.283203125,4950,100
hobby_level3_dial7,6,0.7966635823249817,3943.48486328125,4950,100
food_level2_dial8,1,0.7288274168968201,3607.69580078125,4950,100
food_level2_dial8,2,0.8017151951789856,3968.490234375,4950,100
food_level2_dial8,3,0.7453370690345764,3689.41845703125,4950,100
food_level2_dial8,4,0.7528701424598694,3726.707275390625,4950,100
food_level2_dial8,5,0.7286635637283325,3606.884765625,4950,100
food_level2_dial8,6,0.7024896144866943,3477.323486328125,4950,100
top25_dial27,1,0.6739387512207031,3335.996826171875,4950,100
top25_dial27,2,0.6800410747528076,3366.203369140625,4950,100
top25_dial27,3,0.7635233402252197,3779.4404296875,4950,100
top25_dial27,4,0.8044992685317993,3982.271484375,4950,100
top25_dial27,5,0.8296266198158264,4106.65185546875,4950,100
top25_dial27,6,0.8024367690086365,3972.06201171875,4950,100
food_level2_dial9,1,0.7317073941230774,3621.95166015625,4950,100
food_level2_dial9,2,0.7400506138801575,3663.25048828125,4950,100
food_level2_dial9,3,0.7612757682800293,3768.315185546875,4950,100
food_level2_dial9,4,0.7336520552635193,3631.57763671875,4950,100
food_level2_dial9,5,0.7608240842819214,3766.0791015625,4950,100
food_level2_dial9,6,0.7600464820861816,3762.22998046875,4950,100
hobby_level2_dial24,1,0.7421042323112488,3673.416015625,4950,100
hobby_level2_dial24,2,0.772588312625885,3824.312255859375,4950,100
hobby_level2_dial24,3,0.7677989602088928,3800.60498046875,4950,100
hobby_level2_dial24,4,0.7586697936058044,3755.41552734375,4950,100
hobby_level2_dial24,5,0.7912665009498596,3916.76904296875,4950,100
hobby_level2_dial24,6,0.7729783654212952,3826.242919921875,4950,100
hobby_level2_dial24,7,0.7845422029495239,3883.48388671875,4950,100
hobby_level1_dial3,1,0.7902445793151855,3911.710693359375,4950,100
hobby_level1_dial3,2,0.8192306160926819,4055.19140625,4950,100
hobby_level1_dial3,3,0.7413254380226135,3669.560791015625,4950,100
hobby_level1_dial3,4,0.7416826486587524,3671.3291015625,4950,100
hobby_level1_dial3,5,0.7283204197883606,3605.18603515625,4950,100
hobby_level1_dial3,6,0.780463457107544,3863.294189453125,4950,100
food_level1_dial2,1,0.7829347252845764,3875.52685546875,4950,100
food_level1_dial2,2,0.7307454347610474,3617.18994140625,4950,100
food_level1_dial2,3,0.7675952315330505,3799.596435546875,4950,100
food_level1_dial2,4,0.7977427840232849,3948.826904296875,4950,100
food_level1_dial2,5,0.7520728707313538,3722.7607421875,4950,100
food_level1_dial2,6,0.6909860968589783,3420.381103515625,4950,100
food_level1_dial2,7,0.7122722268104553,3525.74755859375,4950,100
food_level2_dial19,1,0.6602323055267334,3268.14990234375,4950,100
food_level2_dial19,2,0.5961741209030151,2951.06201171875,4950,100
food_level2_dial19,3,0.6794807314872742,3363.4296875,4950,100
food_level2_dial19,4,0.7295994162559509,3611.51708984375,4950,100
food_level2_dial19,5,0.7941080927848816,3930.835205078125,4950,100
food_level2_dial19,6,0.8403943777084351,4159.9521484375,4950,100
hobby_level2_dial25,1,0.7505921721458435,3715.43115234375,4950,100
hobby_level2_dial25,2,0.7630735635757446,3777.214111328125,4950,100
hobby_level2_dial25,3,0.7309814095497131,3618.35791015625,4950,100
hobby_level2_dial25,4,0.750491738319397,3714.93408203125,4950,100
hobby_level2_dial25,5,0.7112212777137756,3520.54541015625,4950,100
hobby_level2_dial25,6,0.7464953660964966,3695.152099609375,4950,100
hobby_level3_dial18,1,0.7501963973045349,3713.47216796875,4950,100
hobby_level3_dial18,2,0.7632148265838623,3777.913330078125,4950,100
hobby_level3_dial18,3,0.6994681358337402,3462.3671875,4950,100
hobby_level3_dial18,4,0.633019745349884,3133.44775390625,4950,100
hobby_level3_dial18,5,0.7598229050636292,3761.123291015625,4950,100
hobby_level3_dial18,6,0.722655177116394,3577.14306640625,4950,100
food_level3_dial37,1,0.6966888904571533,3448.60986328125,4950,100
food_level3_dial37,2,0.6932752132415771,3431.712158203125,4950,100
food_level3_dial37,3,0.7705225348472595,3814.08642578125,4950,100
food_level3_dial37,4,0.7914857864379883,3917.854736328125,4950,100
food_level3_dial37,5,0.7651939988136292,3787.710205078125,4950,100
food_level3_dial37,6,0.6884116530418396,3407.6376953125,4950,100
hobby_level3_dial8,1,0.8059208989143372,3989.30859375,4950,100
hobby_level3_dial8,2,0.7749157547950745,3835.8330078125,4950,100
hobby_level3_dial8,3,0.7840353846549988,3880.97509765625,4950,100
hobby_level3_dial8,4,0.7663647532463074,3793.505615234375,4950,100
hobby_level3_dial8,5,0.7820613384246826,3871.20361328125,4950,100
hobby_level3_dial8,6,0.784456193447113,3883.05810546875,4950,100
food_level3_dial38,1,0.7096835970878601,3512.933837890625,4950,100
food_level3_dial38,2,0.7735941410064697,3829.291015625,4950,100
food_level3_dial38,3,0.6966715455055237,3448.524169921875,4950,100
food_level3_dial38,4,0.7580273747444153,3752.235595703125,4950,100
food_level3_dial38,5,0.6734269261360168,3333.46337890625,4950,100
food_level3_dial38,6,0.7653730511665344,3788.5966796875,4950,100
top25_dial56,1,0.7418193221092224,3672.005615234375,4950,100
top25_dial56,2,0.7259118556976318,3593.263671875,4950,100
top25_dial56,3,0.7176951766014099,3552.591064453125,4950,100
top25_dial56,4,0.6864615678787231,3397.984619140625,4950,100
top25_dial56,5,0.7327182292938232,3626.955322265625,4950,100
top25_dial56,6,0.6403781175613403,3169.87158203125,4950,100
top25_dial28,1,0.691581666469574,3423.329345703125,4950,100
top25_dial28,2,0.7614140510559082,3768.99951171875,4950,100
top25_dial28,3,0.7740123271942139,3831.361083984375,4950,100
top25_dial28,4,0.802041232585907,3970.10400390625,4950,100
top25_dial28,5,0.7748672962188721,3835.59326171875,4950,100
top25_dial28,6,0.7315676212310791,3621.259765625,4950,100
top25_dial28,7,0.7754706144332886,3838.57958984375,4950,100
hobby_level1_dial4,1,0.7435970902442932,3680.8056640625,4950,100
hobby_level1_dial4,2,0.7517468333244324,3721.146728515625,4950,100
hobby_level1_dial4,3,0.7480785250663757,3702.98876953125,4950,100
hobby_level1_dial4,4,0.7298570871353149,3612.79248046875,4950,100
hobby_level1_dial4,5,0.7593490481376648,3758.77783203125,4950,100
hobby_level1_dial4,6,0.7655504941940308,3789.474853515625,4950,100
hobby_level1_dial4,7,0.7329310774803162,3628.0087890625,4950,100
hobby_level3_dial9,1,0.7034210562705994,3481.93408203125,4950,100
hobby_level3_dial9,2,0.6961848139762878,3446.11474609375,4950,100
hobby_level3_dial9,3,0.7500187158584595,3712.592529296875,4950,100
hobby_level3_dial19,1,0.7563384771347046,3743.87548828125,4950,100
hobby_level3_dial19,2,0.7557528018951416,3740.976318359375,4950,100
hobby_level3_dial19,3,0.7538459897041321,3731.53759765625,4950,100
hobby_level3_dial19,4,0.7628821134567261,3776.266357421875,4950,100
hobby_level3_dial19,5,0.7696520090103149,3809.77734375,4950,100
hobby_level3_dial19,6,0.717623233795166,3552.23486328125,4950,100
hobby_level3_dial19,7,0.7442865371704102,3684.218505859375,4950,100
hobby_level2_dial26,1,0.6739102005958557,3335.85546875,4950,100
hobby_level2_dial26,2,0.706381618976593,3496.5888671875,4950,100
hobby_level2_dial26,3,0.6667658090591431,3300.49072265625,4950,100
hobby_level2_dial26,4,0.7849897146224976,3885.69921875,4950,100
hobby_level2_dial26,5,0.8653783202171326,4283.62255859375,4950,100
hobby_level2_dial26,6,0.6442937254905701,3189.25390625,4950,100
food_level2_dial2,1,0.7739397883415222,3831.001953125,4950,100
food_level2_dial2,2,0.7540574669837952,3732.58447265625,4950,100
food_level2_dial2,3,0.7554532289505005,3739.493408203125,4950,100
food_level2_dial2,4,0.7043917775154114,3486.7392578125,4950,100
food_level2_dial2,5,0.7331794500350952,3629.23828125,4950,100
food_level2_dial2,6,0.7835829854011536,3878.73583984375,4950,100
hobby_level2_dial27,1,0.7634046673774719,3778.85302734375,4950,100
hobby_level2_dial27,2,0.7299791574478149,3613.396728515625,4950,100
hobby_level2_dial27,3,0.7297812700271606,3612.417236328125,4950,100
hobby_level2_dial27,4,0.6697280406951904,3315.15380859375,4950,100
hobby_level2_dial27,5,0.7233314514160156,3580.49072265625,4950,100
hobby_level2_dial27,6,0.7176284193992615,3552.2607421875,4950,100
food_level1_dial20,1,0.7515270113945007,3720.05859375,4950,100
food_level1_dial20,2,0.7601366639137268,3762.676513671875,4950,100
food_level1_dial20,3,0.7839099764823914,3880.3544921875,4950,100
food_level1_dial20,4,0.7494574189186096,3709.814208984375,4950,100
food_level1_dial20,5,0.7530755996704102,3727.72412109375,4950,100
food_level1_dial20,6,0.6521440744400024,3228.11328125,4950,100
hobby_level3_dial2,1,0.6905158162117004,3418.05322265625,4950,100
hobby_level3_dial2,2,0.7575828433036804,3750.03515625,4950,100
hobby_level3_dial2,3,0.7934215068817139,3927.4365234375,4950,100
hobby_level3_dial2,4,0.7906779646873474,3913.85595703125,4950,100
hobby_level3_dial2,5,0.8018425703048706,3969.120849609375,4950,100
hobby_level3_dial2,6,0.7594058513641357,3759.05908203125,4950,100
food_level2_dial20,1,0.6774030327796936,3353.14501953125,4950,100
food_level2_dial20,2,0.7526388168334961,3725.562255859375,4950,100
food_level2_dial20,3,0.7449138760566711,3687.32373046875,4950,100
top25_dial29,1,0.6037998795509338,2988.809326171875,4950,100
top25_dial29,2,0.5854154229164124,2897.806396484375,4950,100
top25_dial29,3,0.7870540618896484,3895.91748046875,4950,100
top25_dial29,4,0.743408203125,3679.87060546875,4950,100
top25_dial29,5,0.6841142177581787,3386.365478515625,4950,100
top25_dial29,6,0.8360841870307922,4138.61669921875,4950,100
food_level3_dial1,1,0.7592963576316833,3758.51708984375,4950,100
food_level3_dial1,2,0.7620157599449158,3771.97802734375,4950,100
food_level3_dial1,3,0.7822079658508301,3871.929443359375,4950,100
food_level3_dial1,4,0.7643808722496033,3783.685302734375,4950,100
food_level3_dial1,5,0.8327383399009705,4122.0546875,4950,100
food_level3_dial1,6,0.7713940143585205,3818.400390625,4950,100
hobby_level3_dial20,1,0.6695586442947388,3314.315185546875,4950,100
hobby_level3_dial20,2,0.7340844869613647,3633.71826171875,4950,100
hobby_level3_dial20,3,0.6971374750137329,3450.83056640625,4950,100
hobby_level3_dial20,4,0.7041553258895874,3485.56884765625,4950,100
hobby_level3_dial20,5,0.7302579283714294,3614.77685546875,4950,100
hobby_level3_dial20,6,0.6748306751251221,3340.411865234375,4950,100
top25_dial57,1,0.6672530174255371,3302.90234375,4950,100
top25_dial57,2,0.7210960388183594,3569.42529296875,4950,100
top25_dial57,3,0.8390697836875916,4153.3955078125,4950,100
top25_dial57,4,0.6646571755409241,3290.052978515625,4950,100
top25_dial57,5,0.8238459825515747,4078.03759765625,4950,100
top25_dial57,6,0.7787209153175354,3854.66845703125,4950,100
food_level1_dial21,1,0.7047253847122192,3488.390625,4950,100
food_level1_dial21,2,0.7595921158790588,3759.98095703125,4950,100
food_level1_dial21,3,0.7581462860107422,3752.82421875,4950,100
food_level1_dial21,4,0.7740033864974976,3831.31689453125,4950,100
food_level1_dial21,5,0.7585351467132568,3754.7490234375,4950,100
food_level1_dial21,6,0.7736000418663025,3829.3203125,4950,100
hobby_level2_dial28,1,0.7177956104278564,3553.08837890625,4950,100
hobby_level2_dial28,2,0.7665647268295288,3794.495361328125,4950,100
hobby_level2_dial28,3,0.7565042972564697,3744.6962890625,4950,100
hobby_level2_dial28,4,0.7483526468276978,3704.345703125,4950,100
hobby_level2_dial28,5,0.7424426078796387,3675.0908203125,4950,100
hobby_level2_dial28,6,0.663245677947998,3283.066162109375,4950,100
top25_dial3,1,0.6880506277084351,3405.8505859375,4950,100
top25_dial3,2,0.7555288076400757,3739.86767578125,4950,100
top25_dial3,3,0.73291015625,3627.9052734375,4950,100
top25_dial3,4,0.7532159686088562,3728.4189453125,4950,100
top25_dial3,5,0.7402765154838562,3664.368896484375,4950,100
top25_dial3,6,0.7312077879905701,3619.478515625,4950,100
top25_dial3,7,0.7380906939506531,3653.548828125,4950,100
food_level3_dial4,1,0.7282313108444214,3604.744873046875,4950,100
food_level3_dial4,2,0.7361823320388794,3644.1025390625,4950,100
food_level3_dial4,3,0.7375860214233398,3651.05078125,4950,100
food_level3_dial4,4,0.7243061661720276,3585.3154296875,4950,100
food_level3_dial4,5,0.7567992210388184,3746.15625,4950,100
food_level3_dial4,6,0.7368893027305603,3647.60205078125,4950,100
top25_dial1,1,0.7770565748214722,3846.429931640625,4950,100
top25_dial1,2,0.7889171838760376,3905.14013671875,4950,100
top25_dial1,3,0.7789686322212219,3855.894775390625,4950,100
top25_dial1,4,0.782163679599762,3871.710205078125,4950,100
top25_dial1,5,0.7677933573722839,3800.5771484375,4950,100
top25_dial1,6,0.7168127298355103,3548.22314453125,4950,100
food_level2_dial21,1,0.7563146948814392,3743.7578125,4950,100
food_level2_dial21,2,0.7519623041152954,3722.21337890625,4950,100
food_level2_dial21,3,0.7154695987701416,3541.574462890625,4950,100
food_level2_dial21,4,0.731067955493927,3618.786376953125,4950,100
food_level2_dial21,5,0.7497434616088867,3711.230224609375,4950,100
food_level2_dial21,6,0.7768756747245789,3845.53466796875,4950,100
hobby_level3_dial21,1,0.7751960754394531,3837.220703125,4950,100
hobby_level3_dial21,2,0.6813651323318481,3372.75732421875,4950,100
hobby_level3_dial21,3,0.717445969581604,3551.357666015625,4950,100
hobby_level3_dial21,4,0.8363332748413086,4139.849609375,4950,100
hobby_level3_dial21,5,0.7837143540382385,3879.385986328125,4950,100
hobby_level3_dial21,6,0.791127622127533,3916.081787109375,4950,100
hobby_level1_dial6,1,0.7005877494812012,3467.909423828125,4950,100
hobby_level1_dial6,2,0.7486566305160522,3705.850341796875,4950,100
hobby_level1_dial6,3,0.7358174920082092,3642.296630859375,4950,100
hobby_level1_dial6,4,0.6651319861412048,3292.4033203125,4950,100
hobby_level1_dial6,5,0.6981289386749268,3455.73828125,4950,100
hobby_level1_dial6,6,0.7077199220657349,3503.213623046875,4950,100
food_level1_dial22,1,0.7361142039299011,3643.765380859375,4950,100
food_level1_dial22,2,0.7423447370529175,3674.6064453125,4950,100
food_level1_dial22,3,0.7218554019927979,3573.184326171875,4950,100
food_level1_dial22,4,0.6717113852500916,3324.971435546875,4950,100
food_level1_dial22,5,0.7671968340873718,3797.624267578125,4950,100
food_level1_dial22,6,0.7589263916015625,3756.685546875,4950,100
hobby_level3_dial22,1,0.6910824179649353,3420.85791015625,4950,100
hobby_level3_dial22,2,0.7284571528434753,3605.863037109375,4950,100
hobby_level3_dial22,3,0.7114933729171753,3521.89208984375,4950,100
hobby_level3_dial22,4,0.8109332323074341,4014.119384765625,4950,100
food_level1_dial23,1,0.666960597038269,3301.454833984375,4950,100
food_level1_dial23,2,0.7413257360458374,3669.5625,4950,100
food_level1_dial23,3,0.7364314794540405,3645.3359375,4950,100
food_level1_dial23,4,0.7701351046562195,3812.168701171875,4950,100
food_level1_dial23,5,0.7497655749320984,3711.339599609375,4950,100
food_level1_dial23,6,0.7361809611320496,3644.095703125,4950,100
food_level2_dial22,1,0.6765606999397278,3348.975341796875,4950,100
food_level2_dial22,2,0.7548632025718689,3736.57275390625,4950,100
food_level2_dial22,3,0.761132538318634,3767.60595703125,4950,100
food_level2_dial22,4,0.7611132860183716,3767.5107421875,4950,100
food_level2_dial22,5,0.718392014503479,3556.04052734375,4950,100
food_level2_dial22,6,0.7397041916847229,3661.53564453125,4950,100
hobby_level2_dial29,1,0.7174302339553833,3551.27978515625,4950,100
hobby_level2_dial29,2,0.7100597023963928,3514.795654296875,4950,100
hobby_level2_dial29,3,0.6715027093887329,3323.9384765625,4950,100
hobby_level2_dial29,4,0.7041751742362976,3485.6669921875,4950,100
hobby_level2_dial29,5,0.6965327262878418,3447.8369140625,4950,100
hobby_level2_dial29,6,0.7408268451690674,3667.0927734375,4950,100
hobby_level3_dial23,1,0.7496787309646606,3710.90966796875,4950,100
hobby_level3_dial23,2,0.7420844435691833,3673.31787109375,4950,100
hobby_level3_dial23,3,0.7682288885116577,3802.73291015625,4950,100
hobby_level3_dial23,4,0.7787535190582275,3854.829833984375,4950,100
hobby_level3_dial23,5,0.6628003716468811,3280.86181640625,4950,100
top25_dial30,1,0.6775404214859009,3353.824951171875,4950,100
top25_dial30,2,0.7164175510406494,3546.266845703125,4950,100
top25_dial30,3,0.742814302444458,3676.9306640625,4950,100
top25_dial30,4,0.7504615783691406,3714.784912109375,4950,100
top25_dial30,5,0.7702575325965881,3812.77490234375,4950,100
top25_dial30,6,0.7173947691917419,3551.10400390625,4950,100
food_level1_dial3,1,0.7462897300720215,3694.134033203125,4950,100
food_level1_dial3,2,0.773206889629364,3827.3740234375,4950,100
food_level1_dial3,3,0.7360075116157532,3643.2373046875,4950,100
food_level1_dial3,4,0.7938963770866394,3929.787109375,4950,100
food_level1_dial3,5,0.7519897222518921,3722.34912109375,4950,100
food_level1_dial3,6,0.7380533814430237,3653.3642578125,4950,100
hobby_level1_dial7,1,0.7155976891517639,3542.20849609375,4950,100
hobby_level1_dial7,2,0.6901677846908569,3416.33056640625,4950,100
hobby_level1_dial7,3,0.7801026105880737,3861.5078125,4950,100
hobby_level1_dial7,4,0.7290030121803284,3608.56494140625,4950,100
hobby_level1_dial7,5,0.6818531155586243,3375.1728515625,4950,100
hobby_level1_dial7,6,0.7151568531990051,3540.0263671875,4950,100
hobby_level2_dial3,1,0.7625601887702942,3774.6728515625,4950,100
hobby_level2_dial3,2,0.716526985168457,3546.80859375,4950,100
hobby_level2_dial3,3,0.7025542259216309,3477.643310546875,4950,100
hobby_level2_dial3,4,0.7554093599319458,3739.2763671875,4950,100
hobby_level2_dial3,5,0.731651782989502,3621.67626953125,4950,100
hobby_level2_dial3,6,0.7242141366004944,3584.860107421875,4950,100
food_level3_dial10,1,0.72159343957901,3571.887451171875,4950,100
food_level3_dial10,2,0.7316446304321289,3621.640869140625,4950,100
food_level3_dial10,3,0.7461078763008118,3693.23388671875,4950,100
food_level3_dial10,4,0.7748337984085083,3835.42724609375,4950,100
food_level3_dial10,5,0.7311364412307739,3619.12548828125,4950,100
food_level3_dial10,6,0.6148850917816162,3043.68115234375,4950,100
food_level1_dial4,1,0.7548651099205017,3736.582275390625,4950,100
food_level1_dial4,2,0.7454749941825867,3690.101318359375,4950,100
food_level1_dial4,3,0.741382360458374,3669.8427734375,4950,100
food_level1_dial4,4,0.7705860733985901,3814.401123046875,4950,100
food_level1_dial4,5,0.7510824799537659,3717.858154296875,4950,100
food_level1_dial4,6,0.7204856276512146,3566.40380859375,4950,100
food_level3_dial6,1,0.77264004945755,3824.568359375,4950,100
food_level3_dial6,2,0.7732071876525879,3827.37548828125,4950,100
food_level3_dial6,3,0.799062192440033,3955.35791015625,4950,100
food_level3_dial6,4,0.7098639607429504,3513.82666015625,4950,100
food_level3_dial6,5,0.7742781639099121,3832.677001953125,4950,100
food_level3_dial6,6,0.7920147776603699,3920.47314453125,4950,100
top25_dial31,1,0.8186818361282349,4052.47509765625,4950,100
top25_dial31,2,0.7263891696929932,3595.62646484375,4950,100
top25_dial31,3,0.812534511089325,4022.0458984375,4950,100
top25_dial31,4,0.8663734793663025,4288.548828125,4950,100
top25_dial31,5,0.7587869167327881,3755.9951171875,4950,100
top25_dial31,6,0.6999205350875854,3464.606689453125,4950,100
top25_dial10,1,0.7429125905036926,3677.417236328125,4950,100
top25_dial10,2,0.7417404651641846,3671.615234375,4950,100
top25_dial10,3,0.78352290391922,3878.4384765625,4950,100
top25_dial10,4,0.7684003114700317,3803.58154296875,4950,100
top25_dial10,5,0.742743968963623,3676.582763671875,4950,100
top25_dial10,6,0.7958252429962158,3939.3349609375,4950,100
food_level2_dial23,1,0.758220374584198,3753.19091796875,4950,100
food_level2_dial23,2,0.7643595337867737,3783.57958984375,4950,100
food_level2_dial23,3,0.7825681567192078,3873.71240234375,4950,100
food_level2_dial23,4,0.7895134091377258,3908.09130859375,4950,100
food_level2_dial23,5,0.7538363933563232,3731.490234375,4950,100
food_level2_dial23,6,0.781516432762146,3868.50634765625,4950,100
hobby_level3_dial24,1,0.649327278137207,3214.170166015625,4950,100
hobby_level3_dial24,2,0.6349655985832214,3143.07958984375,4950,100
hobby_level3_dial24,3,0.7267972826957703,3597.646484375,4950,100
hobby_level3_dial24,4,0.6559939980506897,3247.17041015625,4950,100
hobby_level3_dial24,5,0.787696123123169,3899.095703125,4950,100
hobby_level3_dial24,6,0.7062331438064575,3495.85400390625,4950,100
hobby_level2_dial30,1,0.7510920166969299,3717.905517578125,4950,100
hobby_level2_dial30,2,0.7480288147926331,3702.74267578125,4950,100
hobby_level2_dial30,3,0.7929093837738037,3924.9013671875,4950,100
hobby_level2_dial30,4,0.7584071755409241,3754.115478515625,4950,100
hobby_level2_dial30,5,0.7740391492843628,3831.49365234375,4950,100
hobby_level2_dial30,6,0.772913932800293,3825.923828125,4950,100
top25_dial58,1,0.7915168404579163,3918.00830078125,4950,100
top25_dial58,2,0.8052500486373901,3985.98779296875,4950,100
top25_dial58,3,0.8065505623817444,3992.42529296875,4950,100
top25_dial58,4,0.7902534604072571,3911.754638671875,4950,100
top25_dial58,5,0.7758964896202087,3840.687744140625,4950,100
top25_dial58,6,0.6705877184867859,3319.4091796875,4950,100
top25_dial58,7,0.6273253560066223,3105.260498046875,4950,100
hobby_level1_dial8,1,0.7041700482368469,3485.641845703125,4950,100
hobby_level1_dial8,2,0.7446328401565552,3685.9326171875,4950,100
hobby_level1_dial8,3,0.7362822890281677,3644.597412109375,4950,100
top25_dial32,1,0.8246346116065979,4081.94140625,4950,100
top25_dial32,2,0.7513154149055481,3719.01123046875,4950,100
top25_dial32,3,0.7602728009223938,3763.350341796875,4950,100
top25_dial32,4,0.7452861070632935,3689.166259765625,4950,100
top25_dial32,5,0.7291497588157654,3609.291259765625,4950,100
top25_dial32,6,0.7976053357124329,3948.146484375,4950,100
food_level1_dial5,1,0.7597433924674988,3760.729736328125,4950,100
food_level1_dial5,2,0.7456827163696289,3691.12939453125,4950,100
food_level1_dial5,3,0.7651911973953247,3787.6962890625,4950,100
food_level1_dial5,4,0.7507460713386536,3716.193115234375,4950,100
food_level1_dial5,5,0.7565163373947144,3744.755859375,4950,100
food_level1_dial5,6,0.7449769377708435,3687.6357421875,4950,100
top25_dial11,1,0.7061997056007385,3495.6884765625,4950,100
top25_dial11,2,0.816510021686554,4041.724609375,4950,100
top25_dial11,3,0.7908073663711548,3914.49658203125,4950,100
top25_dial11,4,0.8416820764541626,4166.326171875,4950,100
top25_dial11,5,0.8542646169662476,4228.60986328125,4950,100
top25_dial11,6,0.7505910396575928,3715.42578125,4950,100
food_level3_dial7,1,0.7563916444778442,3744.138671875,4950,100
food_level3_dial7,2,0.7645934224128723,3784.7373046875,4950,100
food_level3_dial7,3,0.7049993872642517,3489.7470703125,4950,100
food_level3_dial7,4,0.7723411917686462,3823.0888671875,4950,100
food_level3_dial7,5,0.7438931465148926,3682.27099609375,4950,100
food_level3_dial7,6,0.7730184197425842,3826.441162109375,4950,100
hobby_level2_dial31,1,0.6559225916862488,3246.81689453125,4950,100
hobby_level2_dial31,2,0.6839542984962463,3385.57373046875,4950,100
hobby_level2_dial31,3,0.6953366994857788,3441.916748046875,4950,100
hobby_level2_dial31,4,0.6708827614784241,3320.86962890625,4950,100
hobby_level2_dial31,5,0.6690551042556763,3311.82275390625,4950,100
hobby_level2_dial31,6,0.7669524550437927,3796.41455078125,4950,100
hobby_level1_dial9,1,0.761693000793457,3770.38037109375,4950,100
hobby_level1_dial9,2,0.7542694807052612,3733.6337890625,4950,100
hobby_level1_dial9,3,0.7296106219291687,3611.572509765625,4950,100
hobby_level1_dial9,4,0.7033773064613342,3481.717529296875,4950,100
hobby_level1_dial9,5,0.7318857908248901,3622.834716796875,4950,100
hobby_level1_dial9,6,0.6972767114639282,3451.519775390625,4950,100
food_level3_dial11,1,0.6715469360351562,3324.1572265625,4950,100
food_level3_dial11,2,0.7233616709709167,3580.64013671875,4950,100
food_level3_dial11,3,0.7337021827697754,3631.825927734375,4950,100
food_level3_dial11,4,0.742318332195282,3674.475830078125,4950,100
food_level3_dial11,5,0.7668835520744324,3796.073486328125,4950,100
food_level3_dial11,6,0.8071515560150146,3995.400146484375,4950,100
top25_dial59,1,0.693583071231842,3433.236328125,4950,100
top25_dial59,2,0.6883307695388794,3407.2373046875,4950,100
top25_dial59,3,0.732222318649292,3624.50048828125,4950,100
top25_dial59,4,0.7292278409004211,3609.677734375,4950,100
top25_dial59,5,0.7283333539962769,3605.25,4950,100
top25_dial59,6,0.6159683465957642,3049.043212890625,4950,100
food_level1_dial6,1,0.6856245994567871,3393.841796875,4950,100
food_level1_dial6,2,0.7924702763557434,3922.727783203125,4950,100
food_level1_dial6,3,0.7376185655593872,3651.2119140625,4950,100
food_level1_dial6,4,0.7468713521957397,3697.01318359375,4950,100
food_level1_dial6,5,0.7088882923126221,3508.9970703125,4950,100
food_level1_dial6,6,0.685646116733551,3393.9482421875,4950,100
hobby_level2_dial32,1,0.7297161221504211,3612.0947265625,4950,100
hobby_level2_dial32,2,0.7594829201698303,3759.4404296875,4950,100
hobby_level2_dial32,3,0.7476796507835388,3701.014404296875,4950,100
hobby_level2_dial32,4,0.7417894005775452,3671.857421875,4950,100
hobby_level2_dial32,5,0.7602683305740356,3763.328125,4950,100
hobby_level2_dial32,6,0.7602916955947876,3763.44384765625,4950,100
food_level3_dial12,1,0.7965281009674072,3942.81396484375,4950,100
food_level3_dial12,2,0.7861718535423279,3891.55078125,4950,100
food_level3_dial12,3,0.6827980279922485,3379.850341796875,4950,100
food_level3_dial12,4,0.7528452277183533,3726.583984375,4950,100
food_level3_dial12,5,0.7625890374183655,3774.815673828125,4950,100
food_level3_dial12,6,0.7425913214683533,3675.8271484375,4950,100
food_level3_dial12,7,0.7546053528785706,3735.29638671875,4950,100
food_level3_dial8,1,0.7375467419624329,3650.8564453125,4950,100
food_level3_dial8,2,0.7074061632156372,3501.66064453125,4950,100
food_level3_dial8,3,0.7631654143333435,3777.668701171875,4950,100
food_level3_dial8,4,0.8190493583679199,4054.294189453125,4950,100
food_level3_dial8,5,0.7757457494735718,3839.94140625,4950,100
food_level3_dial8,6,0.7299721837043762,3613.3623046875,4950,100
food_level1_dial7,1,0.6977021098136902,3453.62548828125,4950,100
food_level1_dial7,2,0.7826053500175476,3873.896484375,4950,100
food_level1_dial7,3,0.7232259511947632,3579.968505859375,4950,100
hobby_level2_dial33,1,0.6517296433448792,3226.061767578125,4950,100
hobby_level2_dial33,2,0.6824309229850769,3378.032958984375,4950,100
hobby_level2_dial33,3,0.639973521232605,3167.868896484375,4950,100
hobby_level2_dial33,4,0.6908090710639954,3419.5048828125,4950,100
hobby_level2_dial33,5,0.668061375617981,3306.90380859375,4950,100
hobby_level2_dial33,6,0.7584782242774963,3754.46728515625,4950,100
food_level3_dial13,1,0.7012280225753784,3471.07861328125,4950,100
food_level3_dial13,2,0.7620523571968079,3772.1591796875,4950,100
food_level3_dial13,3,0.7491459846496582,3708.272705078125,4950,100
food_level3_dial13,4,0.7726011872291565,3824.375732421875,4950,100
food_level3_dial13,5,0.7437514662742615,3681.56982421875,4950,100
food_level3_dial13,6,0.757060170173645,3747.44775390625,4950,100
food_level2_dial24,1,0.7746558785438538,3834.546630859375,4950,100
food_level2_dial24,2,0.7889322638511658,3905.21484375,4950,100
food_level2_dial24,3,0.7919827699661255,3920.314697265625,4950,100
food_level2_dial24,4,0.7649942636489868,3786.7216796875,4950,100
food_level2_dial24,5,0.7054300904273987,3491.87890625,4950,100
food_level2_dial24,6,0.7719347476959229,3821.0771484375,4950,100
food_level3_dial14,1,0.7470507025718689,3697.90087890625,4950,100
food_level3_dial14,2,0.7663071155548096,3793.22021484375,4950,100
food_level3_dial14,3,0.8244134187698364,4080.846435546875,4950,100
food_level3_dial14,4,0.7379934191703796,3653.0673828125,4950,100
food_level3_dial14,5,0.765886127948761,3791.13623046875,4950,100
food_level3_dial14,6,0.7728488445281982,3825.601806640625,4950,100
top25_dial33,1,0.6133332848548889,3035.999755859375,4950,100
top25_dial33,2,0.6623821258544922,3278.79150390625,4950,100
top25_dial33,3,0.7811110019683838,3866.49951171875,4950,100
top25_dial33,4,0.8153814077377319,4036.137939453125,4950,100
top25_dial33,5,0.7719832062721252,3821.31689453125,4950,100
top25_dial33,6,0.7848899960517883,3885.20556640625,4950,100
hobby_level3_dial26,1,0.5657665729522705,2800.544677734375,4950,100
hobby_level3_dial26,2,0.7518355250358582,3721.5859375,4950,100
hobby_level3_dial26,3,0.7373046875,3649.658203125,4950,100
hobby_level3_dial26,4,0.7926012277603149,3923.376220703125,4950,100
hobby_level3_dial26,5,0.7204000949859619,3565.98046875,4950,100
hobby_level3_dial26,6,0.8010530471801758,3965.212646484375,4950,100
top25_dial35,1,0.7465528249740601,3695.4365234375,4950,100
top25_dial35,2,0.7687414288520813,3805.27001953125,4950,100
top25_dial35,3,0.8290086388587952,4103.5927734375,4950,100
top25_dial35,4,0.7575446963310242,3749.84619140625,4950,100
top25_dial35,5,0.7687326073646545,3805.226318359375,4950,100
food_level1_dial8,1,0.742230236530304,3674.039794921875,4950,100
food_level1_dial8,2,0.7914172410964966,3917.515380859375,4950,100
food_level1_dial8,3,0.7784836292266846,3853.493896484375,4950,100
food_level1_dial8,4,0.7952188849449158,3936.33349609375,4950,100
food_level1_dial8,5,0.757900595664978,3751.60791015625,4950,100
food_level1_dial8,6,0.7503975629806519,3714.468017578125,4950,100
food_level3_dial9,1,0.7640773057937622,3782.1826171875,4950,100
food_level3_dial9,2,0.7316238284111023,3621.5380859375,4950,100
food_level3_dial9,3,0.7281744480133057,3604.46337890625,4950,100
food_level3_dial9,4,0.8089292049407959,4004.19970703125,4950,100
food_level3_dial9,5,0.7660969495773315,3792.179931640625,4950,100
food_level3_dial9,6,0.7407655119895935,3666.789306640625,4950,100
hobby_level2_dial1,1,0.6906450986862183,3418.693359375,4950,100
hobby_level2_dial1,2,0.7213988304138184,3570.92431640625,4950,100
hobby_level2_dial1,3,0.7290570139884949,3608.832275390625,4950,100
hobby_level2_dial1,4,0.7177335023880005,3552.78076171875,4950,100
hobby_level2_dial1,5,0.64190673828125,3177.4384765625,4950,100
hobby_level2_dial1,6,0.650837779045105,3221.64697265625,4950,100
food_level1_dial9,1,0.7324568629264832,3625.661376953125,4950,100
food_level1_dial9,2,0.7436384558677673,3681.01025390625,4950,100
food_level1_dial9,3,0.7747657299041748,3835.09033203125,4950,100
food_level1_dial9,4,0.6884443163871765,3407.79931640625,4950,100
food_level1_dial9,5,0.7836796641349792,3879.21435546875,4950,100
food_level1_dial9,6,0.7564877867698669,3744.614501953125,4950,100
top25_dial6,1,0.7114535570144653,3521.695068359375,4950,100
top25_dial6,2,0.7657754421234131,3790.58837890625,4950,100
top25_dial6,3,0.7314893007278442,3620.8720703125,4950,100
top25_dial6,4,0.7287362813949585,3607.24462890625,4950,100
top25_dial6,5,0.7602360248565674,3763.16845703125,4950,100
top25_dial6,6,0.7169715762138367,3549.00927734375,4950,100
food_level3_dial15,1,0.7707898616790771,3815.40966796875,4950,100
food_level3_dial15,2,0.7562231421470642,3743.3046875,4950,100
food_level3_dial15,3,0.738897979259491,3657.544921875,4950,100
food_level3_dial15,4,0.7841376662254333,3881.4814453125,4950,100
food_level3_dial15,5,0.7678518295288086,3800.866455078125,4950,100
food_level3_dial15,6,0.7354989051818848,3640.7197265625,4950,100
top25_dial36,1,0.6747449040412903,3339.9873046875,4950,100
top25_dial36,2,0.7799230813980103,3860.619140625,4950,100
top25_dial36,3,0.8033339381217957,3976.5029296875,4950,100
top25_dial36,4,0.8094063997268677,4006.561767578125,4950,100
top25_dial36,5,0.6864321827888489,3397.83935546875,4950,100
top25_dial36,6,0.7988928556442261,3954.51953125,4950,100
food_level2_dial1,1,0.6886153817176819,3408.64599609375,4950,100
food_level2_dial1,2,0.7382552027702332,3654.36328125,4950,100
food_level2_dial1,3,0.75654536485672,3744.8994140625,4950,100
food_level2_dial1,4,0.7079509496688843,3504.357177734375,4950,100
food_level2_dial1,5,0.6939027905464172,3434.81884765625,4950,100
food_level2_dial1,6,0.677165687084198,3351.97021484375,4950,100
food_level3_dial16,1,0.7276058197021484,3601.64892578125,4950,100
food_level3_dial16,2,0.7261909246444702,3594.64501953125,4950,100
food_level3_dial16,3,0.701758086681366,3473.70263671875,4950,100
food_level3_dial16,4,0.7511585354804993,3718.234619140625,4950,100
food_level3_dial16,5,0.7539238333702087,3731.923095703125,4950,100
food_level3_dial16,6,0.7470642924308777,3697.96826171875,4950,100
top25_dial12,1,0.7926332950592041,3923.53466796875,4950,100
top25_dial12,2,0.7652231454849243,3787.8544921875,4950,100
top25_dial12,3,0.715294361114502,3540.70703125,4950,100
hobby_level1_dial1,1,0.7436584830284119,3681.109375,4950,100
hobby_level1_dial1,2,0.7300885915756226,3613.9384765625,4950,100
hobby_level1_dial1,3,0.7554243803024292,3739.3505859375,4950,100
hobby_level1_dial1,4,0.7575241923332214,3749.744873046875,4950,100
hobby_level1_dial1,5,0.7701914310455322,3812.447509765625,4950,100
hobby_level1_dial1,6,0.6950513124465942,3440.50390625,4950,100
hobby_level1_dial1,7,0.7126344442367554,3527.54052734375,4950,100
hobby_level2_dial10,1,0.7198729515075684,3563.37109375,4950,100
hobby_level2_dial10,2,0.6275479197502136,3106.362060546875,4950,100
hobby_level2_dial10,3,0.6863915324211121,3397.63818359375,4950,100
hobby_level2_dial10,4,0.8306686878204346,4111.81005859375,4950,100
hobby_level2_dial10,5,0.7481641173362732,3703.412353515625,4950,100
hobby_level2_dial10,6,0.713874876499176,3533.6806640625,4950,100
hobby_level3_dial27,1,0.806901216506958,3994.1611328125,4950,100
hobby_level3_dial27,2,0.7371253371238708,3648.7705078125,4950,100
hobby_level3_dial27,3,0.7635796666145325,3779.71923828125,4950,100
hobby_level3_dial27,4,0.7699463367462158,3811.234375,4950,100
hobby_level3_dial27,5,0.7622520327568054,3773.1474609375,4950,100
hobby_level3_dial27,6,0.7088900804519653,3509.005859375,4950,100
hobby_level3_dial27,7,0.7665225863456726,3794.286865234375,4950,100
food_level2_dial25,1,0.7132638096809387,3530.65576171875,4950,100
food_level2_dial25,2,0.7472701072692871,3698.987060546875,4950,100
food_level2_dial25,3,0.725717306137085,3592.30078125,4950,100
food_level2_dial25,4,0.7538051009178162,3731.335205078125,4950,100
food_level2_dial25,5,0.7480733394622803,3702.963134765625,4950,100
food_level2_dial25,6,0.7713258266448975,3818.06298828125,4950,100
food_level2_dial25,7,0.7703607082366943,3813.28564453125,4950,100
hobby_level2_dial34,1,0.6861035227775574,3396.21240234375,4950,100
hobby_level2_dial34,2,0.7678531408309937,3800.873046875,4950,100
hobby_level2_dial34,3,0.7979576587677002,3949.890380859375,4950,100
hobby_level2_dial34,4,0.7993379831314087,3956.72314453125,4950,100
hobby_level2_dial34,5,0.6935276985168457,3432.962158203125,4950,100
hobby_level2_dial34,6,0.7615593671798706,3769.71875,4950,100
hobby_level2_dial34,7,0.7154253721237183,3541.355712890625,4950,100
hobby_level1_dial10,1,0.7638193368911743,3780.90576171875,4950,100
hobby_level1_dial10,2,0.7417711019515991,3671.76708984375,4950,100
hobby_level1_dial10,3,0.7429551482200623,3677.6279296875,4950,100
hobby_level1_dial10,4,0.7222527861595154,3575.1513671875,4950,100
hobby_level1_dial10,5,0.651161789894104,3223.2509765625,4950,100
hobby_level3_dial28,1,0.6891019344329834,3411.0546875,4950,100
hobby_level3_dial28,2,0.7881113886833191,3901.1513671875,4950,100
hobby_level3_dial28,3,0.7422568202018738,3674.17138671875,4950,100
food_level3_dial18,1,0.6748363375663757,3340.43994140625,4950,100
food_level3_dial18,2,0.76092928647995,3766.599853515625,4950,100
food_level3_dial18,3,0.7488097548484802,3706.608154296875,4950,100
food_level3_dial18,4,0.7210469841957092,3569.1826171875,4950,100
food_level3_dial18,5,0.7499261498451233,3712.134521484375,4950,100
food_level3_dial18,6,0.7605663537979126,3764.803466796875,4950,100
food_level2_dial26,1,0.6535659432411194,3235.1513671875,4950,100
food_level2_dial26,2,0.6790404319763184,3361.250244140625,4950,100
food_level2_dial26,3,0.8009297847747803,3964.6025390625,4950,100
food_level2_dial26,4,0.799757182598114,3958.798095703125,4950,100
food_level2_dial26,5,0.7886329293251038,3903.73291015625,4950,100
food_level2_dial26,6,0.7483168840408325,3704.168701171875,4950,100
hobby_level3_dial29,1,0.7713257074356079,3818.062255859375,4950,100
hobby_level3_dial29,2,0.7770150899887085,3846.224609375,4950,100
hobby_level3_dial29,3,0.7778820395469666,3850.51611328125,4950,100
hobby_level3_dial29,4,0.776322603225708,3842.796875,4950,100
hobby_level3_dial29,5,0.8016155958175659,3967.9970703125,4950,100
hobby_level3_dial29,6,0.7627866864204407,3775.794189453125,4950,100
hobby_level3_dial29,7,0.7549869418144226,3737.185302734375,4950,100
top25_dial13,1,0.7271356582641602,3599.321533203125,4950,100
top25_dial13,2,0.77351313829422,3828.889892578125,4950,100
top25_dial13,3,0.749954342842102,3712.27392578125,4950,100
top25_dial13,4,0.8282766938209534,4099.9697265625,4950,100
top25_dial13,5,0.7030107378959656,3479.903076171875,4950,100
top25_dial13,6,0.7204940319061279,3566.4453125,4950,100
top25_dial37,1,0.7290133833885193,3608.6162109375,4950,100
top25_dial37,2,0.7467134594917297,3696.231689453125,4950,100
top25_dial37,3,0.758589506149292,3755.01806640625,4950,100
top25_dial37,4,0.689511775970459,3413.083251953125,4950,100
top25_dial37,5,0.7940936088562012,3930.763427734375,4950,100
top25_dial37,6,0.7900883555412292,3910.9375,4950,100
food_level2_dial27,1,0.7804273962974548,3863.11572265625,4950,100
food_level2_dial27,2,0.7833570837974548,3877.617431640625,4950,100
food_level2_dial27,3,0.7360732555389404,3643.5625,4950,100
food_level2_dial27,4,0.7708418965339661,3815.66748046875,4950,100
food_level2_dial27,5,0.7475250363349915,3700.2490234375,4950,100
food_level2_dial27,6,0.7798943519592285,3860.47705078125,4950,100
food_level2_dial27,7,0.7540956139564514,3732.773193359375,4950,100
food_level3_dial19,1,0.7751083970069885,3836.78662109375,4950,100
food_level3_dial19,2,0.7443452477455139,3684.509033203125,4950,100
food_level3_dial19,3,0.7616519927978516,3770.177490234375,4950,100
food_level3_dial19,4,0.7395397424697876,3660.7216796875,4950,100
food_level3_dial19,5,0.747468888759613,3699.970947265625,4950,100
food_level3_dial19,6,0.7443397045135498,3684.4814453125,4950,100
top25_dial15,1,0.6744206547737122,3338.38232421875,4950,100
top25_dial15,2,0.6968998312950134,3449.654296875,4950,100
top25_dial15,3,0.7892866730690002,3906.968994140625,4950,100
top25_dial15,4,0.8004809021949768,3962.38037109375,4950,100
top25_dial15,5,0.8500829339027405,4207.91064453125,4950,100
top25_dial15,6,0.6668015122413635,3300.66748046875,4950,100
top25_dial60,1,0.7128527760505676,3528.621337890625,4950,100
top25_dial60,2,0.7651795744895935,3787.638916015625,4950,100
top25_dial60,3,0.7386981248855591,3656.5556640625,4950,100
top25_dial60,4,0.8199642896652222,4058.8232421875,4950,100
top25_dial60,5,0.9043673276901245,4476.6181640625,4950,100
top25_dial60,6,0.7688208222389221,3805.6630859375,4950,100
top25_dial60,7,0.77631014585495,3842.735107421875,4950,100
food_level2_dial28,1,0.7309423089027405,3618.16455078125,4950,100
food_level2_dial28,2,0.743998110294342,3682.790771484375,4950,100
food_level2_dial28,3,0.7171590924263,3549.9375,4950,100
food_level2_dial28,4,0.7659163475036621,3791.285888671875,4950,100
food_level2_dial28,5,0.7507574558258057,3716.249267578125,4950,100
food_level2_dial28,6,0.7239437103271484,3583.521484375,4950,100
hobby_level1_dial11,1,0.8098635077476501,4008.824462890625,4950,100
hobby_level1_dial11,2,0.8004648089408875,3962.30078125,4950,100
hobby_level1_dial11,3,0.7842393517494202,3881.98486328125,4950,100
hobby_level1_dial11,4,0.8112038373947144,4015.458984375,4950,100
hobby_level1_dial11,5,0.8044489622116089,3982.0224609375,4950,100
hobby_level1_dial11,6,0.8005914092063904,3962.927490234375,4950,100
hobby_level2_dial11,1,0.7827528119087219,3874.62646484375,4950,100
hobby_level2_dial11,2,0.7840272784233093,3880.93505859375,4950,100
hobby_level2_dial11,3,0.8004143238067627,3962.051025390625,4950,100
hobby_level2_dial11,4,0.8096206784248352,4007.622314453125,4950,100
hobby_level2_dial11,5,0.8098326921463013,4008.671875,4950,100
hobby_level2_dial11,6,0.8091602921485901,4005.343505859375,4950,100
food_level3_dial20,1,0.7092363834381104,3510.72021484375,4950,100
food_level3_dial20,2,0.7499716877937317,3712.35986328125,4950,100
food_level3_dial20,3,0.7699856162071228,3811.4287109375,4950,100
food_level3_dial20,4,0.7783640027046204,3852.90185546875,4950,100
food_level3_dial20,5,0.7744788527488708,3833.67041015625,4950,100
food_level3_dial20,6,0.7750462889671326,3836.47900390625,4950,100
food_level3_dial20,7,0.762178897857666,3772.785400390625,4950,100
food_level2_dial10,1,0.7968686819076538,3944.5,4950,100
food_level2_dial10,2,0.8060437440872192,3989.91650390625,4950,100
food_level2_dial10,3,0.744301974773407,3684.294921875,4950,100
food_level2_dial10,4,0.7978012561798096,3949.1162109375,4950,100
food_level2_dial10,5,0.7861878275871277,3891.6298828125,4950,100
food_level2_dial10,6,0.7952313423156738,3936.39501953125,4950,100
top25_dial61,1,0.6947970986366272,3439.24560546875,4950,100
top25_dial61,2,0.687529981136322,3403.2734375,4950,100
top25_dial61,3,0.7133541703224182,3531.10302734375,4950,100
top25_dial61,4,0.8036386370658875,3978.01123046875,4950,100
top25_dial61,5,0.7357720732688904,3642.07177734375,4950,100
top25_dial61,6,0.705018162727356,3489.83984375,4950,100
hobby_level1_dial12,1,0.7490643262863159,3707.868408203125,4950,100
hobby_level1_dial12,2,0.7519009709358215,3721.90966796875,4950,100
hobby_level1_dial12,3,0.7648032307624817,3785.77587890625,4950,100
hobby_level1_dial12,4,0.7813254594802856,3867.56103515625,4950,100
hobby_level1_dial12,5,0.8165347576141357,4041.84716796875,4950,100
hobby_level1_dial12,6,0.7895921468734741,3908.481201171875,4950,100
food_level2_dial11,1,0.6695560812950134,3314.302490234375,4950,100
food_level2_dial11,2,0.751096785068512,3717.92919921875,4950,100
food_level2_dial11,3,0.7528680562973022,3726.69677734375,4950,100
food_level2_dial11,4,0.7372432947158813,3649.354248046875,4950,100
food_level2_dial11,5,0.7246646881103516,3587.090087890625,4950,100
food_level2_dial11,6,0.7667696475982666,3795.509765625,4950,100
top25_dial38,1,0.739719569683075,3661.61181640625,4950,100
top25_dial38,2,0.6579506993293762,3256.85595703125,4950,100
top25_dial38,3,0.8113575577735901,4016.219970703125,4950,100
top25_dial38,4,0.8060482740402222,3989.93896484375,4950,100
top25_dial38,5,0.7822644710540771,3872.209228515625,4950,100
top25_dial38,6,0.7633734345436096,3778.698486328125,4950,100
food_level2_dial29,1,0.741675615310669,3671.29443359375,4950,100
food_level2_dial29,2,0.7361196875572205,3643.79248046875,4950,100
food_level2_dial29,3,0.7545193433761597,3734.87060546875,4950,100
food_level2_dial29,4,0.7245199084281921,3586.37353515625,4950,100
food_level2_dial29,5,0.7219240069389343,3573.52392578125,4950,100
food_level2_dial29,6,0.7328600883483887,3627.657470703125,4950,100
top25_dial16,1,0.6843427419662476,3387.49658203125,4950,100
top25_dial16,2,0.6736725568771362,3334.67919921875,4950,100
top25_dial16,3,0.749153733253479,3708.31103515625,4950,100
top25_dial16,4,0.7016425132751465,3473.13037109375,4950,100
top25_dial16,5,0.8293696641921997,4105.3798828125,4950,100
top25_dial16,6,0.7631853818893433,3777.767578125,4950,100
hobby_level1_dial13,1,0.7048047184944153,3488.783447265625,4950,100
hobby_level1_dial13,2,0.7424576282501221,3675.165283203125,4950,100
hobby_level1_dial13,3,0.73796546459198,3652.928955078125,4950,100
hobby_level1_dial13,4,0.7511881589889526,3718.38134765625,4950,100
hobby_level1_dial13,5,0.6639471650123596,3286.53857421875,4950,100
hobby_level1_dial13,6,0.7454103827476501,3689.78125,4950,100
hobby_level2_dial36,1,0.7183600068092346,3555.882080078125,4950,100
hobby_level2_dial36,2,0.7160407304763794,3544.401611328125,4950,100
hobby_level2_dial36,3,0.7502142190933228,3713.560302734375,4950,100
hobby_level2_dial36,4,0.76849365234375,3804.04345703125,4950,100
hobby_level2_dial36,5,0.7443732023239136,3684.6474609375,4950,100
hobby_level2_dial36,6,0.7588582038879395,3756.34814453125,4950,100
hobby_level2_dial37,1,0.7465494871139526,3695.419921875,4950,100
hobby_level2_dial37,2,0.6886286735534668,3408.7119140625,4950,100
hobby_level2_dial37,3,0.724044919013977,3584.022216796875,4950,100
hobby_level2_dial37,4,0.7780038118362427,3851.118896484375,4950,100
hobby_level2_dial37,5,0.7908990383148193,3914.9501953125,4950,100
hobby_level2_dial37,6,0.7844836115837097,3883.19384765625,4950,100
food_level2_dial3,1,0.7669147253036499,3796.22802734375,4950,100
food_level2_dial3,2,0.764290452003479,3783.23779296875,4950,100
food_level2_dial3,3,0.7838326692581177,3879.9716796875,4950,100
food_level2_dial3,4,0.7341650724411011,3634.1171875,4950,100
food_level2_dial3,5,0.7485929727554321,3705.53515625,4950,100
food_level2_dial3,6,0.7649680376052856,3786.591796875,4950,100
hobby_level2_dial38,1,0.6699798107147217,3316.400146484375,4950,100
hobby_level2_dial38,2,0.81203293800354,4019.56298828125,4950,100
hobby_level2_dial38,3,0.758331835269928,3753.74267578125,4950,100
hobby_level2_dial38,4,0.7682652473449707,3802.9130859375,4950,100
hobby_level2_dial38,5,0.7832478880882263,3877.076904296875,4950,100
hobby_level2_dial38,6,0.7721893787384033,3822.33740234375,4950,100
top25_dial4,1,0.761735737323761,3770.591796875,4950,100
top25_dial4,2,0.7711362838745117,3817.12451171875,4950,100
top25_dial4,3,0.7911147475242615,3916.01806640625,4950,100
top25_dial4,4,0.7887070178985596,3904.099853515625,4950,100
top25_dial4,5,0.7653734087944031,3788.598388671875,4950,100
top25_dial4,6,0.7558655142784119,3741.534423828125,4950,100
hobby_level1_dial14,1,0.7155756950378418,3542.099609375,4950,100
hobby_level1_dial14,2,0.7789957523345947,3856.029052734375,4950,100
hobby_level1_dial14,3,0.7569563984870911,3746.93408203125,4950,100
hobby_level1_dial14,4,0.7582806348800659,3753.489013671875,4950,100
hobby_level1_dial14,5,0.7786493301391602,3854.314208984375,4950,100
hobby_level1_dial14,6,0.7920709252357483,3920.7509765625,4950,100
top25_dial62,1,0.6945636868476868,3438.09033203125,4950,100
top25_dial62,2,0.6590395569801331,3262.245849609375,4950,100
top25_dial62,3,0.6367063522338867,3151.696533203125,4950,100
top25_dial62,4,0.7572832107543945,3748.5517578125,4950,100
top25_dial62,5,0.7554075717926025,3739.267578125,4950,100
top25_dial62,6,0.6987179517745972,3458.65380859375,4950,100
food_level3_dial21,1,0.7157957553863525,3543.18896484375,4950,100
food_level3_dial21,2,0.7394185066223145,3660.12158203125,4950,100
food_level3_dial21,3,0.7823024988174438,3872.3974609375,4950,100
food_level3_dial21,4,0.8353561758995056,4135.01318359375,4950,100
food_level3_dial21,5,0.7679683566093445,3801.443359375,4950,100
food_level3_dial21,6,0.7293846607208252,3610.4541015625,4950,100
hobby_level3_dial3,1,0.7671568393707275,3797.42626953125,4950,100
hobby_level3_dial3,2,0.7147760987281799,3538.1416015625,4950,100
hobby_level3_dial3,3,0.8196987509727478,4057.5087890625,4950,100
hobby_level3_dial3,4,0.7016904354095459,3473.36767578125,4950,100
hobby_level2_dial4,1,0.7058261036872864,3493.83935546875,4950,100
hobby_level2_dial4,2,0.7493862509727478,3709.4619140625,4950,100
hobby_level2_dial4,3,0.764058530330658,3782.08984375,4950,100
hobby_level2_dial4,4,0.7544171810150146,3734.364990234375,4950,100
hobby_level2_dial4,5,0.7493851780891418,3709.45654296875,4950,100
hobby_level2_dial4,6,0.7564247846603394,3744.302734375,4950,100
top25_dial17,1,0.758139431476593,3752.7900390625,4950,100
top25_dial17,2,0.8107759952545166,4013.341064453125,4950,100
top25_dial17,3,0.8127429485321045,4023.07763671875,4950,100
top25_dial17,4,0.7450505495071411,3688.000244140625,4950,100
top25_dial17,5,0.697010338306427,3450.201171875,4950,100
top25_dial17,6,0.7636536359786987,3780.08544921875,4950,100
hobby_level2_dial5,1,0.773239016532898,3827.533203125,4950,100
hobby_level2_dial5,2,0.7582534551620483,3753.3544921875,4950,100
hobby_level2_dial5,3,0.724575936794281,3586.65087890625,4950,100
hobby_level2_dial5,4,0.7817609906196594,3869.716796875,4950,100
hobby_level3_dial30,1,0.6947504281997681,3439.0146484375,4950,100
hobby_level3_dial30,2,0.7626900672912598,3775.31591796875,4950,100
hobby_level3_dial30,3,0.7030192017555237,3479.945068359375,4950,100
hobby_level3_dial30,4,0.747882068157196,3702.016357421875,4950,100
hobby_level3_dial30,5,0.8003997206687927,3961.978515625,4950,100
hobby_level3_dial30,6,0.7221060991287231,3574.425048828125,4950,100
hobby_level3_dial30,7,0.6175132393836975,3056.690673828125,4950,100
hobby_level3_dial32,1,0.7650524377822876,3787.009521484375,4950,100
hobby_level3_dial32,2,0.6827364563941956,3379.54541015625,4950,100
hobby_level2_dial6,1,0.762965202331543,3776.677734375,4950,100
hobby_level2_dial6,2,0.7489928007125854,3707.514404296875,4950,100
hobby_level2_dial6,3,0.7174737453460693,3551.4951171875,4950,100
hobby_level2_dial6,4,0.7115911841392517,3522.37646484375,4950,100
hobby_level2_dial6,5,0.7850273251533508,3885.88525390625,4950,100
hobby_level2_dial6,6,0.6766066551208496,3349.202880859375,4950,100
hobby_level1_dial15,1,0.7796952128410339,3859.4912109375,4950,100
hobby_level1_dial15,2,0.7980450391769409,3950.322998046875,4950,100
hobby_level1_dial15,3,0.7953662276268005,3937.062744140625,4950,100
hobby_level1_dial15,4,0.7702580690383911,3812.77734375,4950,100
hobby_level1_dial15,5,0.7309797406196594,3618.349609375,4950,100
hobby_level1_dial15,6,0.7519003748893738,3721.90673828125,4950,100
top25_dial40,1,0.7176928520202637,3552.57958984375,4950,100
top25_dial40,2,0.7362788915634155,3644.58056640625,4950,100
top25_dial40,3,0.7018598914146423,3474.20654296875,4950,100
top25_dial40,4,0.744974672794342,3687.624755859375,4950,100
top25_dial40,5,0.7611078023910522,3767.483642578125,4950,100
top25_dial40,6,0.7546499371528625,3735.51708984375,4950,100
top25_dial63,1,0.6764094829559326,3348.22705078125,4950,100
top25_dial63,2,0.728505551815033,3606.1025390625,4950,100
top25_dial63,3,0.7766295075416565,3844.316162109375,4950,100
top25_dial63,4,0.6537992358207703,3236.30615234375,4950,100
top25_dial63,5,0.7777330279350281,3849.778564453125,4950,100
top25_dial63,6,0.7442812323570251,3684.192138671875,4950,100
hobby_level2_dial12,1,0.7027540802955627,3478.6328125,4950,100
hobby_level2_dial12,2,0.7276818156242371,3602.02490234375,4950,100
hobby_level2_dial12,3,0.7375134229660034,3650.69140625,4950,100
hobby_level2_dial12,4,0.7653198838233948,3788.33349609375,4950,100
hobby_level2_dial12,5,0.7187450528144836,3557.7880859375,4950,100
hobby_level2_dial12,6,0.7168742418289185,3548.527587890625,4950,100
hobby_level2_dial12,7,0.7432862520217896,3679.26708984375,4950,100
food_level2_dial30,1,0.7573981285095215,3749.12060546875,4950,100
food_level2_dial30,2,0.8014069199562073,3966.96435546875,4950,100
food_level2_dial30,3,0.7990935444831848,3955.51318359375,4950,100
food_level2_dial30,4,0.765742301940918,3790.42431640625,4950,100
food_level2_dial30,5,0.7435199618339539,3680.423828125,4950,100
food_level2_dial30,6,0.7262910008430481,3595.140380859375,4950,100
top25_dial18,1,0.731533944606781,3621.093017578125,4950,100
top25_dial18,2,0.8141773343086243,4030.177734375,4950,100
top25_dial18,3,0.813080370426178,4024.747802734375,4950,100
top25_dial18,4,0.7428251504898071,3676.984375,4950,100
top25_dial18,5,0.7981849908828735,3951.015625,4950,100
top25_dial18,6,0.7496098875999451,3710.56884765625,4950,100
food_level3_dial22,1,0.6023728251457214,2981.74560546875,4950,100
food_level3_dial22,2,0.6800565123558044,3366.27978515625,4950,100
food_level3_dial22,3,0.6647381782531738,3290.4541015625,4950,100
food_level3_dial22,4,0.7282779812812805,3604.97607421875,4950,100
food_level3_dial22,5,0.759646475315094,3760.25,4950,100
food_level3_dial22,6,0.6581996083259583,3258.088134765625,4950,100
hobby_level2_dial14,1,0.8084081411361694,4001.620361328125,4950,100
hobby_level2_dial14,2,0.6938426494598389,3434.52099609375,4950,100
hobby_level2_dial14,3,0.7505670785903931,3715.30712890625,4950,100
hobby_level2_dial14,4,0.7356077432632446,3641.25830078125,4950,100
hobby_level2_dial14,5,0.7321381568908691,3624.083740234375,4950,100
hobby_level2_dial14,6,0.6605663895606995,3269.8037109375,4950,100
food_level3_dial23,1,0.7406281232833862,3666.109130859375,4950,100
food_level3_dial23,2,0.7547619342803955,3736.071533203125,4950,100
food_level3_dial23,3,0.7688170075416565,3805.64404296875,4950,100
food_level3_dial23,4,0.7950613498687744,3935.5537109375,4950,100
food_level3_dial23,5,0.7362951040267944,3644.66064453125,4950,100
food_level3_dial23,6,0.7430775761604309,3678.23388671875,4950,100
top25_dial64,1,0.7800443172454834,3861.219482421875,4950,100
top25_dial64,2,0.7645554542541504,3784.549560546875,4950,100
hobby_level2_dial15,1,0.768708348274231,3805.1064453125,4950,100
hobby_level2_dial15,2,0.7651188373565674,3787.33837890625,4950,100
hobby_level2_dial15,3,0.7344737648963928,3635.64501953125,4950,100
hobby_level2_dial15,4,0.7504847049713135,3714.8994140625,4950,100
hobby_level2_dial15,5,0.6463541388511658,3199.453125,4950,100
hobby_level2_dial15,6,0.6699382662773132,3316.1943359375,4950,100
top25_dial41,1,0.7064070105552673,3496.71484375,4950,100
top25_dial41,2,0.6737144589424133,3334.88671875,4950,100
top25_dial41,3,0.7887483239173889,3904.30419921875,4950,100
top25_dial41,4,0.7783889770507812,3853.025390625,4950,100
top25_dial41,5,0.6919398307800293,3425.10205078125,4950,100
top25_dial41,6,0.8078548908233643,3998.881591796875,4950,100
hobby_level2_dial7,1,0.7178128957748413,3553.173828125,4950,100
hobby_level2_dial7,2,0.7788185477256775,3855.15185546875,4950,100
hobby_level2_dial7,3,0.6578612327575684,3256.4130859375,4950,100
hobby_level2_dial7,4,0.7466621398925781,3695.9775390625,4950,100
hobby_level2_dial7,5,0.742245078086853,3674.11328125,4950,100
hobby_level2_dial7,6,0.754340648651123,3733.986083984375,4950,100
top25_dial19,1,0.7617982625961304,3770.9013671875,4950,100
top25_dial19,2,0.7493240833282471,3709.154296875,4950,100
top25_dial19,3,0.7154579162597656,3541.5166015625,4950,100
top25_dial19,4,0.796515166759491,3942.75,4950,100
top25_dial19,5,0.6346482634544373,3141.5087890625,4950,100
top25_dial19,6,0.6325520873069763,3131.1328125,4950,100
hobby_level2_dial16,1,0.7072922587394714,3501.0966796875,4950,100
hobby_level2_dial16,2,0.7408316135406494,3667.116455078125,4950,100
hobby_level2_dial16,3,0.7798648476600647,3860.3310546875,4950,100
food_level2_dial31,1,0.7884367108345032,3902.76171875,4950,100
food_level2_dial31,2,0.798496663570404,3952.55859375,4950,100
food_level2_dial31,3,0.7184692025184631,3556.422607421875,4950,100
food_level2_dial31,4,0.816882848739624,4043.570068359375,4950,100
food_level2_dial31,5,0.7455847263336182,3690.64453125,4950,100
food_level2_dial31,6,0.7659565210342407,3791.48486328125,4950,100
top25_dial65,1,0.8213282227516174,4065.57470703125,4950,100
top25_dial65,2,0.8106667995452881,4012.80078125,4950,100
top25_dial65,3,0.7695086598396301,3809.06787109375,4950,100
top25_dial65,4,0.8472569584846497,4193.921875,4950,100
top25_dial65,5,0.7383611798286438,3654.8876953125,4950,100
top25_dial65,6,0.7001117467880249,3465.55322265625,4950,100
food_level3_dial24,1,0.7595199942588806,3759.6240234375,4950,100
food_level3_dial24,2,0.8091679215431213,4005.38134765625,4950,100
food_level3_dial24,3,0.7912420034408569,3916.64794921875,4950,100
food_level3_dial24,4,0.7693141102790833,3808.10498046875,4950,100
food_level3_dial24,5,0.7982863187789917,3951.517333984375,4950,100
food_level3_dial24,6,0.7832918167114258,3877.29443359375,4950,100
hobby_level2_dial17,1,0.6745737791061401,3339.14013671875,4950,100
hobby_level2_dial17,2,0.7001425623893738,3465.70556640625,4950,100
hobby_level2_dial17,3,0.7610589265823364,3767.24169921875,4950,100
hobby_level2_dial17,4,0.6995148062705994,3462.59814453125,4950,100
hobby_level2_dial17,5,0.7616162300109863,3770.000244140625,4950,100
hobby_level2_dial17,6,0.6084180474281311,3011.669189453125,4950,100
top25_dial20,1,0.7915486693382263,3918.166015625,4950,100
top25_dial20,2,0.7474603652954102,3699.9287109375,4950,100
top25_dial20,3,0.7565947771072388,3745.14404296875,4950,100
top25_dial20,4,0.8089171051979065,4004.1396484375,4950,100
top25_dial20,5,0.7554661631584167,3739.5576171875,4950,100
top25_dial20,6,0.7483851313591003,3704.50634765625,4950,100
top25_dial42,1,0.7616828680038452,3770.330322265625,4950,100
top25_dial42,2,0.7690331935882568,3806.71435546875,4950,100
top25_dial42,3,0.7416762113571167,3671.29736328125,4950,100
top25_dial42,4,0.7450764775276184,3688.128662109375,4950,100
top25_dial42,5,0.7427511215209961,3676.6181640625,4950,100
top25_dial42,6,0.7597292065620422,3760.65966796875,4950,100
top25_dial21,1,0.7335282564163208,3630.96484375,4950,100
top25_dial21,2,0.6510745286941528,3222.81884765625,4950,100
top25_dial21,3,0.7319134473800659,3622.971435546875,4950,100
top25_dial21,4,0.7383615374565125,3654.8896484375,4950,100
top25_dial21,5,0.7106080055236816,3517.509765625,4950,100
top25_dial21,6,0.7320455312728882,3623.62548828125,4950,100
top25_dial21,7,0.7659381628036499,3791.393798828125,4950,100
top25_dial66,1,0.7760016322135925,3841.2080078125,4950,100
top25_dial66,2,0.6628845930099487,3281.27880859375,4950,100
hobby_level2_dial18,1,0.7046946883201599,3488.23876953125,4950,100
hobby_level2_dial18,2,0.7406174540519714,3666.056396484375,4950,100
hobby_level2_dial18,3,0.6825998425483704,3378.869140625,4950,100
hobby_level2_dial18,4,0.7124541401863098,3526.64794921875,4950,100
hobby_level2_dial18,5,0.6855015754699707,3393.23291015625,4950,100
hobby_level2_dial18,6,0.7185167074203491,3556.65771484375,4950,100
food_level2_dial33,1,0.6826921105384827,3379.325927734375,4950,100
food_level2_dial33,2,0.6675798296928406,3304.520263671875,4950,100
food_level2_dial33,3,0.7311058640480042,3618.97412109375,4950,100
food_level2_dial33,4,0.7629453539848328,3776.57958984375,4950,100
food_level2_dial33,5,0.7105746865272522,3517.3447265625,4950,100
food_level2_dial33,6,0.6796934008598328,3364.482421875,4950,100
top25_dial43,1,0.7731364369392395,3827.025390625,4950,100
top25_dial43,2,0.7139867544174194,3534.234375,4950,100
top25_dial43,3,0.6995247006416321,3462.647216796875,4950,100
top25_dial43,4,0.8163064122200012,4040.716796875,4950,100
top25_dial43,5,0.7357777953147888,3642.10009765625,4950,100
top25_dial43,6,0.6815481185913086,3373.663330078125,4950,100
food_level3_dial25,1,0.7616389393806458,3770.11279296875,4950,100
food_level3_dial25,2,0.7320813536643982,3623.802734375,4950,100
food_level3_dial25,3,0.7541019320487976,3732.8046875,4950,100
food_level3_dial25,4,0.7429465651512146,3677.58544921875,4950,100
food_level3_dial25,5,0.7714865207672119,3818.858154296875,4950,100
food_level3_dial25,6,0.6881745457649231,3406.4638671875,4950,100
hobby_level2_dial8,1,0.7628074288368225,3775.896728515625,4950,100
hobby_level2_dial8,2,0.7548178434371948,3736.348388671875,4950,100
hobby_level2_dial8,3,0.7658710479736328,3791.061767578125,4950,100
hobby_level2_dial8,4,0.739861011505127,3662.31201171875,4950,100
hobby_level2_dial8,5,0.7643035650253296,3783.302734375,4950,100
hobby_level2_dial8,6,0.7183781266212463,3555.9716796875,4950,100
top25_dial22,1,0.7138519883155823,3533.5673828125,4950,100
top25_dial22,2,0.729053795337677,3608.81640625,4950,100
top25_dial22,3,0.7662426233291626,3792.901123046875,4950,100
top25_dial22,4,0.7465555667877197,3695.4501953125,4950,100
top25_dial22,5,0.750479519367218,3714.87353515625,4950,100
top25_dial22,6,0.7247520089149475,3587.5224609375,4950,100
top25_dial44,1,0.6213605999946594,3075.735107421875,4950,100
top25_dial44,2,0.6985182762145996,3457.66552734375,4950,100
top25_dial44,3,0.6994085311889648,3462.072265625,4950,100
top25_dial44,4,0.7478432059288025,3701.82373046875,4950,100
top25_dial44,5,0.6828676462173462,3380.19482421875,4950,100
food_level2_dial34,1,0.7539430260658264,3732.01806640625,4950,100
food_level2_dial34,2,0.7991028428077698,3955.55908203125,4950,100
food_level2_dial34,3,0.7912048101425171,3916.4638671875,4950,100
food_level2_dial34,4,0.7879750728607178,3900.4765625,4950,100
food_level2_dial34,5,0.7747319936752319,3834.92333984375,4950,100
food_level2_dial34,6,0.7818504571914673,3870.15966796875,4950,100
hobby_level2_dial19,1,0.7005980014801025,3467.9599609375,4950,100
hobby_level2_dial19,2,0.7531729340553284,3728.2060546875,4950,100
hobby_level2_dial19,3,0.8005680441856384,3962.811767578125,4950,100
hobby_level2_dial19,4,0.7867817282676697,3894.569580078125,4950,100
hobby_level2_dial19,5,0.8606874346733093,4260.40283203125,4950,100
hobby_level2_dial19,6,0.9227371215820312,4567.548828125,4950,100
top25_dial67,1,0.6487141847610474,3211.13525390625,4950,100
top25_dial67,2,0.649575412273407,3215.3984375,4950,100
top25_dial67,3,0.6973766088485718,3452.01416015625,4950,100
top25_dial67,4,0.7195207476615906,3561.627685546875,4950,100
top25_dial67,5,0.7082507610321045,3505.84130859375,4950,100
top25_dial67,6,0.7559043765068054,3741.7265625,4950,100
top25_dial45,1,0.6623784899711609,3278.7734375,4950,100
top25_dial45,2,0.6494088768959045,3214.573974609375,4950,100
top25_dial45,3,0.6580016016960144,3257.10791015625,4950,100
top25_dial45,4,0.7810031175613403,3865.96533203125,4950,100
top25_dial45,5,0.712855339050293,3528.634033203125,4950,100
top25_dial45,6,0.7542997002601624,3733.783447265625,4950,100
food_level2_dial35,1,0.7845357656478882,3883.4521484375,4950,100
food_level2_dial35,2,0.687084436416626,3401.06787109375,4950,100
food_level2_dial35,3,0.6700618267059326,3316.80615234375,4950,100
food_level2_dial35,4,0.7492259740829468,3708.66845703125,4950,100
food_level2_dial35,5,0.7961941957473755,3941.1611328125,4950,100
food_level2_dial35,6,0.723049521446228,3579.09521484375,4950,100
top25_dial68,1,0.6542328596115112,3238.45263671875,4950,100
top25_dial68,2,0.667210578918457,3302.6923828125,4950,100
top25_dial68,3,0.7759209275245667,3840.80859375,4950,100
top25_dial68,4,0.7859302759170532,3890.35498046875,4950,100
top25_dial68,5,0.7145593166351318,3537.068603515625,4950,100
top25_dial68,6,0.7293832898139954,3610.447265625,4950,100
top25_dial7,1,0.70316481590271,3480.665771484375,4950,100
top25_dial7,2,0.6835773587226868,3383.7080078125,4950,100
top25_dial7,3,0.7819799780845642,3870.801025390625,4950,100
top25_dial7,4,0.7039024233818054,3484.31689453125,4950,100
top25_dial7,5,0.7359492182731628,3642.94873046875,4950,100
top25_dial7,6,0.7250490188598633,3588.99267578125,4950,100
top25_dial70,1,0.6595151424407959,3264.60009765625,4950,100
top25_dial70,2,0.6718313097953796,3325.56494140625,4950,100
top25_dial70,3,0.6478241682052612,3206.729736328125,4950,100
top25_dial70,4,0.6915269494056702,3423.058349609375,4950,100
top25_dial8,1,0.7749173641204834,3835.8408203125,4950,100
top25_dial8,2,0.7337967753410339,3632.2939453125,4950,100
top25_dial8,3,0.7604532837867737,3764.24365234375,4950,100
top25_dial8,4,0.7121561765670776,3525.173095703125,4950,100
top25_dial8,5,0.7150957584381104,3539.72412109375,4950,100
top25_dial8,6,0.7230740189552307,3579.21630859375,4950,100
top25_dial9,1,0.6733178496360779,3332.92333984375,4950,100
top25_dial9,2,0.694089412689209,3435.74267578125,4950,100
top25_dial9,3,0.5677409172058105,2810.317626953125,4950,100
top25_dial9,4,0.7445535659790039,3685.5400390625,4950,100
top25_dial9,5,0.8169420957565308,4043.86328125,4950,100
top25_dial9,6,0.7183050513267517,3555.60986328125,4950,100
top25_dial47,1,0.7003924250602722,3466.9423828125,4950,100
top25_dial47,2,0.7448986172676086,3687.248291015625,4950,100
top25_dial47,3,0.749724268913269,3711.13525390625,4950,100
top25_dial47,4,0.8040844202041626,3980.2177734375,4950,100
top25_dial47,5,0.7871831655502319,3896.556640625,4950,100
top25_dial47,6,0.7073916792869568,3501.5888671875,4950,100
top25_dial47,7,0.7072625160217285,3500.949462890625,4950,100
top25_dial48,1,0.7044497728347778,3487.0263671875,4950,100
top25_dial48,2,0.7616543173789978,3770.18896484375,4950,100
top25_dial48,3,0.7023707032203674,3476.73486328125,4950,100
top25_dial48,4,0.7698554992675781,3810.78466796875,4950,100
top25_dial48,5,0.7714539170265198,3818.69677734375,4950,100
top25_dial48,6,0.8119749426841736,4019.27587890625,4950,100
top25_dial49,1,0.7133622765541077,3531.143310546875,4950,100
top25_dial49,2,0.7276102900505066,3601.6708984375,4950,100
top25_dial49,3,0.704112708568573,3485.35791015625,4950,100
top25_dial49,4,0.7228513956069946,3578.114501953125,4950,100
top25_dial49,5,0.8388515114784241,4152.31494140625,4950,100
top25_dial49,6,0.7183848023414612,3556.0048828125,4950,100
