conv_id,turn_id,simplified_clarity,num_terms
food_level3_dial26,1,9.979469779198782,5
food_level3_dial26,2,6.524270414439489,7
food_level3_dial26,3,7.554280869403818,6
food_level3_dial26,4,11.620607633982171,3
food_level3_dial26,5,5.214557939810282,5
food_level3_dial26,6,8.525928464177504,9
hobby_level1_dial16,1,7.180621499979394,4
hobby_level1_dial16,2,8.348267492525656,7
hobby_level1_dial16,3,9.08029133094004,7
hobby_level1_dial16,4,6.349591202118438,16
hobby_level1_dial16,5,5.023089051728539,6
hobby_level1_dial16,6,5.527323187638447,11
top25_dial5,1,10.673192350427994,8
top25_dial5,2,8.190760522904206,12
top25_dial5,3,7.437223445402708,12
food_level2_dial36,1,9.58834782578853,5
food_level2_dial36,2,8.871072816982904,5
food_level2_dial36,3,10.228948335699624,6
food_level2_dial36,4,11.880426951579803,7
food_level2_dial36,5,7.988810347387002,5
food_level3_dial27,1,8.109956564296464,9
food_level3_dial27,2,4.030455264185974,3
food_level3_dial27,3,5.09354539779108,6
food_level3_dial27,4,10.807359711766965,7
food_level3_dial27,5,6.131232214800483,7
food_level3_dial27,6,9.034565546512914,5
food_level2_dial37,1,7.150560370217895,9
food_level2_dial37,2,8.804640601667646,6
food_level2_dial37,3,12.094793769994704,6
food_level2_dial37,4,8.06466770131551,8
food_level2_dial37,5,6.592861488685418,7
food_level2_dial37,6,9.142894335581108,6
food_level2_dial12,1,9.118916694829815,12
food_level2_dial12,2,10.333347448967903,7
food_level2_dial12,3,9.795259156832872,7
food_level2_dial12,4,8.421892563320654,8
food_level2_dial12,5,7.256665102081605,7
food_level2_dial12,6,7.401329436696276,7
hobby_level2_dial2,1,6.404897546850468,7
hobby_level2_dial2,2,8.115035237901905,9
hobby_level2_dial2,3,6.679153867754062,5
hobby_level2_dial2,4,8.17563613111497,8
hobby_level2_dial2,5,9.69733247273328,7
hobby_level2_dial2,6,9.25305577431202,7
hobby_level3_dial33,1,7.3806711768061755,8
hobby_level3_dial33,2,9.967131324619547,10
hobby_level3_dial33,3,9.391556700875501,7
hobby_level3_dial33,4,9.244473936355709,9
hobby_level3_dial33,5,9.208485276419392,6
hobby_level3_dial33,6,5.643201465837888,8
food_level1_dial1,1,8.477163710577713,8
food_level1_dial1,2,9.546030325641707,7
hobby_level1_dial17,1,7.019310956333949,7
hobby_level1_dial17,2,7.520219167302038,5
hobby_level1_dial17,3,4.795049923725539,5
hobby_level1_dial17,4,6.028270148476377,5
hobby_level1_dial17,5,7.668361063412879,10
hobby_level1_dial17,6,5.127768053837093,6
top25_dial23,1,8.49650209651109,8
top25_dial23,2,8.905925427226782,8
top25_dial23,3,7.0049044128199265,8
top25_dial23,4,7.148868179240721,13
top25_dial23,5,5.840749123110833,7
top25_dial23,6,8.454999507281837,10
food_level3_dial28,1,8.877899422745722,5
food_level3_dial28,2,10.409422405344769,4
food_level3_dial28,3,9.860261249254872,8
food_level3_dial28,4,9.43130218985747,9
food_level3_dial28,5,8.517831170846241,4
food_level3_dial28,6,8.488414117737461,4
hobby_level2_dial20,1,8.314995662391647,5
hobby_level2_dial20,2,6.195889433598951,8
hobby_level2_dial20,3,9.395461078695739,6
hobby_level2_dial20,4,8.43043417385834,5
hobby_level2_dial20,5,8.181235847599098,5
hobby_level2_dial20,6,9.219274773434412,8
top25_dial50,1,8.593694731701241,8
top25_dial50,2,9.914515923297879,7
top25_dial50,3,11.019748923940684,7
top25_dial50,4,10.119759535378245,9
top25_dial50,5,11.610688509288599,7
top25_dial50,6,7.46600592193449,6
hobby_level3_dial34,1,9.67402868969711,6
hobby_level3_dial34,2,8.539449538075067,7
hobby_level3_dial34,3,14.204979916873668,5
hobby_level3_dial34,4,7.81804564278012,7
hobby_level3_dial34,5,12.064519316060853,6
hobby_level3_dial34,6,10.57578808523245,6
food_level1_dial10,1,8.590952469828386,6
food_level1_dial10,2,10.710665310886089,8
food_level1_dial10,3,9.535165674321192,3
food_level1_dial10,4,10.89207463186486,4
food_level1_dial10,5,8.016420532922776,11
food_level1_dial10,6,9.359786784642623,3
food_level2_dial38,1,9.905262834058622,5
food_level2_dial38,2,9.70662964909269,3
food_level2_dial38,3,13.458535977290541,4
food_level2_dial38,4,8.183292187446208,5
food_level2_dial38,5,5.413761173100561,13
food_level2_dial38,6,10.982998197238784,5
food_level2_dial38,7,7.752548347261938,6
top25_dial24,1,8.497870281960122,8
top25_dial24,2,7.48094713955337,14
top25_dial24,3,9.128181713275698,10
top25_dial24,4,9.124628500760801,6
top25_dial24,5,8.056732196371126,11
top25_dial24,6,11.585184385624157,7
food_level3_dial29,1,7.22527799808688,6
food_level3_dial29,2,6.585905512622517,9
food_level3_dial29,3,11.23327848046879,5
food_level3_dial29,4,7.1933503431640755,6
food_level3_dial29,5,11.005570551769825,5
food_level3_dial29,6,8.758281430709108,5
hobby_level2_dial9,1,7.3662810881931104,5
hobby_level2_dial9,2,5.555591496755233,9
hobby_level2_dial9,3,7.427396972663798,8
hobby_level2_dial9,4,7.012574816158895,8
hobby_level2_dial9,5,9.614029180654619,5
top25_dial51,1,10.10411928481232,7
top25_dial51,2,5.95117333606655,11
top25_dial51,3,6.433110704231607,10
top25_dial51,4,8.670164846206827,4
top25_dial51,5,9.37823750353239,6
top25_dial51,6,8.00875122484755,5
hobby_level3_dial35,1,10.932693539068536,7
hobby_level3_dial35,2,7.969842043639584,4
hobby_level3_dial35,3,8.987008033253717,9
hobby_level3_dial35,4,10.628010343121332,11
hobby_level3_dial35,5,11.096389345080427,5
hobby_level3_dial35,6,8.783858076663028,12
hobby_level3_dial35,7,8.201650802882398,8
food_level1_dial11,1,6.927427936513265,8
food_level1_dial11,2,8.616399523813014,8
food_level1_dial11,3,13.633634175092931,7
food_level1_dial11,4,13.090571269752243,6
food_level1_dial11,5,7.586115681746039,10
food_level1_dial11,6,9.521752106085808,5
hobby_level2_dial21,1,12.119452548409749,8
hobby_level2_dial21,2,9.812734618863786,9
hobby_level2_dial21,3,10.202629611463847,7
hobby_level2_dial21,4,10.583182532735947,4
food_level2_dial4,1,7.7784096241896545,8
food_level2_dial4,2,6.57985500188121,5
food_level2_dial4,3,10.462543764470649,5
food_level2_dial4,4,8.643044404820355,5
food_level2_dial4,5,6.734093336473488,10
food_level2_dial4,6,10.206982871709297,5
hobby_level3_dial1,1,9.084318171876907,5
hobby_level3_dial1,2,6.810706362425868,11
hobby_level3_dial1,3,6.6912417766080985,9
hobby_level3_dial1,4,8.291700213465976,10
hobby_level3_dial1,5,8.484888320010153,11
hobby_level3_dial1,6,9.9682615747121,4
hobby_level1_dial18,1,8.715241102029452,6
hobby_level1_dial18,2,7.688952244950232,6
hobby_level1_dial18,3,8.091021329674856,10
hobby_level1_dial18,4,8.598599437422251,5
hobby_level1_dial18,5,7.72682208754658,11
hobby_level1_dial18,6,11.683079939608792,5
food_level1_dial12,1,10.87845158087304,5
food_level1_dial12,2,12.16332655164904,5
food_level1_dial12,3,14.736977468415663,3
food_level1_dial12,4,9.414035411092062,9
food_level1_dial12,5,7.741671433681567,6
food_level1_dial12,6,15.58112492746422,3
top25_dial52,1,7.729495273000226,7
top25_dial52,2,6.6774583035076205,8
hobby_level3_dial36,1,8.130180998398446,8
hobby_level3_dial36,2,9.02724360771727,5
hobby_level3_dial36,3,8.457790492135752,7
food_level3_dial3,1,5.4924788653093986,7
food_level3_dial3,2,7.796966598722481,9
food_level3_dial3,3,8.698053463662799,6
food_level3_dial3,4,9.102505642359919,8
food_level3_dial3,5,6.191763161648911,8
food_level3_dial3,6,6.226508732555309,10
hobby_level2_dial22,1,10.757626501064312,4
hobby_level2_dial22,2,10.144310550804567,6
hobby_level2_dial22,3,8.8324450223109,8
hobby_level2_dial22,4,5.9898360139132105,8
hobby_level2_dial22,5,9.81507451507981,6
hobby_level2_dial22,6,9.669459210981874,8
food_level2_dial5,1,10.971987166843592,6
food_level2_dial5,2,13.106093034330975,7
food_level2_dial5,3,10.793566360110008,8
food_level1_dial13,1,7.813146415625061,8
food_level1_dial13,2,9.611605978176078,6
food_level1_dial13,3,8.55279256898596,6
hobby_level3_dial37,1,10.587800647289878,9
hobby_level3_dial37,2,7.857035028820791,9
hobby_level3_dial37,3,8.879449777790523,8
hobby_level3_dial37,4,5.852397816938318,9
hobby_level3_dial37,5,7.626716053651387,7
hobby_level3_dial37,6,8.01081748924269,9
hobby_level3_dial10,1,7.2695472841386835,8
hobby_level3_dial10,2,7.611326609160853,11
hobby_level3_dial10,3,6.710702312089297,8
hobby_level3_dial10,4,10.018595733411068,6
food_level2_dial13,1,11.72121346704696,6
food_level2_dial13,2,5.72422226074414,6
food_level2_dial13,3,8.065320533685888,6
food_level2_dial13,4,5.680053544519701,10
food_level2_dial13,5,5.929036249068594,4
food_level2_dial13,6,6.255684710078407,9
food_level3_dial30,1,8.235478496837187,5
food_level3_dial30,2,7.1546669243198435,9
food_level3_dial30,3,8.622464209594671,6
food_level3_dial30,4,6.796688448646315,5
food_level3_dial30,5,8.412906327356643,8
food_level3_dial30,6,9.377321538475588,10
food_level3_dial30,7,7.290010096210496,11
food_level1_dial14,1,7.790282594521939,6
food_level1_dial14,2,11.476393065884102,4
food_level1_dial14,3,9.36094233454472,6
food_level1_dial14,4,9.186153026057712,3
food_level1_dial14,5,10.105139126956185,7
food_level1_dial14,6,11.420419478751416,4
hobby_level1_dial19,1,10.158696207098366,7
hobby_level1_dial19,2,7.71095102712398,10
hobby_level1_dial19,3,9.393578732030047,6
hobby_level1_dial19,4,7.483150338524168,11
hobby_level1_dial19,5,9.624186534048434,8
hobby_level1_dial19,6,7.51399065015972,10
top25_dial53,1,8.7890843906243,6
top25_dial53,2,7.624981948947718,6
top25_dial53,3,8.699444793019577,7
top25_dial53,4,8.655896322417462,6
top25_dial53,5,9.874436092558662,8
top25_dial53,6,9.849108705427351,5
food_level3_dial31,1,9.553370610404457,5
food_level3_dial31,2,8.32625525800944,9
food_level3_dial31,3,9.082540304222102,10
food_level3_dial31,4,10.142494852303955,5
food_level3_dial31,5,9.769193735596401,5
food_level3_dial31,6,9.241051548903132,8
hobby_level1_dial2,1,9.03405310544549,7
hobby_level1_dial2,2,6.5872393584319795,6
hobby_level1_dial2,3,7.486652557843109,6
hobby_level1_dial2,4,10.47226551093226,5
hobby_level1_dial2,5,5.234437281698307,8
hobby_level1_dial2,6,4.23807020049734,7
food_level2_dial14,1,9.720771587917755,5
food_level2_dial14,2,9.018140114615257,8
food_level2_dial14,3,12.008085412559286,4
food_level2_dial14,4,14.860776277076356,3
food_level2_dial14,5,7.255457808037908,3
food_level2_dial14,6,7.281457039708483,6
hobby_level3_dial38,1,8.346969117268664,7
hobby_level3_dial38,2,8.902296976502198,5
hobby_level3_dial38,3,6.942049260849055,7
hobby_level3_dial38,4,6.23953789530935,7
hobby_level3_dial38,5,7.491008888186346,7
hobby_level3_dial38,6,7.722854444588928,13
hobby_level2_dial23,1,7.302104087846519,5
hobby_level2_dial23,2,6.999851477027793,6
hobby_level2_dial23,3,8.499964353539186,4
hobby_level2_dial23,4,9.902398096649996,7
hobby_level2_dial23,5,7.764266741537538,10
hobby_level2_dial23,6,10.319037043282508,7
hobby_level3_dial11,1,10.563528131272271,4
hobby_level3_dial11,2,7.662071604536557,9
hobby_level3_dial11,3,8.103265589161118,6
hobby_level3_dial11,4,6.833866603155073,16
hobby_level3_dial11,5,11.174042326551895,5
hobby_level3_dial11,6,11.018761009241636,5
hobby_level3_dial11,7,5.871919788536385,8
food_level1_dial15,1,11.352618016760044,4
food_level1_dial15,2,6.61560555085307,5
food_level1_dial15,3,8.160190290682355,8
food_level1_dial15,4,8.891623955181267,5
food_level1_dial15,5,9.502540256755758,4
food_level1_dial15,6,7.364467393657296,8
food_level3_dial32,1,12.486430751226141,5
food_level3_dial32,2,12.257074249463415,5
food_level3_dial32,3,10.29009548619711,7
food_level3_dial32,4,15.806740604985784,4
food_level3_dial32,5,10.79378207956329,10
food_level3_dial32,6,9.648650377022284,7
top25_dial25,1,9.154138734071644,7
top25_dial25,2,7.979023059924881,5
top25_dial25,3,9.306096927125282,7
top25_dial25,4,7.6424667098906856,7
top25_dial25,5,9.381171540600397,7
top25_dial25,6,7.54243810624021,9
hobby_level3_dial4,1,7.6568153496074105,5
hobby_level3_dial4,2,10.58495355458891,4
hobby_level3_dial4,3,10.081777944353002,6
hobby_level1_dial20,1,14.246525103331503,4
hobby_level1_dial20,2,9.181156238072115,5
hobby_level1_dial20,3,6.265860530644768,7
hobby_level1_dial20,4,7.996097263268236,12
hobby_level1_dial20,5,9.589743176609804,7
hobby_level1_dial20,6,4.317992029174924,3
food_level2_dial15,1,9.46434981861001,6
food_level2_dial15,2,8.091271835092753,5
food_level2_dial15,3,7.321849767043825,5
food_level2_dial15,4,10.419612605299548,5
food_level2_dial15,5,7.0885711536424765,8
food_level2_dial15,6,8.942826673636823,5
food_level3_dial33,1,8.779337615716491,8
food_level3_dial33,2,7.079084592169515,7
food_level3_dial33,3,9.738007085144364,5
food_level3_dial33,4,8.352434783500946,9
hobby_level3_dial13,1,8.96819729403614,7
hobby_level3_dial13,2,6.606819548960964,17
hobby_level3_dial13,3,8.728694061743676,8
hobby_level3_dial13,4,4.8088419907631454,5
hobby_level3_dial13,5,4.924652232708027,6
hobby_level3_dial13,6,7.079249840497301,4
food_level1_dial16,1,9.790900685256348,7
food_level1_dial16,2,8.162351582838584,7
food_level1_dial16,3,5.2825622078794385,4
food_level1_dial16,4,7.595901675569462,5
food_level1_dial16,5,6.905536135138826,9
food_level1_dial16,6,10.915426952994583,5
food_level2_dial16,1,5.585541188320628,5
food_level2_dial16,2,6.972018400754109,7
food_level2_dial16,3,8.462556152596408,5
food_level2_dial16,4,6.626210802582941,4
food_level2_dial16,5,10.51354039520247,4
food_level2_dial16,6,5.193196942106349,11
hobby_level3_dial5,1,8.118455196175901,9
hobby_level3_dial5,2,7.992484083978251,6
hobby_level3_dial5,3,9.25665540453592,10
hobby_level3_dial5,4,9.567059709880809,6
hobby_level3_dial5,5,8.878074278237737,6
hobby_level3_dial5,6,6.493022908908572,7
food_level3_dial34,1,8.87106250585952,6
food_level3_dial34,2,11.35824564160204,6
food_level3_dial34,3,10.316105544382172,7
food_level3_dial34,4,8.55847751777128,6
food_level3_dial34,5,9.306672660430845,7
food_level3_dial34,6,12.309046809052075,4
food_level1_dial17,1,8.062215316800891,4
food_level1_dial17,2,7.680372531022548,4
food_level1_dial17,3,7.303911522554099,5
food_level1_dial17,4,9.538575739311625,3
food_level1_dial17,5,11.102993003845,7
food_level1_dial17,6,7.253244023394716,6
food_level2_dial17,1,7.805750761800229,7
food_level2_dial17,2,9.23657756444378,4
food_level2_dial17,3,10.693270323658817,5
food_level2_dial17,4,10.199993904183815,7
food_level2_dial17,5,8.725023104980247,5
food_level2_dial17,6,9.616982292783982,4
top25_dial54,1,7.028879150497569,7
top25_dial54,2,9.085844518198959,6
top25_dial54,3,7.682460153399323,6
top25_dial26,1,6.733531350573369,8
top25_dial26,2,7.175558001622205,10
top25_dial26,3,9.820265510483702,7
top25_dial26,4,11.532126931028763,3
top25_dial26,5,7.67574283712563,10
top25_dial26,6,7.327459006093824,7
food_level1_dial18,1,9.277648985363586,6
food_level1_dial18,2,9.686569456700596,7
food_level1_dial18,3,8.895140001503643,11
food_level1_dial18,4,7.388268173682544,8
food_level1_dial18,5,7.275215346564862,8
food_level1_dial18,6,8.726917362982553,7
hobby_level3_dial15,1,8.32936467202651,6
hobby_level3_dial15,2,10.060594796529662,8
hobby_level3_dial15,3,7.957164544406271,13
hobby_level3_dial15,4,6.5453772529705905,9
hobby_level3_dial15,5,8.9034607627327,8
hobby_level3_dial15,6,9.36243440986074,7
food_level2_dial6,1,8.855145856553472,5
food_level2_dial6,2,7.980962248249582,8
food_level2_dial6,3,6.993108187014635,7
food_level2_dial6,4,7.282563193490068,15
food_level2_dial6,5,9.78293310360434,6
food_level2_dial6,6,6.814198711544076,7
hobby_level1_dial21,1,7.156503623051997,9
hobby_level1_dial21,2,8.123347663723923,6
hobby_level1_dial21,3,12.093458508587243,4
hobby_level1_dial21,4,7.182386264420659,10
hobby_level1_dial21,5,7.184607462515292,5
hobby_level1_dial21,6,7.3020619565813,7
food_level3_dial35,1,3.9042146999229903,4
food_level3_dial35,2,5.914413596004782,4
food_level3_dial35,3,7.684661041313087,3
food_level3_dial35,4,7.920729915195208,6
food_level3_dial35,5,8.225663078106102,5
food_level3_dial35,6,7.118795436787398,9
hobby_level3_dial16,1,8.285292707228681,8
hobby_level3_dial16,2,7.794257119045209,7
hobby_level3_dial16,3,9.485959244762448,12
hobby_level3_dial16,4,7.433213873716404,7
hobby_level3_dial16,5,8.840326743982633,5
hobby_level3_dial16,6,8.599426754592391,7
hobby_level3_dial6,1,11.623044546861756,5
hobby_level3_dial6,2,9.683586479417645,8
hobby_level3_dial6,3,9.339351487600872,5
hobby_level3_dial6,4,10.915821206949452,5
hobby_level3_dial6,5,6.344088750187027,11
hobby_level3_dial6,6,9.83873315206182,6
food_level2_dial7,1,5.4785690535981315,13
food_level2_dial7,2,5.702245477332264,10
food_level2_dial7,3,6.310285802346225,6
food_level2_dial7,4,9.976736358811404,9
food_level2_dial7,5,9.806183244727942,5
food_level2_dial7,6,9.821440498142284,7
hobby_level1_dial22,1,8.114897415224277,4
hobby_level1_dial22,2,8.885024184971817,3
hobby_level1_dial22,3,10.344611847913319,8
hobby_level1_dial22,4,9.5691242014808,6
hobby_level1_dial22,5,7.698831748647738,8
hobby_level1_dial22,6,8.951149720670875,10
food_level1_dial19,1,12.377484030937024,7
food_level1_dial19,2,8.467800253590344,6
food_level1_dial19,3,7.997928670438804,14
food_level1_dial19,4,11.116434758295608,5
top25_dial55,1,11.113753325601813,4
top25_dial55,2,10.538692080320772,5
top25_dial55,3,6.699985632108251,5
top25_dial55,4,9.004909875644609,11
top25_dial55,5,5.933373574060062,5
top25_dial55,6,7.238329063997365,7
food_level3_dial36,1,6.241355412992509,6
food_level3_dial36,2,9.350677582107709,6
food_level3_dial36,3,9.512115800696652,6
food_level3_dial36,4,8.92146492795979,9
food_level3_dial36,5,7.703351980576772,5
food_level3_dial36,6,8.5713882134338,7
hobby_level3_dial17,1,8.26592517074341,8
hobby_level3_dial17,2,8.994550091814542,7
hobby_level3_dial17,3,10.022682297111244,11
hobby_level3_dial17,4,6.539018324168649,9
hobby_level3_dial17,5,9.165222236863125,8
hobby_level3_dial17,6,7.467522097734669,4
hobby_level1_dial23,1,8.675495379693507,5
hobby_level1_dial23,2,5.303255960106924,8
hobby_level1_dial23,3,7.11224273429297,7
hobby_level1_dial23,4,8.082407045281936,6
hobby_level1_dial23,5,6.185504315874466,5
hobby_level1_dial23,6,9.411760515641491,6
hobby_level3_dial7,1,6.384674043413739,4
hobby_level3_dial7,2,7.997743743921253,3
hobby_level3_dial7,3,10.204034115584278,4
hobby_level3_dial7,4,8.476666196724622,8
hobby_level3_dial7,5,8.955471762598343,4
hobby_level3_dial7,6,9.34786280521434,8
food_level2_dial8,1,10.425865275715617,8
food_level2_dial8,2,8.478328943396594,9
food_level2_dial8,3,7.736901429901186,10
food_level2_dial8,4,8.648057967477085,10
food_level2_dial8,5,10.039002267011693,9
food_level2_dial8,6,9.995875008318237,12
top25_dial27,1,8.084632084275523,7
top25_dial27,2,10.136053525902788,7
top25_dial27,3,9.33950123149629,6
top25_dial27,4,9.027459826664877,6
top25_dial27,5,6.640480665141855,7
top25_dial27,6,6.202215163790708,11
food_level2_dial9,1,11.270685820998077,4
food_level2_dial9,2,8.779602659842675,27
food_level2_dial9,3,9.759189077692236,7
food_level2_dial9,4,6.758531229181079,6
food_level2_dial9,5,6.209736427907453,8
food_level2_dial9,6,5.1508637656255285,6
hobby_level2_dial24,1,8.602144600085545,4
hobby_level2_dial24,2,5.779696716494585,7
hobby_level2_dial24,3,8.46233704962672,8
hobby_level2_dial24,4,12.44038095372892,4
hobby_level2_dial24,5,7.009502930956809,11
hobby_level2_dial24,6,6.554323351462839,5
hobby_level2_dial24,7,6.682386481048436,10
hobby_level1_dial3,1,5.5816079413249415,6
hobby_level1_dial3,2,7.423798652020677,5
hobby_level1_dial3,3,10.453754516167734,8
hobby_level1_dial3,4,10.258940019576427,10
hobby_level1_dial3,5,8.558654534951463,9
hobby_level1_dial3,6,9.757620563097397,4
food_level1_dial2,1,9.230679968776098,6
food_level1_dial2,2,12.990733799459033,5
food_level1_dial2,3,13.157400427862722,4
food_level1_dial2,4,9.293541678972543,5
food_level1_dial2,5,6.801276043031654,10
food_level1_dial2,6,9.61169941920662,10
food_level1_dial2,7,9.646481598455969,8
food_level2_dial19,1,10.772417248414534,9
food_level2_dial19,2,10.221777005483439,9
food_level2_dial19,3,13.143281420626327,5
food_level2_dial19,4,13.337655450110336,9
food_level2_dial19,5,13.929847383887523,6
food_level2_dial19,6,7.69437427798011,7
hobby_level2_dial25,1,6.406510745041963,7
hobby_level2_dial25,2,7.557843526976694,8
hobby_level2_dial25,3,7.500375122776102,8
hobby_level2_dial25,4,8.852232124095519,7
hobby_level2_dial25,5,8.55221203704647,7
hobby_level2_dial25,6,11.643941779033874,6
hobby_level3_dial18,1,11.261490963245372,6
hobby_level3_dial18,2,10.936684015108167,6
hobby_level3_dial18,3,11.388177406782134,7
hobby_level3_dial18,4,6.288492193755356,8
hobby_level3_dial18,5,10.308883431944231,7
hobby_level3_dial18,6,10.622826399441049,6
food_level3_dial37,1,7.72367718539384,8
food_level3_dial37,2,8.732440013518293,9
food_level3_dial37,3,9.896129461278559,9
food_level3_dial37,4,11.043716411409811,5
food_level3_dial37,5,10.968424561321388,6
food_level3_dial37,6,6.3382347026237085,8
hobby_level3_dial8,1,9.10020197040157,5
hobby_level3_dial8,2,9.831641670837984,8
hobby_level3_dial8,3,7.459038960007683,10
hobby_level3_dial8,4,11.914927960747944,3
hobby_level3_dial8,5,10.000751868967399,5
hobby_level3_dial8,6,9.165514276961062,6
food_level3_dial38,1,10.334477895233753,7
food_level3_dial38,2,11.168780415954078,5
food_level3_dial38,3,7.164156070438757,8
food_level3_dial38,4,12.490782778819097,5
food_level3_dial38,5,6.47243777601229,3
food_level3_dial38,6,7.686553908524524,6
top25_dial56,1,8.188282951782794,6
top25_dial56,2,5.625983385953063,5
top25_dial56,3,10.278674306736407,6
top25_dial56,4,7.702240050569802,6
top25_dial56,5,14.156357756907713,6
top25_dial56,6,7.0469946880671115,7
top25_dial28,1,11.041166737812615,5
top25_dial28,2,8.70319935122455,8
top25_dial28,3,6.821054324979856,9
top25_dial28,4,8.29156534625675,6
top25_dial28,5,8.204971190217321,10
top25_dial28,6,7.627644529685897,7
top25_dial28,7,8.547206995711386,10
hobby_level1_dial4,1,7.451045983774353,5
hobby_level1_dial4,2,9.262902441236053,6
hobby_level1_dial4,3,10.443603581209706,6
hobby_level1_dial4,4,8.665608288545586,6
hobby_level1_dial4,5,10.650869571482867,4
hobby_level1_dial4,6,9.800097453296855,5
hobby_level1_dial4,7,5.310255380285394,5
hobby_level3_dial9,1,7.9963373595690594,10
hobby_level3_dial9,2,6.568212276142445,10
hobby_level3_dial9,3,8.593702399830509,8
hobby_level3_dial19,1,0.0,2
hobby_level3_dial19,2,6.7486152122852054,6
hobby_level3_dial19,3,8.601839478993737,3
hobby_level3_dial19,4,8.664543342912312,7
hobby_level3_dial19,5,9.334247671439144,3
hobby_level3_dial19,6,8.001255242240035,9
hobby_level3_dial19,7,5.336605779851112,7
hobby_level2_dial26,1,9.62000424980032,6
hobby_level2_dial26,2,8.687412532438865,7
hobby_level2_dial26,3,6.397614716295517,8
hobby_level2_dial26,4,7.969268214512877,7
hobby_level2_dial26,5,10.595173826650843,6
hobby_level2_dial26,6,10.397094491366751,12
food_level2_dial2,1,8.85145807852203,7
food_level2_dial2,2,6.732458230894841,5
food_level2_dial2,3,9.469889222683175,5
food_level2_dial2,4,7.6019407593138295,4
food_level2_dial2,5,8.839228346934172,4
food_level2_dial2,6,9.999535525910133,9
hobby_level2_dial27,1,6.669372868766737,7
hobby_level2_dial27,2,6.015382316523946,6
hobby_level2_dial27,3,4.880293882003432,7
hobby_level2_dial27,4,8.252359486228473,8
hobby_level2_dial27,5,9.83673842622486,7
hobby_level2_dial27,6,11.851615689757512,3
food_level1_dial20,1,9.171544704866623,7
food_level1_dial20,2,8.166872777594953,7
food_level1_dial20,3,9.776099300822946,6
food_level1_dial20,4,6.996708812141928,7
food_level1_dial20,5,11.44167787881977,7
food_level1_dial20,6,10.119296109572511,6
hobby_level3_dial2,1,8.594460097832087,5
hobby_level3_dial2,2,7.990993276785127,4
hobby_level3_dial2,3,9.145915865382802,8
hobby_level3_dial2,4,7.669901174705425,5
hobby_level3_dial2,5,9.346380129675795,11
hobby_level3_dial2,6,8.203807693627008,9
food_level2_dial20,1,9.614643731665563,7
food_level2_dial20,2,9.283238120274744,7
food_level2_dial20,3,9.665192753103742,6
top25_dial29,1,5.457519277007115,6
top25_dial29,2,9.423308633631251,4
top25_dial29,3,9.164309994057168,9
top25_dial29,4,9.271037296947613,5
top25_dial29,5,7.246525574202333,8
top25_dial29,6,7.509172394762724,10
food_level3_dial1,1,10.398741532596297,5
food_level3_dial1,2,6.68651593938659,8
food_level3_dial1,3,11.073132236459056,6
food_level3_dial1,4,10.296546113096037,5
food_level3_dial1,5,15.035822696509761,4
food_level3_dial1,6,11.732221304327709,8
hobby_level3_dial20,1,9.231253956791852,6
hobby_level3_dial20,2,6.446720676665812,9
hobby_level3_dial20,3,10.834464237311112,5
hobby_level3_dial20,4,12.548592470203785,4
hobby_level3_dial20,5,5.896709156984834,7
hobby_level3_dial20,6,9.545146334766084,7
top25_dial57,1,10.366862249132934,6
top25_dial57,2,11.236968222642439,4
top25_dial57,3,8.718924510455352,4
top25_dial57,4,7.331721973002156,4
top25_dial57,5,7.104707635739445,6
top25_dial57,6,10.151639044835616,8
food_level1_dial21,1,8.158025867637134,4
food_level1_dial21,2,6.979677731058171,7
food_level1_dial21,3,12.515440742338463,4
food_level1_dial21,4,10.686967939545744,7
food_level1_dial21,5,7.62214906704631,7
food_level1_dial21,6,5.580385648434396,7
hobby_level2_dial28,1,11.484322080070744,5
hobby_level2_dial28,2,10.521189986549457,9
hobby_level2_dial28,3,10.00723590918928,9
hobby_level2_dial28,4,8.555587334197003,8
hobby_level2_dial28,5,9.228970678772043,8
hobby_level2_dial28,6,9.737039955425335,7
top25_dial3,1,7.769143582637916,7
top25_dial3,2,7.576560047168971,7
top25_dial3,3,8.879679601503481,8
top25_dial3,4,6.725394857380409,10
top25_dial3,5,7.520769423181974,8
top25_dial3,6,6.753114122350093,7
top25_dial3,7,7.760948155716178,8
food_level3_dial4,1,10.138972132240305,8
food_level3_dial4,2,6.008759440490411,6
food_level3_dial4,3,7.575341923776776,7
food_level3_dial4,4,10.44328262267339,3
food_level3_dial4,5,7.94949480754596,4
food_level3_dial4,6,8.755806216685045,6
top25_dial1,1,6.812576466384951,10
top25_dial1,2,7.486892953680268,7
top25_dial1,3,6.273975533459716,12
top25_dial1,4,11.681100449021313,8
top25_dial1,5,7.553296137740513,11
top25_dial1,6,7.361815414794716,6
food_level2_dial21,1,10.76661151817908,6
food_level2_dial21,2,6.369245666048604,4
food_level2_dial21,3,9.237626291586762,5
food_level2_dial21,4,9.161295856998148,6
food_level2_dial21,5,8.60014313206979,6
food_level2_dial21,6,8.289056018812119,10
hobby_level3_dial21,1,8.83253397670271,13
hobby_level3_dial21,2,7.5709675538410846,6
hobby_level3_dial21,3,8.235090843224217,14
hobby_level3_dial21,4,9.712891724974485,6
hobby_level3_dial21,5,8.383390024886598,8
hobby_level3_dial21,6,7.233529880752889,9
hobby_level1_dial6,1,9.493488691455982,8
hobby_level1_dial6,2,8.739158021784274,4
hobby_level1_dial6,3,7.4791119886079604,11
hobby_level1_dial6,4,6.467525383456369,8
hobby_level1_dial6,5,9.949642304782895,6
hobby_level1_dial6,6,6.509799219139158,7
food_level1_dial22,1,7.503928039424729,7
food_level1_dial22,2,7.450476116138484,7
food_level1_dial22,3,10.509194477103753,6
food_level1_dial22,4,8.326962626741663,8
food_level1_dial22,5,10.243791660831933,6
food_level1_dial22,6,10.99344239063509,6
hobby_level3_dial22,1,7.214926608670932,5
hobby_level3_dial22,2,8.080268459012219,8
hobby_level3_dial22,3,8.184826838104705,10
hobby_level3_dial22,4,5.323273246004817,8
food_level1_dial23,1,8.947063974269792,6
food_level1_dial23,2,7.825630922568021,4
food_level1_dial23,3,8.372399638061164,9
food_level1_dial23,4,8.644029223573312,6
food_level1_dial23,5,6.065153388543963,8
food_level1_dial23,6,5.976331431633172,9
food_level2_dial22,1,7.506039124715017,5
food_level2_dial22,2,12.98514445833964,5
food_level2_dial22,3,5.570119572340421,5
food_level2_dial22,4,9.172447216286209,4
food_level2_dial22,5,8.651883621866784,6
food_level2_dial22,6,11.405336894826108,5
hobby_level2_dial29,1,7.9345780996428195,6
hobby_level2_dial29,2,9.544544607033034,5
hobby_level2_dial29,3,7.314418497443127,12
hobby_level2_dial29,4,10.445492510053075,6
hobby_level2_dial29,5,7.586926367209257,9
hobby_level2_dial29,6,7.361615971589813,10
hobby_level3_dial23,1,7.740939848678968,8
hobby_level3_dial23,2,6.19255011613295,8
hobby_level3_dial23,3,7.027836094781286,8
hobby_level3_dial23,4,5.841484348123306,5
hobby_level3_dial23,5,8.53220775938045,8
top25_dial30,1,8.676378647981924,5
top25_dial30,2,8.8962380667512,7
top25_dial30,3,7.317611373606233,7
top25_dial30,4,9.352860467420008,6
top25_dial30,5,8.914468184680759,10
top25_dial30,6,10.550672255396218,5
food_level1_dial3,1,8.468010795861884,6
food_level1_dial3,2,8.608448594351074,7
food_level1_dial3,3,6.674601439208882,14
food_level1_dial3,4,10.134438558504101,6
food_level1_dial3,5,7.7045147732593895,7
food_level1_dial3,6,7.327385701813198,6
hobby_level1_dial7,1,8.612611889679412,7
hobby_level1_dial7,2,6.130346331270917,6
hobby_level1_dial7,3,7.296456471269991,5
hobby_level1_dial7,4,7.355329060989267,7
hobby_level1_dial7,5,7.570499674532577,8
hobby_level1_dial7,6,8.27798952174281,9
hobby_level2_dial3,1,11.830411277788162,4
hobby_level2_dial3,2,6.547369776746301,7
hobby_level2_dial3,3,7.808573368486276,8
hobby_level2_dial3,4,8.248201008911177,6
hobby_level2_dial3,5,8.999337618864478,9
hobby_level2_dial3,6,13.120070046890625,5
food_level3_dial10,1,10.481112356708628,8
food_level3_dial10,2,7.516197693063778,11
food_level3_dial10,3,8.607992721101184,6
food_level3_dial10,4,7.9151024009337405,9
food_level3_dial10,5,9.814453944070216,7
food_level3_dial10,6,8.217266011633637,5
food_level1_dial4,1,10.296389167926264,5
food_level1_dial4,2,6.970274290810436,5
food_level1_dial4,3,6.804153056499045,9
food_level1_dial4,4,7.1206898097012115,9
food_level1_dial4,5,7.176765657676134,7
food_level1_dial4,6,8.114116441144525,4
food_level3_dial6,1,4.57235997953487,6
food_level3_dial6,2,5.541176549234105,6
food_level3_dial6,3,7.343530357781162,7
food_level3_dial6,4,7.515776016944869,6
food_level3_dial6,5,6.346866183940049,8
food_level3_dial6,6,6.579772461689157,8
top25_dial31,1,6.70496825771335,8
top25_dial31,2,7.221094836638374,10
top25_dial31,3,7.0487373327909,6
top25_dial31,4,6.913377824026007,5
top25_dial31,5,5.347442860213592,3
top25_dial31,6,7.443231539640627,9
top25_dial10,1,9.828938787354089,7
top25_dial10,2,6.392563434255219,8
top25_dial10,3,8.79021448207305,9
top25_dial10,4,6.93417188490623,6
top25_dial10,5,8.112814342012443,9
top25_dial10,6,6.7060969771232415,11
food_level2_dial23,1,9.96946802062136,5
food_level2_dial23,2,9.408037230682094,8
food_level2_dial23,3,10.868096106051201,6
food_level2_dial23,4,8.27960834432328,8
food_level2_dial23,5,8.66769911956173,8
food_level2_dial23,6,8.967844575358322,7
hobby_level3_dial24,1,5.875310435580547,4
hobby_level3_dial24,2,5.854253368147526,7
hobby_level3_dial24,3,7.305984005901134,6
hobby_level3_dial24,4,5.733889816316439,7
hobby_level3_dial24,5,8.795062619815095,5
hobby_level3_dial24,6,11.934607371325477,6
hobby_level2_dial30,1,7.997424745909192,5
hobby_level2_dial30,2,6.886421077179808,19
hobby_level2_dial30,3,4.928118992130898,7
hobby_level2_dial30,4,10.708763135310814,8
hobby_level2_dial30,5,6.867755867747057,8
hobby_level2_dial30,6,10.07020281127303,5
top25_dial58,1,6.489337397728033,7
top25_dial58,2,6.4918680998587615,6
top25_dial58,3,9.178590924971205,6
top25_dial58,4,7.183793358567726,6
top25_dial58,5,7.859056334944024,8
top25_dial58,6,8.329552289227136,8
top25_dial58,7,7.3427218314810485,6
hobby_level1_dial8,1,6.975968513959271,5
hobby_level1_dial8,2,4.6633236476932645,6
hobby_level1_dial8,3,5.643361454461081,5
top25_dial32,1,7.500417395958002,9
top25_dial32,2,6.615347519932435,9
top25_dial32,3,5.745771807722311,8
top25_dial32,4,7.478690908080292,11
top25_dial32,5,4.900485645956103,6
top25_dial32,6,6.422472820346915,7
food_level1_dial5,1,7.718736033527497,6
food_level1_dial5,2,7.226558880342802,5
food_level1_dial5,3,8.56453563138387,5
food_level1_dial5,4,11.751889195215096,9
food_level1_dial5,5,7.836466322575584,6
food_level1_dial5,6,7.537463330218111,12
top25_dial11,1,7.557892294276546,6
top25_dial11,2,6.7363806159758,10
top25_dial11,3,5.3672926905641685,12
top25_dial11,4,8.697759288598512,4
top25_dial11,5,12.079833958873422,7
top25_dial11,6,9.785860209484245,5
food_level3_dial7,1,10.524684861992744,7
food_level3_dial7,2,7.4761835737258115,5
food_level3_dial7,3,8.018856362738896,5
food_level3_dial7,4,10.138985571308616,5
food_level3_dial7,5,7.280940210738688,10
food_level3_dial7,6,11.555709885733428,6
hobby_level2_dial31,1,7.039047774050836,8
hobby_level2_dial31,2,9.55076001255471,8
hobby_level2_dial31,3,8.308717906326002,7
hobby_level2_dial31,4,7.99313891429574,8
hobby_level2_dial31,5,7.895349793562209,12
hobby_level2_dial31,6,9.466185247954039,7
hobby_level1_dial9,1,7.863274658587249,6
hobby_level1_dial9,2,8.428284819424556,10
hobby_level1_dial9,3,5.804995678267458,6
hobby_level1_dial9,4,9.074718271678714,2
hobby_level1_dial9,5,6.917533474077449,13
hobby_level1_dial9,6,9.562605082158148,7
food_level3_dial11,1,8.227812408598536,8
food_level3_dial11,2,8.559707593581395,6
food_level3_dial11,3,8.402374821096108,8
food_level3_dial11,4,9.79747771990898,4
food_level3_dial11,5,9.639742184542975,5
food_level3_dial11,6,8.088692456763734,9
top25_dial59,1,8.906360849442667,5
top25_dial59,2,8.319454145636001,8
top25_dial59,3,9.60880944155433,5
top25_dial59,4,9.597109228981164,5
top25_dial59,5,9.179800153258668,4
top25_dial59,6,8.700213883591866,6
food_level1_dial6,1,9.829802260231146,8
food_level1_dial6,2,5.293858893527748,8
food_level1_dial6,3,12.047767249272953,4
food_level1_dial6,4,9.297563895951448,3
food_level1_dial6,5,9.470526625976923,5
food_level1_dial6,6,7.865380344746265,4
hobby_level2_dial32,1,7.506232975812684,7
hobby_level2_dial32,2,6.994409576382886,8
hobby_level2_dial32,3,6.500876811376364,7
hobby_level2_dial32,4,8.176980497993451,17
hobby_level2_dial32,5,12.640032988537573,6
hobby_level2_dial32,6,10.022718840900614,5
food_level3_dial12,1,9.112139221268437,5
food_level3_dial12,2,7.441757797719667,9
food_level3_dial12,3,10.670727212780783,6
food_level3_dial12,4,11.031470568694917,5
food_level3_dial12,5,4.217123594466905,6
food_level3_dial12,6,8.245397884211712,5
food_level3_dial12,7,8.292281675813939,12
food_level3_dial8,1,8.478455729584738,9
food_level3_dial8,2,6.2051220060117,7
food_level3_dial8,3,8.253405018137563,6
food_level3_dial8,4,6.364977037279349,7
food_level3_dial8,5,5.143194100110886,6
food_level3_dial8,6,6.290815811761659,6
food_level1_dial7,1,9.174390789011218,7
food_level1_dial7,2,7.449334901800865,13
food_level1_dial7,3,9.956281857187225,5
hobby_level2_dial33,1,10.036884676947139,3
hobby_level2_dial33,2,7.604124996552249,9
hobby_level2_dial33,3,8.811008330240881,10
hobby_level2_dial33,4,10.932996251578025,6
hobby_level2_dial33,5,11.52645394502221,6
hobby_level2_dial33,6,8.27015169115165,6
food_level3_dial13,1,9.76499915850917,4
food_level3_dial13,2,9.10467812280581,6
food_level3_dial13,3,10.051740311139534,3
food_level3_dial13,4,8.966084272680797,6
food_level3_dial13,5,9.248415251321351,7
food_level3_dial13,6,10.970655903159866,7
food_level2_dial24,1,10.896987913102798,6
food_level2_dial24,2,8.576738282419289,14
food_level2_dial24,3,7.815774590884759,5
food_level2_dial24,4,6.663263031283076,6
food_level2_dial24,5,6.909612277511141,8
food_level2_dial24,6,6.9788607773483715,5
food_level3_dial14,1,8.797285935628341,6
food_level3_dial14,2,6.245701496554207,6
food_level3_dial14,3,10.419075534845561,7
food_level3_dial14,4,8.86706596734359,6
food_level3_dial14,5,8.645488763249993,6
food_level3_dial14,6,11.264631929492824,8
top25_dial33,1,9.197363982740962,11
top25_dial33,2,7.536826848766976,6
top25_dial33,3,9.262565159897603,9
top25_dial33,4,9.851173750474528,8
top25_dial33,5,9.764338298310355,5
top25_dial33,6,7.194553446651233,4
hobby_level3_dial26,1,14.705276067468972,6
hobby_level3_dial26,2,6.426062547911864,8
hobby_level3_dial26,3,6.92934249460256,9
hobby_level3_dial26,4,6.8747625783467985,4
hobby_level3_dial26,5,6.896509065492543,7
hobby_level3_dial26,6,7.492114864254253,13
top25_dial35,1,7.669438266388473,5
top25_dial35,2,7.389259374515089,6
top25_dial35,3,5.778460122844098,9
top25_dial35,4,8.922912823863387,4
top25_dial35,5,10.139663019328285,8
food_level1_dial8,1,9.17546041676409,6
food_level1_dial8,2,8.455763169940106,6
food_level1_dial8,3,7.9792807378098995,8
food_level1_dial8,4,8.509183167715737,8
food_level1_dial8,5,9.801110408511367,7
food_level1_dial8,6,7.616691287549909,7
food_level3_dial9,1,7.381750851634109,6
food_level3_dial9,2,6.261019032142964,10
food_level3_dial9,3,6.793907805524677,5
food_level3_dial9,4,8.140823876479118,5
food_level3_dial9,5,8.11115887104335,8
food_level3_dial9,6,8.621876484885066,6
hobby_level2_dial1,1,8.994931419915476,9
hobby_level2_dial1,2,10.83442244110287,7
hobby_level2_dial1,3,8.752623424149972,10
hobby_level2_dial1,4,5.828378657650014,8
hobby_level2_dial1,5,7.4697834698588395,8
hobby_level2_dial1,6,6.660554860335548,14
food_level1_dial9,1,8.07358425653545,9
food_level1_dial9,2,9.557670152436485,7
food_level1_dial9,3,8.338749126164492,7
food_level1_dial9,4,8.602774517213852,5
food_level1_dial9,5,12.603281589763547,5
food_level1_dial9,6,7.205658370614691,5
top25_dial6,1,5.497131550662503,5
top25_dial6,2,5.722956738048585,6
top25_dial6,3,5.457128079302942,7
top25_dial6,4,6.562399844284716,6
top25_dial6,5,11.335148708974678,6
top25_dial6,6,7.553714889006498,9
food_level3_dial15,1,8.244367635605546,5
food_level3_dial15,2,4.871673768500665,4
food_level3_dial15,3,5.060542306212868,6
food_level3_dial15,4,7.475221014996922,7
food_level3_dial15,5,4.956160083326261,7
food_level3_dial15,6,8.728464565142657,6
top25_dial36,1,5.209280068940778,5
top25_dial36,2,6.366775077459878,7
top25_dial36,3,9.269637879555114,8
top25_dial36,4,7.01543277989405,5
top25_dial36,5,6.106722343533719,9
top25_dial36,6,8.925385542832117,6
food_level2_dial1,1,8.775529808191484,6
food_level2_dial1,2,8.667938208057452,4
food_level2_dial1,3,9.808524298285901,7
food_level2_dial1,4,8.423011279513162,10
food_level2_dial1,5,9.672629962028147,9
food_level2_dial1,6,8.049007041640229,9
food_level3_dial16,1,7.632371664498305,7
food_level3_dial16,2,6.44179627371369,10
food_level3_dial16,3,6.694750379342665,5
food_level3_dial16,4,8.910122530966833,5
food_level3_dial16,5,7.719020900738525,8
food_level3_dial16,6,8.580254555398161,8
top25_dial12,1,6.64353244656251,9
top25_dial12,2,7.803681686706466,12
top25_dial12,3,6.069542155346651,9
hobby_level1_dial1,1,9.460042728191508,6
hobby_level1_dial1,2,10.302941836062189,8
hobby_level1_dial1,3,8.195787730596141,6
hobby_level1_dial1,4,7.139705610902312,4
hobby_level1_dial1,5,10.728079428901312,9
hobby_level1_dial1,6,11.277860526526402,8
hobby_level1_dial1,7,7.496098342950693,11
hobby_level2_dial10,1,7.914228371989627,7
hobby_level2_dial10,2,8.204411875004487,10
hobby_level2_dial10,3,8.394440985063554,10
hobby_level2_dial10,4,8.439762250858513,8
hobby_level2_dial10,5,8.648209078454993,6
hobby_level2_dial10,6,5.456307369238553,5
hobby_level3_dial27,1,10.105513628128707,5
hobby_level3_dial27,2,8.652985248822814,13
hobby_level3_dial27,3,11.226236994983447,5
hobby_level3_dial27,4,5.933866897928608,5
hobby_level3_dial27,5,6.773857763401473,6
hobby_level3_dial27,6,10.077062929698913,4
hobby_level3_dial27,7,8.709317826075178,9
food_level2_dial25,1,10.761961715924821,5
food_level2_dial25,2,6.579746413214932,6
food_level2_dial25,3,7.937462026813973,8
food_level2_dial25,4,8.838078905422396,6
food_level2_dial25,5,9.069499345825477,8
food_level2_dial25,6,7.392191429664866,8
food_level2_dial25,7,7.874569754315235,6
hobby_level2_dial34,1,10.897682170646382,4
hobby_level2_dial34,2,6.088966851015543,7
hobby_level2_dial34,3,6.525973944608742,8
hobby_level2_dial34,4,8.172704375814334,8
hobby_level2_dial34,5,7.960632909423793,9
hobby_level2_dial34,6,8.209021648975538,7
hobby_level2_dial34,7,6.928098365650662,8
hobby_level1_dial10,1,9.509219149630205,6
hobby_level1_dial10,2,8.845642470370331,10
hobby_level1_dial10,3,7.590568881212123,6
hobby_level1_dial10,4,10.622828606780676,4
hobby_level1_dial10,5,7.516164806685636,7
hobby_level3_dial28,1,9.08708631502355,13
hobby_level3_dial28,2,9.216554192027072,7
hobby_level3_dial28,3,12.22426976260696,7
food_level3_dial18,1,6.534887511399814,6
food_level3_dial18,2,14.738244953456832,4
food_level3_dial18,3,10.736716794429071,6
food_level3_dial18,4,8.286352319577334,5
food_level3_dial18,5,11.238294074248689,6
food_level3_dial18,6,7.943314150863483,4
food_level2_dial26,1,8.379797912265861,7
food_level2_dial26,2,6.498262234492429,12
food_level2_dial26,3,6.377177778570012,5
food_level2_dial26,4,8.647752082227843,6
food_level2_dial26,5,10.347184898935444,8
food_level2_dial26,6,5.882077353462597,4
hobby_level3_dial29,1,11.009749518023172,5
hobby_level3_dial29,2,10.207256539573141,6
hobby_level3_dial29,3,10.751444808316567,8
hobby_level3_dial29,4,7.426123283068057,5
hobby_level3_dial29,5,7.928996154507431,9
hobby_level3_dial29,6,5.323456918818905,7
hobby_level3_dial29,7,8.894312303141936,5
top25_dial13,1,7.995553803520112,9
top25_dial13,2,7.892234243686516,10
top25_dial13,3,9.14566737196586,6
top25_dial13,4,10.087459277012535,4
top25_dial13,5,8.563599496204077,9
top25_dial13,6,9.23083281612227,10
top25_dial37,1,11.332442959530132,6
top25_dial37,2,8.022264681069215,7
top25_dial37,3,7.532839249851082,10
top25_dial37,4,9.76888313461296,4
top25_dial37,5,10.118972096956679,9
top25_dial37,6,7.7753853361168614,8
food_level2_dial27,1,7.216289274623299,7
food_level2_dial27,2,8.490997495099519,5
food_level2_dial27,3,8.904632865401997,8
food_level2_dial27,4,8.247202083934656,8
food_level2_dial27,5,8.643617828354413,7
food_level2_dial27,6,6.652190552432348,7
food_level2_dial27,7,7.020599304462434,7
food_level3_dial19,1,14.763317965603509,4
food_level3_dial19,2,12.557285751904407,5
food_level3_dial19,3,7.027527891678013,8
food_level3_dial19,4,7.58196229491197,8
food_level3_dial19,5,7.756248064183792,6
food_level3_dial19,6,9.567245563288322,10
top25_dial15,1,8.941908022903993,8
top25_dial15,2,9.561241043512368,9
top25_dial15,3,10.63260982651767,7
top25_dial15,4,9.656425603232734,6
top25_dial15,5,9.40970761914078,6
top25_dial15,6,6.741625082405218,3
top25_dial60,1,7.894993460089275,5
top25_dial60,2,9.586231176912195,5
top25_dial60,3,8.541400703357587,8
top25_dial60,4,8.871324951458414,6
top25_dial60,5,7.349358890484275,5
top25_dial60,6,12.11833489492769,4
top25_dial60,7,7.828274528481526,11
food_level2_dial28,1,8.321515081881202,6
food_level2_dial28,2,14.04640389071525,4
food_level2_dial28,3,8.299741976293173,6
food_level2_dial28,4,8.184167432887914,4
food_level2_dial28,5,10.435350291425301,5
food_level2_dial28,6,7.397492815946429,10
hobby_level1_dial11,1,8.156498827620204,3
hobby_level1_dial11,2,11.663010372296068,6
hobby_level1_dial11,3,8.542097398652986,6
hobby_level1_dial11,4,5.515084252777519,4
hobby_level1_dial11,5,8.501205011885448,4
hobby_level1_dial11,6,8.457118737528468,7
hobby_level2_dial11,1,10.524184828820097,7
hobby_level2_dial11,2,6.8417896632382735,10
hobby_level2_dial11,3,11.870593339871505,4
hobby_level2_dial11,4,10.222675288279708,6
hobby_level2_dial11,5,10.606418142011512,10
hobby_level2_dial11,6,9.230351675088531,5
food_level3_dial20,1,9.745462296371944,4
food_level3_dial20,2,6.372209123056521,5
food_level3_dial20,3,9.16840921622395,6
food_level3_dial20,4,6.2499367585470615,5
food_level3_dial20,5,11.109469247518373,6
food_level3_dial20,6,11.284772458424978,5
food_level3_dial20,7,11.908050854052405,6
food_level2_dial10,1,8.748700512410897,8
food_level2_dial10,2,8.278694528848593,5
food_level2_dial10,3,7.2831681879551144,9
food_level2_dial10,4,8.744636379466925,5
food_level2_dial10,5,11.438617751072229,5
food_level2_dial10,6,11.554836108891172,9
top25_dial61,1,5.736779873962873,8
top25_dial61,2,9.322614727695504,5
top25_dial61,3,7.337441968063861,7
top25_dial61,4,7.187706885448533,10
top25_dial61,5,6.005067990998499,12
top25_dial61,6,8.300684922954787,9
hobby_level1_dial12,1,6.97894657306364,9
hobby_level1_dial12,2,7.101590471758824,10
hobby_level1_dial12,3,7.771699337123872,8
hobby_level1_dial12,4,6.664448805037164,5
hobby_level1_dial12,5,5.4023702049379025,9
hobby_level1_dial12,6,6.088287123664269,4
food_level2_dial11,1,8.168278831528715,4
food_level2_dial11,2,11.243231067221803,6
food_level2_dial11,3,6.270586561906437,5
food_level2_dial11,4,10.74444877721062,9
food_level2_dial11,5,7.3993657969036555,8
food_level2_dial11,6,7.661761086907849,5
top25_dial38,1,9.351660488453337,6
top25_dial38,2,8.023808189678082,6
top25_dial38,3,6.8763690217805955,9
top25_dial38,4,9.983492316378879,3
top25_dial38,5,11.221061323713588,7
top25_dial38,6,8.246710415749998,7
food_level2_dial29,1,8.575382123661344,6
food_level2_dial29,2,11.855707841294198,4
food_level2_dial29,3,12.91600289449026,6
food_level2_dial29,4,9.702664512062677,5
food_level2_dial29,5,6.984723673238305,11
food_level2_dial29,6,10.70215697271557,6
top25_dial16,1,9.690500493985137,8
top25_dial16,2,10.373162120024679,7
top25_dial16,3,8.195889323123922,6
top25_dial16,4,8.881107518822764,6
top25_dial16,5,8.837398850827915,9
top25_dial16,6,11.257953586925362,5
hobby_level1_dial13,1,6.898760512089613,4
hobby_level1_dial13,2,8.132241574021682,15
hobby_level1_dial13,3,7.8108739338834585,6
hobby_level1_dial13,4,8.095291352881555,13
hobby_level1_dial13,5,8.134409667318952,6
hobby_level1_dial13,6,10.718578618824733,7
hobby_level2_dial36,1,10.381611240040291,4
hobby_level2_dial36,2,6.54653122544488,9
hobby_level2_dial36,3,5.356344561284901,4
hobby_level2_dial36,4,10.413781780092627,5
hobby_level2_dial36,5,5.733284273159503,6
hobby_level2_dial36,6,10.99879313279871,5
hobby_level2_dial37,1,10.785849897765393,5
hobby_level2_dial37,2,8.353504157201787,7
hobby_level2_dial37,3,5.513987563160459,4
hobby_level2_dial37,4,8.716294227999219,7
hobby_level2_dial37,5,8.675204965520757,8
hobby_level2_dial37,6,10.569887031366676,7
food_level2_dial3,1,9.453991342393094,8
food_level2_dial3,2,8.540644455593801,6
food_level2_dial3,3,8.816348109181947,6
food_level2_dial3,4,9.864542611305595,6
food_level2_dial3,5,11.952896393422114,5
food_level2_dial3,6,7.77989143914191,8
hobby_level2_dial38,1,9.584139197522386,6
hobby_level2_dial38,2,6.747278275276705,7
hobby_level2_dial38,3,10.930518359431717,7
hobby_level2_dial38,4,11.02212926829026,5
hobby_level2_dial38,5,5.814630888519981,17
hobby_level2_dial38,6,8.96479836278189,7
top25_dial4,1,9.937085951811774,8
top25_dial4,2,8.707589427351895,9
top25_dial4,3,12.355725360847245,7
top25_dial4,4,11.213663353650125,7
top25_dial4,5,9.424662156839394,7
top25_dial4,6,7.666567381472346,7
hobby_level1_dial14,1,10.727780728884905,5
hobby_level1_dial14,2,10.323241050695152,5
hobby_level1_dial14,3,8.236357399656733,4
hobby_level1_dial14,4,10.314714132275638,4
hobby_level1_dial14,5,11.088982397433707,9
hobby_level1_dial14,6,6.627936220489753,5
top25_dial62,1,8.452925749152932,7
top25_dial62,2,6.135117965772903,9
top25_dial62,3,5.685965047417318,7
top25_dial62,4,9.202807218266418,9
top25_dial62,5,11.966302247013736,5
top25_dial62,6,10.198713175726258,5
food_level3_dial21,1,11.126329010453611,4
food_level3_dial21,2,7.318774182891234,5
food_level3_dial21,3,9.518814996493003,4
food_level3_dial21,4,10.281869762561723,7
food_level3_dial21,5,7.899340643066322,5
food_level3_dial21,6,8.695962590174737,4
hobby_level3_dial3,1,7.008025994594808,5
hobby_level3_dial3,2,7.8954160749457465,7
hobby_level3_dial3,3,7.098065867070018,9
hobby_level3_dial3,4,7.3785245642837705,8
hobby_level2_dial4,1,5.339434759928782,5
hobby_level2_dial4,2,8.626020251045865,10
hobby_level2_dial4,3,6.745544104460257,7
hobby_level2_dial4,4,7.342586260093516,6
hobby_level2_dial4,5,4.976499814621908,6
hobby_level2_dial4,6,6.762858195701066,12
top25_dial17,1,8.937721310112302,8
top25_dial17,2,9.185638111796964,6
top25_dial17,3,12.665482165501647,7
top25_dial17,4,9.98414239778807,5
top25_dial17,5,6.9727274267074,7
top25_dial17,6,8.439908839248035,9
hobby_level2_dial5,1,11.898767870044887,10
hobby_level2_dial5,2,11.479495481042827,9
hobby_level2_dial5,3,11.784267984313136,6
hobby_level2_dial5,4,9.907419287210125,7
hobby_level3_dial30,1,9.853494750490064,4
hobby_level3_dial30,2,6.798670946819653,23
hobby_level3_dial30,3,9.988804747289038,4
hobby_level3_dial30,4,6.3998479736586145,7
hobby_level3_dial30,5,7.1137710356431665,11
hobby_level3_dial30,6,8.819147724697306,6
hobby_level3_dial30,7,6.495018320958736,8
hobby_level3_dial32,1,8.433816374221765,4
hobby_level3_dial32,2,8.307780414524757,8
hobby_level2_dial6,1,7.371797206507365,6
hobby_level2_dial6,2,11.309975085912232,6
hobby_level2_dial6,3,9.716659840032193,3
hobby_level2_dial6,4,7.1453390176575935,6
hobby_level2_dial6,5,7.330450373099749,8
hobby_level2_dial6,6,8.750127591658433,5
hobby_level1_dial15,1,7.598147815022589,7
hobby_level1_dial15,2,8.02199019537491,7
hobby_level1_dial15,3,8.244780695396642,5
hobby_level1_dial15,4,10.710241991123581,3
hobby_level1_dial15,5,6.644537201876758,8
hobby_level1_dial15,6,6.618955935390726,6
top25_dial40,1,7.563213792190439,7
top25_dial40,2,8.16223738918258,9
top25_dial40,3,8.668299733019774,4
top25_dial40,4,5.937124553256446,14
top25_dial40,5,7.602603946626028,8
top25_dial40,6,7.526303910837223,6
top25_dial63,1,6.784534737506349,5
top25_dial63,2,9.671541137751616,5
top25_dial63,3,9.53829072898618,7
top25_dial63,4,9.803499882240061,3
top25_dial63,5,12.040010371700568,5
top25_dial63,6,6.656671821905191,5
hobby_level2_dial12,1,9.020011841574794,8
hobby_level2_dial12,2,12.67994850146442,5
hobby_level2_dial12,3,8.198525906361132,6
hobby_level2_dial12,4,8.003689165381584,6
hobby_level2_dial12,5,7.218314269482306,12
hobby_level2_dial12,6,9.27506708706266,9
hobby_level2_dial12,7,5.3973383368713375,10
food_level2_dial30,1,7.744359791728127,8
food_level2_dial30,2,11.269547090045073,6
food_level2_dial30,3,8.442156390049737,14
food_level2_dial30,4,9.49117682573425,6
food_level2_dial30,5,8.478793574125739,9
food_level2_dial30,6,5.337462323731559,4
top25_dial18,1,9.834673333762728,8
top25_dial18,2,9.005122551690565,4
top25_dial18,3,9.259810770377005,6
top25_dial18,4,10.359795133367166,4
top25_dial18,5,7.623980332374816,7
top25_dial18,6,8.581908635457772,4
food_level3_dial22,1,9.13922149598616,10
food_level3_dial22,2,9.668209538058168,7
food_level3_dial22,3,9.676822518415673,5
food_level3_dial22,4,8.555884569046398,8
food_level3_dial22,5,7.485521071027794,5
food_level3_dial22,6,8.632676479160164,4
hobby_level2_dial14,1,7.787852518072653,6
hobby_level2_dial14,2,10.79376254715627,5
hobby_level2_dial14,3,8.982877425168185,9
hobby_level2_dial14,4,7.805008862476946,14
hobby_level2_dial14,5,7.523293700631305,7
hobby_level2_dial14,6,8.25458678414455,7
food_level3_dial23,1,7.796609652438933,5
food_level3_dial23,2,9.291207995532837,6
food_level3_dial23,3,10.789197380481006,7
food_level3_dial23,4,5.50577083465263,5
food_level3_dial23,5,8.88219613001782,5
food_level3_dial23,6,7.0651844747965775,6
top25_dial64,1,7.7275369216054886,8
top25_dial64,2,5.278999469595901,12
hobby_level2_dial15,1,6.130595441616531,6
hobby_level2_dial15,2,7.704287376753226,7
hobby_level2_dial15,3,8.252155533778055,6
hobby_level2_dial15,4,8.19108408637848,7
hobby_level2_dial15,5,6.985500311829651,6
hobby_level2_dial15,6,8.014909013529527,7
top25_dial41,1,9.294545927265654,6
top25_dial41,2,7.7745523012174385,14
top25_dial41,3,11.086794118091877,5
top25_dial41,4,9.708938349101988,5
top25_dial41,5,8.208409156131035,10
top25_dial41,6,8.620209140439147,6
hobby_level2_dial7,1,11.067534402176248,5
hobby_level2_dial7,2,10.534570761520573,8
hobby_level2_dial7,3,9.897330909955622,5
hobby_level2_dial7,4,9.355338570613737,8
hobby_level2_dial7,5,10.640932767111936,8
hobby_level2_dial7,6,6.8914661316193655,9
top25_dial19,1,8.704648356282366,10
top25_dial19,2,8.464308399319492,9
top25_dial19,3,8.248465500409926,9
top25_dial19,4,5.772909551729879,6
top25_dial19,5,7.527677902616545,6
top25_dial19,6,6.958502073699581,8
hobby_level2_dial16,1,9.034674844582309,5
hobby_level2_dial16,2,6.812726729483118,22
hobby_level2_dial16,3,6.991714795626031,6
food_level2_dial31,1,10.91088468410171,5
food_level2_dial31,2,9.03683600979274,3
food_level2_dial31,3,9.343675995914749,5
food_level2_dial31,4,8.039287749414722,9
food_level2_dial31,5,8.860264759755475,9
food_level2_dial31,6,9.296116877936111,5
top25_dial65,1,9.946799676654807,8
top25_dial65,2,10.139674630633126,8
top25_dial65,3,6.774051393297387,9
top25_dial65,4,8.48244292985372,7
top25_dial65,5,9.479762651869322,5
top25_dial65,6,9.814096572206704,9
food_level3_dial24,1,6.754490053702998,8
food_level3_dial24,2,9.08048383984026,6
food_level3_dial24,3,9.114110278682695,7
food_level3_dial24,4,10.11766494626241,10
food_level3_dial24,5,9.054699185107227,7
food_level3_dial24,6,4.668607529459161,5
hobby_level2_dial17,1,8.120416592064693,5
hobby_level2_dial17,2,10.16770396979949,7
hobby_level2_dial17,3,10.290179775036465,7
hobby_level2_dial17,4,7.384769610336599,4
hobby_level2_dial17,5,8.63196453938898,12
hobby_level2_dial17,6,7.992678651502985,8
top25_dial20,1,7.31381391224852,6
top25_dial20,2,9.563874990143859,8
top25_dial20,3,8.172682492507537,12
top25_dial20,4,8.694171820370817,6
top25_dial20,5,7.4696525374044755,6
top25_dial20,6,6.9811443524967345,7
top25_dial42,1,7.580167927022684,5
top25_dial42,2,5.395445039953165,8
top25_dial42,3,10.96992862734252,8
top25_dial42,4,8.667463376131632,5
top25_dial42,5,9.289503599774402,5
top25_dial42,6,5.846674360263392,6
top25_dial21,1,7.434916687193794,11
top25_dial21,2,7.5908205105171636,6
top25_dial21,3,6.697580889245134,7
top25_dial21,4,6.415267098961244,5
top25_dial21,5,7.850882880674526,6
top25_dial21,6,8.658735644941896,6
top25_dial21,7,6.900159169554255,7
top25_dial66,1,8.502347238933531,5
top25_dial66,2,8.385654102237744,7
hobby_level2_dial18,1,8.172688634060046,3
hobby_level2_dial18,2,9.476894746965641,5
hobby_level2_dial18,3,10.556052107332718,7
hobby_level2_dial18,4,7.492814247723231,8
hobby_level2_dial18,5,7.843768099834308,8
hobby_level2_dial18,6,6.951635935343644,13
food_level2_dial33,1,8.787569868616695,5
food_level2_dial33,2,5.984165182510342,3
food_level2_dial33,3,4.532819382305846,4
food_level2_dial33,4,9.262960832623273,6
food_level2_dial33,5,6.175212187027584,8
food_level2_dial33,6,5.6377140027810215,8
top25_dial43,1,5.503593718171623,7
top25_dial43,2,8.102425429102269,8
top25_dial43,3,8.781842087153633,7
top25_dial43,4,9.118323273512527,7
top25_dial43,5,10.109194420912182,6
top25_dial43,6,9.247863139087226,6
food_level3_dial25,1,10.930080074674382,8
food_level3_dial25,2,11.134039647435017,4
food_level3_dial25,3,8.382991866931304,11
food_level3_dial25,4,10.636624036643772,5
food_level3_dial25,5,10.398762868011689,6
food_level3_dial25,6,14.056542991938354,4
hobby_level2_dial8,1,9.50599439614955,9
hobby_level2_dial8,2,9.897317891867504,12
hobby_level2_dial8,3,8.548150372671781,7
hobby_level2_dial8,4,12.410330402614232,8
hobby_level2_dial8,5,10.0122940338184,6
hobby_level2_dial8,6,4.706780764745526,10
top25_dial22,1,8.783654395227787,5
top25_dial22,2,8.545495446531744,6
top25_dial22,3,7.426568470339511,7
top25_dial22,4,10.355632084837342,4
top25_dial22,5,11.600337125554457,5
top25_dial22,6,10.661404726662981,5
top25_dial44,1,7.595495075674746,8
top25_dial44,2,7.803150131794264,9
top25_dial44,3,7.586672504297125,6
top25_dial44,4,7.173519235261633,14
top25_dial44,5,10.41092241414305,5
food_level2_dial34,1,8.254562646201807,9
food_level2_dial34,2,8.059425323645131,13
food_level2_dial34,3,11.468418744455573,5
food_level2_dial34,4,8.249449662412193,6
food_level2_dial34,5,8.262607173414377,6
food_level2_dial34,6,7.159579727777807,9
hobby_level2_dial19,1,7.117611413630565,8
hobby_level2_dial19,2,6.2830274751507424,10
hobby_level2_dial19,3,9.29297790317559,8
hobby_level2_dial19,4,9.086656212986687,5
hobby_level2_dial19,5,6.961913950728035,5
hobby_level2_dial19,6,9.482741390273908,4
top25_dial67,1,9.847854941877493,5
top25_dial67,2,7.4951734003974195,5
top25_dial67,3,7.984535402831659,7
top25_dial67,4,8.818564521964127,8
top25_dial67,5,11.53862108540418,7
top25_dial67,6,8.981810009832031,6
top25_dial45,1,8.486000702364237,10
top25_dial45,2,9.35829905265546,8
top25_dial45,3,8.082289722003736,8
top25_dial45,4,8.690191007094796,7
top25_dial45,5,5.866688317287796,9
top25_dial45,6,5.300796935417942,10
food_level2_dial35,1,12.63916720327732,6
food_level2_dial35,2,7.1055156434580145,8
food_level2_dial35,3,8.342444892745965,8
food_level2_dial35,4,7.611370793630355,12
food_level2_dial35,5,7.372055148969081,7
food_level2_dial35,6,8.572864199672956,12
top25_dial68,1,9.753676231057957,5
top25_dial68,2,9.493601337823717,8
top25_dial68,3,7.744469470749695,9
top25_dial68,4,10.44374519392617,7
top25_dial68,5,7.184286057780663,6
top25_dial68,6,11.11466101911687,7
top25_dial7,1,6.620023268209069,7
top25_dial7,2,9.508611111788166,4
top25_dial7,3,8.960140747870723,8
top25_dial7,4,6.767622593727539,8
top25_dial7,5,11.373034546905423,6
top25_dial7,6,5.984270175151865,5
top25_dial70,1,9.27129803300087,7
top25_dial70,2,9.282269997113772,6
top25_dial70,3,8.908796835989397,11
top25_dial70,4,9.798617749655982,6
top25_dial8,1,9.047528216521364,6
top25_dial8,2,11.127666268465088,6
top25_dial8,3,9.629525739689615,4
top25_dial8,4,9.699332492063366,4
top25_dial8,5,8.96808446045868,5
top25_dial8,6,9.217767787441982,5
top25_dial9,1,11.578871985585161,8
top25_dial9,2,17.417978389026967,4
top25_dial9,3,7.579052741529132,8
top25_dial9,4,11.223455082287293,8
top25_dial9,5,11.42112943581131,7
top25_dial9,6,5.21533792002467,7
top25_dial47,1,10.710230475909725,10
top25_dial47,2,11.68137891159909,7
top25_dial47,3,11.0947709238897,4
top25_dial47,4,9.180443289623945,6
top25_dial47,5,6.9538352387119495,6
top25_dial47,6,6.559952130308223,9
top25_dial47,7,6.472500197709897,9
top25_dial48,1,7.381116723149363,6
top25_dial48,2,6.752758581478408,11
top25_dial48,3,6.936840921114843,8
top25_dial48,4,6.809102362566257,9
top25_dial48,5,9.301466610017918,7
top25_dial48,6,8.44385763934434,8
top25_dial49,1,8.64592251004883,8
top25_dial49,2,10.559404398672283,6
top25_dial49,3,9.598098167030468,5
top25_dial49,4,9.425489454466867,5
top25_dial49,5,13.5527251433288,3
top25_dial49,6,11.820092398873,5
