conv_id,turn_id,avgidf,num_terms
food_level3_dial26,1,6.125011548000147,5
food_level3_dial26,2,3.5678184659013135,7
food_level3_dial26,3,4.025655804076153,6
food_level3_dial26,4,7.349742545741779,3
food_level3_dial26,5,2.287105162818732,5
food_level3_dial26,6,5.72831015408267,9
hobby_level1_dial16,1,3.16416358129924,4
hobby_level1_dial16,2,4.915365004059687,7
hobby_level1_dial16,3,5.572921748456937,7
hobby_level1_dial16,4,3.7105470737721378,16
hobby_level1_dial16,5,2.182896179121496,6
hobby_level1_dial16,6,2.922360598020103,11
top25_dial5,1,7.227685153314534,8
top25_dial5,2,5.458544740882471,12
top25_dial5,3,4.447444288521782,12
food_level2_dial36,1,6.520216586365448,5
food_level2_dial36,2,5.869272407673833,5
food_level2_dial36,3,6.5868847866008595,6
food_level2_dial36,4,8.14585261817449,7
food_level2_dial36,5,4.8936752884267944,5
food_level3_dial27,1,5.526505771849915,9
food_level3_dial27,2,1.2227236084270692,3
food_level3_dial27,3,2.066239207499778,6
food_level3_dial27,4,7.151460699863179,7
food_level3_dial27,5,3.120857607905806,7
food_level3_dial27,6,5.981946629729408,5
food_level2_dial37,1,4.0766545355338035,9
food_level2_dial37,2,5.229963301424451,6
food_level2_dial37,3,8.464838820875796,6
food_level2_dial37,4,5.280560429517974,8
food_level2_dial37,5,3.332431613968236,7
food_level2_dial37,6,5.506925655666225,6
food_level2_dial12,1,6.172609213643487,12
food_level2_dial12,2,6.729244004936851,7
food_level2_dial12,3,6.1289051223248,7
food_level2_dial12,4,4.941874317702993,8
food_level2_dial12,5,4.87932716435401,7
food_level2_dial12,6,4.528719973150342,7
hobby_level2_dial2,1,3.4881167061077107,7
hobby_level2_dial2,2,4.905454570561897,9
hobby_level2_dial2,3,3.818268732526821,5
hobby_level2_dial2,4,5.23126034777187,8
hobby_level2_dial2,5,6.2140013395163844,7
hobby_level2_dial2,6,5.839984085353303,7
hobby_level3_dial33,1,4.372639116583259,8
hobby_level3_dial33,2,6.922830569883135,10
hobby_level3_dial33,3,6.519233716238884,7
hobby_level3_dial33,4,6.009145088764303,9
hobby_level3_dial33,5,5.545893843023253,6
hobby_level3_dial33,6,3.5434952985667434,8
food_level1_dial1,1,5.168166945669565,8
food_level1_dial1,2,5.988268045489522,7
hobby_level1_dial17,1,4.006441840475762,7
hobby_level1_dial17,2,4.37709845508563,5
hobby_level1_dial17,3,2.358388167101002,5
hobby_level1_dial17,4,2.863165607539778,5
hobby_level1_dial17,5,4.675071591376319,10
hobby_level1_dial17,6,2.685261295539306,6
top25_dial23,1,5.121962033431256,8
top25_dial23,2,5.388461551403779,8
top25_dial23,3,3.758835408955159,8
top25_dial23,4,4.42564315435378,13
top25_dial23,5,2.6159598933314916,7
top25_dial23,6,5.251274816209097,10
food_level3_dial28,1,5.099861800757116,5
food_level3_dial28,2,7.123501843520312,4
food_level3_dial28,3,6.355051173320437,8
food_level3_dial28,4,6.047616098726596,9
food_level3_dial28,5,5.375326002062667,4
food_level3_dial28,6,4.253943502892718,4
hobby_level2_dial20,1,4.594818624596731,5
hobby_level2_dial20,2,3.3407679624653017,8
hobby_level2_dial20,3,5.85587112934559,6
hobby_level2_dial20,4,4.728928909083768,5
hobby_level2_dial20,5,4.486308738888994,5
hobby_level2_dial20,6,6.0986096670313374,8
top25_dial50,1,5.774426649688209,8
top25_dial50,2,6.447962447649552,7
top25_dial50,3,7.500926103603886,7
top25_dial50,4,6.980109225535769,9
top25_dial50,5,8.099456703666343,7
top25_dial50,6,3.868684922805014,6
hobby_level3_dial34,1,5.978406143095522,6
hobby_level3_dial34,2,5.152960940550936,7
hobby_level3_dial34,3,10.04093616564052,5
hobby_level3_dial34,4,4.771612483107618,7
hobby_level3_dial34,5,8.231799546345428,6
hobby_level3_dial34,6,6.974525010708745,6
food_level1_dial10,1,4.787243290613081,6
food_level1_dial10,2,7.237927178893019,8
food_level1_dial10,3,4.93049813248502,3
food_level1_dial10,4,6.813777160622928,4
food_level1_dial10,5,4.9265418587160985,11
food_level1_dial10,6,5.017549410289334,3
food_level2_dial38,1,6.67191283385318,5
food_level2_dial38,2,5.531817628891891,3
food_level2_dial38,3,9.442023213621988,4
food_level2_dial38,4,4.970276771879515,5
food_level2_dial38,5,2.977045233763661,13
food_level2_dial38,6,7.136127384096083,5
food_level2_dial38,7,4.2294655909241285,6
top25_dial24,1,4.974122490058324,8
top25_dial24,2,4.663104080708435,14
top25_dial24,3,5.906268436675025,10
top25_dial24,4,5.431572956523831,6
top25_dial24,5,4.981085095701335,11
top25_dial24,6,7.9186983411035765,7
food_level3_dial29,1,3.622475905822382,6
food_level3_dial29,2,3.3510626404237063,9
food_level3_dial29,3,7.421837753461847,5
food_level3_dial29,4,3.7644099997453337,6
food_level3_dial29,5,7.219195807093181,5
food_level3_dial29,6,5.001886676173835,5
hobby_level2_dial9,1,4.111503652520821,5
hobby_level2_dial9,2,2.717223019812011,9
hobby_level2_dial9,3,4.495230183087189,8
hobby_level2_dial9,4,4.111962465729606,8
hobby_level2_dial9,5,6.367983373140129,5
top25_dial51,1,6.608051831080516,7
top25_dial51,2,3.074301445606934,11
top25_dial51,3,3.7316714623841536,10
top25_dial51,4,4.671522415217581,4
top25_dial51,5,5.8397669186509695,6
top25_dial51,6,4.30639257752121,5
hobby_level3_dial35,1,7.773093245913463,7
hobby_level3_dial35,2,3.9108382264593824,4
hobby_level3_dial35,3,5.631221454539557,9
hobby_level3_dial35,4,7.653131579957597,11
hobby_level3_dial35,5,7.166190139133583,5
hobby_level3_dial35,6,5.925954325203762,12
hobby_level3_dial35,7,4.960651283994487,8
food_level1_dial11,1,3.658290453280606,8
food_level1_dial11,2,5.6712728378020945,8
food_level1_dial11,3,10.108657149547003,7
food_level1_dial11,4,9.27055741075683,6
food_level1_dial11,5,4.592402662949918,10
food_level1_dial11,6,5.813466915955426,5
hobby_level2_dial21,1,8.819429228070884,8
hobby_level2_dial21,2,6.421949542776184,9
hobby_level2_dial21,3,7.125265441261454,7
hobby_level2_dial21,4,6.3366662026775025,4
food_level2_dial4,1,4.3397617377798525,8
food_level2_dial4,2,3.5117163325057605,5
food_level2_dial4,3,6.498261951661914,5
food_level2_dial4,4,5.4987856316949815,5
food_level2_dial4,5,3.777709010059941,10
food_level2_dial4,6,6.2334761234336495,5
hobby_level3_dial1,1,5.174783961582222,5
hobby_level3_dial1,2,3.855615779797929,11
hobby_level3_dial1,3,3.8136508025623055,9
hobby_level3_dial1,4,5.253516642323309,10
hobby_level3_dial1,5,5.585157181445812,11
hobby_level3_dial1,6,5.821184531395429,4
hobby_level1_dial18,1,5.040284655122842,6
hobby_level1_dial18,2,3.9037141002944007,6
hobby_level1_dial18,3,4.824124933284215,10
hobby_level1_dial18,4,4.669386388604623,5
hobby_level1_dial18,5,4.7305846034131855,11
hobby_level1_dial18,6,7.9262917393384225,5
food_level1_dial12,1,7.10995548312396,5
food_level1_dial12,2,8.284047744320876,5
food_level1_dial12,3,10.250323975093414,3
food_level1_dial12,4,6.183255840698365,9
food_level1_dial12,5,4.169207179233788,6
food_level1_dial12,6,11.289884176496622,3
top25_dial52,1,4.201885877226035,7
top25_dial52,2,3.463081284300416,8
hobby_level3_dial36,1,4.722346378683099,8
hobby_level3_dial36,2,5.168031519255024,5
hobby_level3_dial36,3,5.091811655597786,7
food_level3_dial3,1,2.617470971005912,7
food_level3_dial3,2,4.659168181328058,9
food_level3_dial3,3,5.087766375677252,6
food_level3_dial3,4,5.820466939247957,8
food_level3_dial3,5,3.366522112496222,8
food_level3_dial3,6,3.2833963582577788,10
hobby_level2_dial22,1,6.536538323837251,4
hobby_level2_dial22,2,6.440098261188126,6
hobby_level2_dial22,3,5.485058967622839,8
hobby_level2_dial22,4,3.222802121405295,8
hobby_level2_dial22,5,6.050763339864015,6
hobby_level2_dial22,6,6.023148927863032,8
food_level2_dial5,1,7.198746646774519,6
food_level2_dial5,2,9.511377455467107,7
food_level2_dial5,3,7.549285732129268,8
food_level1_dial13,1,4.645967009186993,8
food_level1_dial13,2,6.072822802190295,6
food_level1_dial13,3,4.870959731289151,6
hobby_level3_dial37,1,7.264801734941411,9
hobby_level3_dial37,2,4.577170248730638,9
hobby_level3_dial37,3,5.5712309519089604,8
hobby_level3_dial37,4,2.703796148944887,9
hobby_level3_dial37,5,4.281251568460564,7
hobby_level3_dial37,6,4.856566546401353,9
hobby_level3_dial10,1,4.258350675483856,8
hobby_level3_dial10,2,4.933097586279744,11
hobby_level3_dial10,3,3.5083150211807435,8
hobby_level3_dial10,4,6.303654015159416,6
food_level2_dial13,1,8.079093048755274,6
food_level2_dial13,2,2.901037454300043,6
food_level2_dial13,3,4.543068517059015,6
food_level2_dial13,4,2.766857687841168,10
food_level2_dial13,5,2.2831409288388618,4
food_level2_dial13,6,3.224233517309285,9
food_level3_dial30,1,4.452748691204496,5
food_level3_dial30,2,3.817724709967297,9
food_level3_dial30,3,4.646683179091551,6
food_level3_dial30,4,3.714646159336515,5
food_level3_dial30,5,5.017382324955241,8
food_level3_dial30,6,6.1641386291875975,10
food_level3_dial30,7,4.58339885402137,11
food_level1_dial14,1,4.2410222707319605,6
food_level1_dial14,2,7.480952036974767,4
food_level1_dial14,3,5.679481404139614,6
food_level1_dial14,4,4.972127783782606,3
food_level1_dial14,5,6.494822757774648,7
food_level1_dial14,6,7.594325380785067,4
hobby_level1_dial19,1,6.719693382387555,7
hobby_level1_dial19,2,4.983727802689422,10
hobby_level1_dial19,3,5.947575710430627,6
hobby_level1_dial19,4,4.792278071916828,11
hobby_level1_dial19,5,6.3525775447929815,8
hobby_level1_dial19,6,4.503015499849734,10
top25_dial53,1,5.11710491995352,6
top25_dial53,2,4.744144669761001,6
top25_dial53,3,5.13834733102037,7
top25_dial53,4,5.072355355383382,6
top25_dial53,5,6.5268093165646555,8
top25_dial53,6,5.892800798132959,5
food_level3_dial31,1,5.668089356356556,5
food_level3_dial31,2,4.950396148622974,9
food_level3_dial31,3,5.951744613360755,10
food_level3_dial31,4,6.221099051305627,5
food_level3_dial31,5,5.894143723495114,5
food_level3_dial31,6,5.781088162189054,8
hobby_level1_dial2,1,5.43274904737276,7
hobby_level1_dial2,2,3.0815978024373245,6
hobby_level1_dial2,3,4.548526785633802,6
hobby_level1_dial2,4,6.482816607765992,5
hobby_level1_dial2,5,2.409669999214989,8
hobby_level1_dial2,6,1.7852078444447823,7
food_level2_dial14,1,5.820908191983465,5
food_level2_dial14,2,6.13947035208254,8
food_level2_dial14,3,8.219099608876197,4
food_level2_dial14,4,10.672701627097856,3
food_level2_dial14,5,4.7304901043684096,3
food_level2_dial14,6,4.3560497549144666,6
hobby_level3_dial38,1,4.8996242987002185,7
hobby_level3_dial38,2,5.208885846923518,5
hobby_level3_dial38,3,3.5176128494932764,7
hobby_level3_dial38,4,3.2896610267248496,7
hobby_level3_dial38,5,4.03456969694085,7
hobby_level3_dial38,6,4.774260751023943,13
hobby_level2_dial23,1,4.183695095550753,5
hobby_level2_dial23,2,3.4728254207354716,6
hobby_level2_dial23,3,4.430225106280187,4
hobby_level2_dial23,4,6.47440997073673,7
hobby_level2_dial23,5,4.944698770405921,10
hobby_level2_dial23,6,6.8458260366148584,7
hobby_level3_dial11,1,6.404434473241967,4
hobby_level3_dial11,2,4.838163666791981,9
hobby_level3_dial11,3,4.339731274671076,6
hobby_level3_dial11,4,4.263744882080588,16
hobby_level3_dial11,5,7.27403232369561,5
hobby_level3_dial11,6,7.182829692318322,5
hobby_level3_dial11,7,3.1588716240489756,8
food_level1_dial15,1,7.344163989037156,4
food_level1_dial15,2,3.7056815032151187,5
food_level1_dial15,3,4.779500914135881,8
food_level1_dial15,4,5.1450804314036525,5
food_level1_dial15,5,6.664781206272865,4
food_level1_dial15,6,4.259534239973618,8
food_level3_dial32,1,8.61178888368365,5
food_level3_dial32,2,8.259356425030685,5
food_level3_dial32,3,6.680099911838121,7
food_level3_dial32,4,11.380936026966003,4
food_level3_dial32,5,7.502264451930003,10
food_level3_dial32,6,6.117089312270545,7
top25_dial25,1,5.813596045807292,7
top25_dial25,2,5.038395797293265,5
top25_dial25,3,5.882302900629434,7
top25_dial25,4,4.616747088106812,7
top25_dial25,5,5.9693190941840495,7
top25_dial25,6,4.36920184462749,9
hobby_level3_dial4,1,3.7885289011409413,5
hobby_level3_dial4,2,6.471732150109981,4
hobby_level3_dial4,3,6.478165752401046,6
hobby_level1_dial20,1,9.836496791139728,4
hobby_level1_dial20,2,5.879156604960053,5
hobby_level1_dial20,3,2.8757731918555396,7
hobby_level1_dial20,4,4.879319121384717,12
hobby_level1_dial20,5,6.071891050408211,7
hobby_level1_dial20,6,1.4639013689821574,3
food_level2_dial15,1,5.883004425751974,6
food_level2_dial15,2,4.392430797498587,5
food_level2_dial15,3,4.271140197919984,5
food_level2_dial15,4,6.535818813214729,5
food_level2_dial15,5,3.8097991794103794,8
food_level2_dial15,6,5.2347384218371165,5
food_level3_dial33,1,5.410016300633135,8
food_level3_dial33,2,3.6911581319769895,7
food_level3_dial33,3,5.916001108382362,5
food_level3_dial33,4,5.122892464633111,9
hobby_level3_dial13,1,5.514176162189402,7
hobby_level3_dial13,2,4.183565519612634,17
hobby_level3_dial13,3,5.4202864506394555,8
hobby_level3_dial13,4,2.552300218629303,5
hobby_level3_dial13,5,2.511067632413867,6
hobby_level3_dial13,6,4.136775652214329,4
food_level1_dial16,1,6.737672242961582,7
food_level1_dial16,2,4.592791846008774,7
food_level1_dial16,3,2.405864501994591,4
food_level1_dial16,4,4.606035900086676,5
food_level1_dial16,5,4.437038580038934,9
food_level1_dial16,6,6.980801536755072,5
food_level2_dial16,1,2.6005821123264665,5
food_level2_dial16,2,3.632755873421209,7
food_level2_dial16,3,4.645865802949635,5
food_level2_dial16,4,3.5125851214141957,4
food_level2_dial16,5,6.349391950073411,4
food_level2_dial16,6,2.517798014210095,11
hobby_level3_dial5,1,4.929523060032945,9
hobby_level3_dial5,2,4.878183775239339,6
hobby_level3_dial5,3,6.152538999556166,10
hobby_level3_dial5,4,6.14284857738232,6
hobby_level3_dial5,5,5.201161742513309,6
hobby_level3_dial5,6,3.0164431685087933,7
food_level3_dial34,1,5.205930500027952,6
food_level3_dial34,2,7.607331681108146,6
food_level3_dial34,3,6.82274172580083,7
food_level3_dial34,4,5.5056448513643295,6
food_level3_dial34,5,5.692201967043894,7
food_level3_dial34,6,8.051804632797108,4
food_level1_dial17,1,4.033128999617052,4
food_level1_dial17,2,4.672803530033826,4
food_level1_dial17,3,3.591492802388649,5
food_level1_dial17,4,5.38854700481387,3
food_level1_dial17,5,7.436106165720692,7
food_level1_dial17,6,3.6595892277625572,6
food_level2_dial17,1,4.347993724167263,7
food_level2_dial17,2,5.1370643580186055,4
food_level2_dial17,3,6.739422791778092,5
food_level2_dial17,4,6.786403659904325,7
food_level2_dial17,5,4.885352412702845,5
food_level2_dial17,6,5.612659545986775,4
top25_dial54,1,4.18873090252757,7
top25_dial54,2,5.702329926587088,6
top25_dial54,3,3.991294170188928,6
top25_dial26,1,4.123392008639789,8
top25_dial26,2,4.775043445217212,10
top25_dial26,3,6.374521625945529,7
top25_dial26,4,7.093265821469608,3
top25_dial26,5,4.588201447493938,10
top25_dial26,6,3.9875653944844367,7
food_level1_dial18,1,5.60948254704151,6
food_level1_dial18,2,6.146688333708674,7
food_level1_dial18,3,6.027335131808411,11
food_level1_dial18,4,4.1404989043151375,8
food_level1_dial18,5,4.409851113306329,8
food_level1_dial18,6,5.23569861854297,7
hobby_level3_dial15,1,4.676994395657191,6
hobby_level3_dial15,2,6.652714311765117,8
hobby_level3_dial15,3,5.139664558068942,13
hobby_level3_dial15,4,3.5808281459689093,9
hobby_level3_dial15,5,5.57132726764545,8
hobby_level3_dial15,6,5.928907041328692,7
food_level2_dial6,1,5.703426876268537,5
food_level2_dial6,2,5.153765590132089,8
food_level2_dial6,3,4.103438397336916,7
food_level2_dial6,4,4.690319219074135,15
food_level2_dial6,5,6.578488637316617,6
food_level2_dial6,6,3.5114921908713805,7
hobby_level1_dial21,1,3.9365754879163646,9
hobby_level1_dial21,2,4.522414477891908,6
hobby_level1_dial21,3,7.692425468577317,4
hobby_level1_dial21,4,3.9919220645276354,10
hobby_level1_dial21,5,3.48597808967954,5
hobby_level1_dial21,6,3.94928812455197,7
food_level3_dial35,1,1.067516777700951,4
food_level3_dial35,2,2.9090497153788895,4
food_level3_dial35,3,4.60559228788794,3
food_level3_dial35,4,4.7720805471730605,6
food_level3_dial35,5,5.011751698789054,5
food_level3_dial35,6,4.280251672767512,9
hobby_level3_dial16,1,5.320880951469966,8
hobby_level3_dial16,2,4.33854952351996,7
hobby_level3_dial16,3,6.523956990713941,12
hobby_level3_dial16,4,3.85716214139546,7
hobby_level3_dial16,5,5.6601579062558685,5
hobby_level3_dial16,6,5.085688302522206,7
hobby_level3_dial6,1,7.790076850766299,5
hobby_level3_dial6,2,6.376976640935503,8
hobby_level3_dial6,3,5.511773916906663,5
hobby_level3_dial6,4,7.2234341819550565,5
hobby_level3_dial6,5,3.694833961184331,11
hobby_level3_dial6,6,6.276215250825458,6
food_level2_dial7,1,2.8500458483243594,13
food_level2_dial7,2,2.989540554978853,10
food_level2_dial7,3,3.4176499146764048,6
food_level2_dial7,4,6.7563048640657755,9
food_level2_dial7,5,6.690467451101641,5
food_level2_dial7,6,6.332297912851926,7
hobby_level1_dial22,1,3.935068193882884,4
hobby_level1_dial22,2,4.4289026505039,3
hobby_level1_dial22,3,6.931650138562023,8
hobby_level1_dial22,4,5.983694418155409,6
hobby_level1_dial22,5,4.790179768652473,8
hobby_level1_dial22,6,5.902388151705486,10
food_level1_dial19,1,8.873264573347745,7
food_level1_dial19,2,4.998954272431161,6
food_level1_dial19,3,4.919010455774812,14
food_level1_dial19,4,7.147594634094051,5
top25_dial55,1,7.0154062690690004,4
top25_dial55,2,6.69726276899357,5
top25_dial55,3,3.6924356317334444,5
top25_dial55,4,6.273276809967078,11
top25_dial55,5,3.0595718124207405,5
top25_dial55,6,4.460325302847894,7
food_level3_dial36,1,3.2943005862079633,6
food_level3_dial36,2,5.575576613858728,6
food_level3_dial36,3,5.7521452713088665,6
food_level3_dial36,4,5.603657851148278,9
food_level3_dial36,5,4.585154104221601,5
food_level3_dial36,6,5.103784757745332,7
hobby_level3_dial17,1,5.293872882025482,8
hobby_level3_dial17,2,5.417350474121343,7
hobby_level3_dial17,3,6.979492086118904,11
hobby_level3_dial17,4,3.696415528678745,9
hobby_level3_dial17,5,5.867759348637838,8
hobby_level3_dial17,6,3.4375953519720044,4
hobby_level1_dial23,1,5.565448500920935,5
hobby_level1_dial23,2,2.483991034725104,8
hobby_level1_dial23,3,3.6382731135387196,7
hobby_level1_dial23,4,4.424354888175537,6
hobby_level1_dial23,5,3.201208065726848,5
hobby_level1_dial23,6,5.785964771129774,6
hobby_level3_dial7,1,3.484395574019385,4
hobby_level3_dial7,2,3.8695908830885273,3
hobby_level3_dial7,3,6.208007466942997,4
hobby_level3_dial7,4,5.079125441722708,8
hobby_level3_dial7,5,4.867814618907293,4
hobby_level3_dial7,6,6.006042908841992,8
food_level2_dial8,1,6.864965562346033,8
food_level2_dial8,2,5.325035845746986,9
food_level2_dial8,3,4.955521397419956,10
food_level2_dial8,4,5.600092133040819,10
food_level2_dial8,5,6.844904928676996,9
food_level2_dial8,6,7.097600087578197,12
top25_dial27,1,4.932319285150602,7
top25_dial27,2,6.570114744193087,7
top25_dial27,3,5.640383986240425,6
top25_dial27,4,5.346369023745052,6
top25_dial27,5,3.8028611335940607,7
top25_dial27,6,3.631739437520956,11
food_level2_dial9,1,7.107686952147114,4
food_level2_dial9,2,6.154599800061273,27
food_level2_dial9,3,6.170047062135683,7
food_level2_dial9,4,3.921597192811701,6
food_level2_dial9,5,3.031753419370875,8
food_level2_dial9,6,2.2414812224482166,6
hobby_level2_dial24,1,4.635105729110563,4
hobby_level2_dial24,2,3.332833449252468,7
hobby_level2_dial24,3,5.136345509518462,8
hobby_level2_dial24,4,8.17853139569597,4
hobby_level2_dial24,5,3.9882174701341184,11
hobby_level2_dial24,6,3.5306885521873332,5
hobby_level2_dial24,7,3.6092617890725704,10
hobby_level1_dial3,1,2.723246087353321,6
hobby_level1_dial3,2,3.65785063966558,5
hobby_level1_dial3,3,7.07799357705253,8
hobby_level1_dial3,4,6.994571929005903,10
hobby_level1_dial3,5,5.308103937923469,9
hobby_level1_dial3,6,5.738459245613483,4
food_level1_dial2,1,5.654951938259759,6
food_level1_dial2,2,9.1414766049994,5
food_level1_dial2,3,8.990871222362033,4
food_level1_dial2,4,6.926487506960003,5
food_level1_dial2,5,3.8046179153126696,10
food_level1_dial2,6,6.546499926086054,10
food_level1_dial2,7,6.176800281250857,8
food_level2_dial19,1,7.349768151051275,9
food_level2_dial19,2,7.0145031798497435,9
food_level2_dial19,3,9.03284351013004,5
food_level2_dial19,4,9.73865863816582,9
food_level2_dial19,5,9.955947719620502,6
food_level2_dial19,6,4.374297079599828,7
hobby_level2_dial25,1,3.786942829917371,7
hobby_level2_dial25,2,4.298460855541275,8
hobby_level2_dial25,3,4.398470459206325,8
hobby_level2_dial25,4,5.299380252267839,7
hobby_level2_dial25,5,5.294314585869313,7
hobby_level2_dial25,6,8.170615132493772,6
hobby_level3_dial18,1,7.575910720343997,6
hobby_level3_dial18,2,7.083884754216527,6
hobby_level3_dial18,3,7.807251664241343,7
hobby_level3_dial18,4,2.8917705902916637,8
hobby_level3_dial18,5,6.847941785709169,7
hobby_level3_dial18,6,6.868828557556243,6
food_level3_dial37,1,4.377396353801631,8
food_level3_dial37,2,5.412114229805481,9
food_level3_dial37,3,6.627124183965488,9
food_level3_dial37,4,6.892165610634106,5
food_level3_dial37,5,7.155030375141828,6
food_level3_dial37,6,3.0361480498034084,8
hobby_level3_dial8,1,5.329309390070238,5
hobby_level3_dial8,2,6.565475568732357,8
hobby_level3_dial8,3,4.473163481354301,10
hobby_level3_dial8,4,7.512714298164052,3
hobby_level3_dial8,5,6.2159429975526574,5
hobby_level3_dial8,6,5.564106465382014,6
food_level3_dial38,1,6.774128514321862,7
food_level3_dial38,2,7.307835234796637,5
food_level3_dial38,3,3.8993902520789527,8
food_level3_dial38,4,8.444216097060941,5
food_level3_dial38,5,3.509883033832066,3
food_level3_dial38,6,3.9426029528802466,6
top25_dial56,1,4.473170691279615,6
top25_dial56,2,2.1885422525404823,5
top25_dial56,3,6.559357074632324,6
top25_dial56,4,4.134444949724055,6
top25_dial56,5,10.51632569057505,6
top25_dial56,6,3.5665976297788395,7
top25_dial28,1,7.432761884609867,5
top25_dial28,2,5.44487835478226,8
top25_dial28,3,4.182521719764418,9
top25_dial28,4,4.796392319357516,6
top25_dial28,5,5.131361970889769,10
top25_dial28,6,4.191139494968636,7
top25_dial28,7,5.409971003425051,10
hobby_level1_dial4,1,3.7404221294265,5
hobby_level1_dial4,2,5.679655818143357,6
hobby_level1_dial4,3,6.888749185003449,6
hobby_level1_dial4,4,5.115828838279446,6
hobby_level1_dial4,5,6.466871049788501,4
hobby_level1_dial4,6,5.834051216883628,5
hobby_level1_dial4,7,2.3048733460438773,5
hobby_level3_dial9,1,4.964106168855947,10
hobby_level3_dial9,2,3.8750797159281376,10
hobby_level3_dial9,3,5.178922874034362,8
hobby_level3_dial19,1,0.0,2
hobby_level3_dial19,2,4.378619625240423,6
hobby_level3_dial19,3,5.490527516749072,3
hobby_level3_dial19,4,5.51050157759425,7
hobby_level3_dial19,5,6.222935709194478,3
hobby_level3_dial19,6,4.690669513228475,9
hobby_level3_dial19,7,2.399911745708279,7
hobby_level2_dial26,1,5.896274628684622,6
hobby_level2_dial26,2,5.158897830666031,7
hobby_level2_dial26,3,3.889690204331462,8
hobby_level2_dial26,4,4.591338820681474,7
hobby_level2_dial26,5,6.949067760544032,6
hobby_level2_dial26,6,7.651247647786214,12
food_level2_dial2,1,5.2852785376057385,7
food_level2_dial2,2,3.750733498820697,5
food_level2_dial2,3,5.615164970225132,5
food_level2_dial2,4,4.614195392631811,4
food_level2_dial2,5,6.669351780537076,4
food_level2_dial2,6,6.663604695111103,9
hobby_level2_dial27,1,3.7117007511561044,7
hobby_level2_dial27,2,2.870594331556727,6
hobby_level2_dial27,3,2.5069518994393105,7
hobby_level2_dial27,4,5.303074266791316,8
hobby_level2_dial27,5,6.317433602719966,7
hobby_level2_dial27,6,7.41663431399004,3
food_level1_dial20,1,5.722092412016005,7
food_level1_dial20,2,4.7885434182522015,7
food_level1_dial20,3,6.2063039164297535,6
food_level1_dial20,4,4.118917755128034,7
food_level1_dial20,5,7.973791882936953,7
food_level1_dial20,6,6.552886965626162,6
hobby_level3_dial2,1,4.998989511099659,5
hobby_level3_dial2,2,4.506417759179102,4
hobby_level3_dial2,3,5.7298328471403535,8
hobby_level3_dial2,4,3.859253311091277,5
hobby_level3_dial2,5,6.50695362996033,11
hobby_level3_dial2,6,5.114124658259567,9
food_level2_dial20,1,6.082457927617846,7
food_level2_dial20,2,6.390061819605431,7
food_level2_dial20,3,6.063124666048327,6
top25_dial29,1,2.185435017101277,6
top25_dial29,2,5.501705051381558,4
top25_dial29,3,5.9090844256317885,9
top25_dial29,4,5.591903373831727,5
top25_dial29,5,4.094075652586721,8
top25_dial29,6,4.574286272482149,10
food_level3_dial1,1,6.396951055171657,5
food_level3_dial1,2,3.3466776242768175,8
food_level3_dial1,3,7.846101499563994,6
food_level3_dial1,4,6.479477022783887,5
food_level3_dial1,5,10.712912636067557,4
food_level3_dial1,6,8.241164650167654,8
hobby_level3_dial20,1,5.4526212048186915,6
hobby_level3_dial20,2,3.7184924820134295,9
hobby_level3_dial20,3,6.947306303518386,5
hobby_level3_dial20,4,8.290793304306188,4
hobby_level3_dial20,5,2.5825794779393467,7
hobby_level3_dial20,6,6.028233623956534,7
top25_dial57,1,6.886150501538478,6
top25_dial57,2,7.218589319469679,4
top25_dial57,3,4.718966326731851,4
top25_dial57,4,3.5613665091962927,4
top25_dial57,5,3.82119652689074,6
top25_dial57,6,6.768328842300827,8
food_level1_dial21,1,5.186344209321677,4
food_level1_dial21,2,3.960740649154034,7
food_level1_dial21,3,8.696510059531105,4
food_level1_dial21,4,7.125418835457727,7
food_level1_dial21,5,4.236574805663111,7
food_level1_dial21,6,2.2462392567873084,7
hobby_level2_dial28,1,7.626259271439406,5
hobby_level2_dial28,2,7.2989292874729745,9
hobby_level2_dial28,3,6.814647936389334,9
hobby_level2_dial28,4,5.1147980131866415,8
hobby_level2_dial28,5,5.6767792368654355,8
hobby_level2_dial28,6,6.222259546291829,7
top25_dial3,1,4.162107384443396,7
top25_dial3,2,3.916816826059065,7
top25_dial3,3,5.481063371978816,8
top25_dial3,4,3.7373587415567036,10
top25_dial3,5,4.236681610860597,8
top25_dial3,6,3.8383598841987587,7
top25_dial3,7,4.566724749055346,8
food_level3_dial4,1,6.831511713667375,8
food_level3_dial4,2,3.0114290067721026,6
food_level3_dial4,3,4.616116980621088,7
food_level3_dial4,4,6.066616170009415,3
food_level3_dial4,5,4.9427466243437,4
food_level3_dial4,6,5.609452234819291,6
top25_dial1,1,3.8568242796421712,10
top25_dial1,2,4.376619309787682,7
top25_dial1,3,3.7584412745131037,12
top25_dial1,4,8.531352055777091,8
top25_dial1,5,4.567889383432228,11
top25_dial1,6,3.791902195273186,6
food_level2_dial21,1,7.03680401273671,6
food_level2_dial21,2,3.3966641038335204,4
food_level2_dial21,3,5.334669673267712,5
food_level2_dial21,4,5.619205029333933,6
food_level2_dial21,5,4.995766461054663,6
food_level2_dial21,6,5.173259431881651,10
hobby_level3_dial21,1,5.755345141084372,13
hobby_level3_dial21,2,4.485459305028337,6
hobby_level3_dial21,3,5.591946224843399,14
hobby_level3_dial21,4,5.964038466369186,6
hobby_level3_dial21,5,4.963651232336048,8
hobby_level3_dial21,6,4.129345529073418,9
hobby_level1_dial6,1,6.054607641903642,8
hobby_level1_dial6,2,5.595744231747414,4
hobby_level1_dial6,3,4.5448166484095,11
hobby_level1_dial6,4,3.1968277695739173,8
hobby_level1_dial6,5,6.266215148908647,6
hobby_level1_dial6,6,3.7015926336542364,7
food_level1_dial22,1,4.540955235363212,7
food_level1_dial22,2,4.529136984202026,7
food_level1_dial22,3,6.784922629524342,6
food_level1_dial22,4,5.1751408757259245,8
food_level1_dial22,5,6.645080435651368,6
food_level1_dial22,6,7.5525273933856445,6
hobby_level3_dial22,1,4.449190561157347,5
hobby_level3_dial22,2,4.930082854455142,8
hobby_level3_dial22,3,5.143441114976647,10
hobby_level3_dial22,4,2.319488800159953,8
food_level1_dial23,1,5.930799531050037,6
food_level1_dial23,2,3.803940584298752,4
food_level1_dial23,3,5.180087335833881,9
food_level1_dial23,4,6.092602740329389,6
food_level1_dial23,5,2.74668574337601,8
food_level1_dial23,6,2.885909377057323,9
food_level2_dial22,1,3.736905701810179,5
food_level2_dial22,2,8.933827569035135,5
food_level2_dial22,3,2.7569016017598784,5
food_level2_dial22,4,5.0873746142909155,4
food_level2_dial22,5,4.892539590069535,6
food_level2_dial22,6,7.554647158739156,5
hobby_level2_dial29,1,4.427312575812635,6
hobby_level2_dial29,2,5.591873229633011,5
hobby_level2_dial29,3,4.215586546345276,12
hobby_level2_dial29,4,6.846042182159603,6
hobby_level2_dial29,5,4.406458272839218,9
hobby_level2_dial29,6,4.223944166123326,10
hobby_level3_dial23,1,4.388907573889949,8
hobby_level3_dial23,2,3.30812560105817,8
hobby_level3_dial23,3,4.041094969726155,8
hobby_level3_dial23,4,2.7736881475217947,5
hobby_level3_dial23,5,5.1497411382670215,8
top25_dial30,1,4.8641452853404425,5
top25_dial30,2,5.4348495646421044,7
top25_dial30,3,3.892248278147387,7
top25_dial30,4,5.716137999801695,6
top25_dial30,5,5.7585847202981375,10
top25_dial30,6,6.537491398034132,5
food_level1_dial3,1,5.515280461461152,6
food_level1_dial3,2,5.824946297895937,7
food_level1_dial3,3,4.032592849067556,14
food_level1_dial3,4,6.464008468443961,6
food_level1_dial3,5,4.190516022819083,7
food_level1_dial3,6,3.80023218424129,6
hobby_level1_dial7,1,5.01828365857813,7
hobby_level1_dial7,2,3.053945534205005,6
hobby_level1_dial7,3,3.6632293366522766,5
hobby_level1_dial7,4,3.885990457082111,7
hobby_level1_dial7,5,4.272046448164459,8
hobby_level1_dial7,6,5.05536267558545,9
hobby_level2_dial3,1,7.635613429571844,4
hobby_level2_dial3,2,3.6491528494906054,7
hobby_level2_dial3,3,4.818746385886864,8
hobby_level2_dial3,4,4.639220945261535,6
hobby_level2_dial3,5,5.692901018713043,9
hobby_level2_dial3,6,9.043844476263379,5
food_level3_dial10,1,6.821708065843184,8
food_level3_dial10,2,4.6598391441100215,11
food_level3_dial10,3,5.0509798270415525,6
food_level3_dial10,4,4.701116675915845,9
food_level3_dial10,5,6.193865951727658,7
food_level3_dial10,6,4.35170761255849,5
food_level1_dial4,1,6.207627252387278,5
food_level1_dial4,2,3.1877052927336367,5
food_level1_dial4,3,3.600172563664709,9
food_level1_dial4,4,3.902048905337141,9
food_level1_dial4,5,3.7061729204995584,7
food_level1_dial4,6,4.054477544274498,4
food_level3_dial6,1,2.2052482120996153,6
food_level3_dial6,2,2.7042064666683263,6
food_level3_dial6,3,3.8526303502987376,7
food_level3_dial6,4,3.8981648724027433,6
food_level3_dial6,5,3.1785917441171048,8
food_level3_dial6,6,3.4326495251243085,8
top25_dial31,1,3.4447565739289123,8
top25_dial31,2,4.495604258288783,10
top25_dial31,3,3.4980121786772522,6
top25_dial31,4,3.3752619455824564,5
top25_dial31,5,2.3507109030154862,3
top25_dial31,6,4.76389422368476,9
top25_dial10,1,6.551489245250343,7
top25_dial10,2,3.3274294151642136,8
top25_dial10,3,5.519562266129272,9
top25_dial10,4,3.578005711422199,6
top25_dial10,5,4.8524525287665625,9
top25_dial10,6,3.6092622014353597,11
food_level2_dial23,1,6.045933686468316,5
food_level2_dial23,2,6.0387082261375244,8
food_level2_dial23,3,7.010671784924273,6
food_level2_dial23,4,5.372970285452272,8
food_level2_dial23,5,5.288366228767286,8
food_level2_dial23,6,5.459818556724147,7
hobby_level3_dial24,1,2.3201187532570327,4
hobby_level3_dial24,2,2.6304282326559894,7
hobby_level3_dial24,3,3.916732585839483,6
hobby_level3_dial24,4,2.563029510586939,7
hobby_level3_dial24,5,5.071495652751855,5
hobby_level3_dial24,6,7.9653542303921805,6
hobby_level2_dial30,1,4.12905126029347,5
hobby_level2_dial30,2,4.18551830663023,19
hobby_level2_dial30,3,2.5993291284273607,7
hobby_level2_dial30,4,7.312747938450587,8
hobby_level2_dial30,5,4.377794643891649,8
hobby_level2_dial30,6,6.307444682113918,5
top25_dial58,1,3.126506310430358,7
top25_dial58,2,2.937871464496179,6
top25_dial58,3,5.525048969586855,6
top25_dial58,4,3.8494221181854242,6
top25_dial58,5,4.764679469730213,8
top25_dial58,6,5.066127170692348,8
top25_dial58,7,3.70729439368843,6
hobby_level1_dial8,1,3.8159256321160426,5
hobby_level1_dial8,2,2.3119311811379664,6
hobby_level1_dial8,3,2.5530527347508682,5
top25_dial32,1,4.64393549568449,9
top25_dial32,2,3.5456136826715237,9
top25_dial32,3,2.958541992075027,8
top25_dial32,4,4.761288124957435,11
top25_dial32,5,1.9379737628197329,6
top25_dial32,6,3.4123060219546244,7
food_level1_dial5,1,4.475969723654491,6
food_level1_dial5,2,3.9877668731413487,5
food_level1_dial5,3,5.212302487464145,5
food_level1_dial5,4,8.72080521091383,9
food_level1_dial5,5,5.241094417947373,6
food_level1_dial5,6,4.7038175656000325,12
top25_dial11,1,4.430242158673315,6
top25_dial11,2,3.9921499042380453,10
top25_dial11,3,2.986587502986343,12
top25_dial11,4,4.416696150049439,4
top25_dial11,5,8.36140066696721,7
top25_dial11,6,6.095291100576985,5
food_level3_dial7,1,6.9588390501095505,7
food_level3_dial7,2,4.496391414386462,5
food_level3_dial7,3,4.19086484549429,5
food_level3_dial7,4,6.1556839846412785,5
food_level3_dial7,5,4.570559022029033,10
food_level3_dial7,6,7.683166050186494,6
hobby_level2_dial31,1,4.038639588814151,8
hobby_level2_dial31,2,6.102426998644104,8
hobby_level2_dial31,3,4.752297423764696,7
hobby_level2_dial31,4,4.659915644505308,8
hobby_level2_dial31,5,4.881450154924025,12
hobby_level2_dial31,6,5.854180371280235,7
hobby_level1_dial9,1,4.755518146854791,6
hobby_level1_dial9,2,5.341911000778993,10
hobby_level1_dial9,3,3.523618267089361,6
hobby_level1_dial9,4,4.391235934905394,2
hobby_level1_dial9,5,3.9915818600194486,13
hobby_level1_dial9,6,6.011624624980337,7
food_level3_dial11,1,4.748303596248593,8
food_level3_dial11,2,4.91932387690693,6
food_level3_dial11,3,5.3091252652218905,8
food_level3_dial11,4,5.696056324398726,4
food_level3_dial11,5,5.630837397179966,5
food_level3_dial11,6,5.17223721487415,9
top25_dial59,1,5.004084634096704,5
top25_dial59,2,4.931804346229127,8
top25_dial59,3,5.662410797244832,5
top25_dial59,4,5.8326254984078645,5
top25_dial59,5,6.048265726890953,4
top25_dial59,6,5.217313130533134,6
food_level1_dial6,1,6.487673163048362,8
food_level1_dial6,2,3.2292914991310333,8
food_level1_dial6,3,8.074372361158671,4
food_level1_dial6,4,5.106557019160831,3
food_level1_dial6,5,5.668193992293898,5
food_level1_dial6,6,3.8830969731082536,4
hobby_level2_dial32,1,4.892938317592274,7
hobby_level2_dial32,2,3.6842520699921626,8
hobby_level2_dial32,3,3.0997112341747943,7
hobby_level2_dial32,4,5.612846683820787,17
hobby_level2_dial32,5,8.664073030143577,6
hobby_level2_dial32,6,6.140905201197546,5
food_level3_dial12,1,5.195312368717834,5
food_level3_dial12,2,4.319593177921678,9
food_level3_dial12,3,6.913090846615542,6
food_level3_dial12,4,7.195399591557489,5
food_level3_dial12,5,1.9781345071657335,6
food_level3_dial12,6,4.429325069890611,5
food_level3_dial12,7,5.479153807712241,12
food_level3_dial8,1,5.3267325004038275,9
food_level3_dial8,2,2.84367188509967,7
food_level3_dial8,3,5.026897334390052,6
food_level3_dial8,4,3.7811060558716036,7
food_level3_dial8,5,2.238881257744143,6
food_level3_dial8,6,3.2291332732532396,6
food_level1_dial7,1,5.727779326738819,7
food_level1_dial7,2,4.543437682723017,13
food_level1_dial7,3,5.939848908640708,5
hobby_level2_dial33,1,5.978989366095256,3
hobby_level2_dial33,2,4.2836431707579115,9
hobby_level2_dial33,3,5.8113267560135515,10
hobby_level2_dial33,4,7.397330398825001,6
hobby_level2_dial33,5,7.936603684865179,6
hobby_level2_dial33,6,4.589121964373345,6
food_level3_dial13,1,5.696126677280381,4
food_level3_dial13,2,5.393724942346289,6
food_level3_dial13,3,5.768438121033064,3
food_level3_dial13,4,5.385878517737944,6
food_level3_dial13,5,5.710778951305733,7
food_level3_dial13,6,7.306580808996513,7
food_level2_dial24,1,7.2012112026755615,6
food_level2_dial24,2,5.858884630687315,14
food_level2_dial24,3,4.162132206876943,5
food_level2_dial24,4,3.1518762548091543,6
food_level2_dial24,5,3.5883434031798487,8
food_level2_dial24,6,3.875235696232685,5
food_level3_dial14,1,5.177303911651439,6
food_level3_dial14,2,3.2342869748095286,6
food_level3_dial14,3,7.316567860112686,7
food_level3_dial14,4,5.259995719085327,6
food_level3_dial14,5,5.001578764303653,6
food_level3_dial14,6,7.612361262954687,8
top25_dial33,1,6.075365526231823,11
top25_dial33,2,4.57396540478262,6
top25_dial33,3,5.968535755479806,9
top25_dial33,4,6.477049655718637,8
top25_dial33,5,6.0374222302139655,5
top25_dial33,6,3.336126692425691,4
hobby_level3_dial26,1,10.688612080492222,6
hobby_level3_dial26,2,3.157103967251097,8
hobby_level3_dial26,3,3.8226489238667094,9
hobby_level3_dial26,4,2.866496568872809,4
hobby_level3_dial26,5,3.3373620447261882,7
hobby_level3_dial26,6,4.392081811455897,13
top25_dial35,1,3.836416153999713,5
top25_dial35,2,3.7299030339724712,6
top25_dial35,3,2.8833223891661146,9
top25_dial35,4,5.058128272555877,4
top25_dial35,5,6.930851597476645,8
food_level1_dial8,1,5.523088155464859,6
food_level1_dial8,2,4.779339868342498,6
food_level1_dial8,3,4.601687811992424,8
food_level1_dial8,4,5.202256390858395,8
food_level1_dial8,5,6.216918120395623,7
food_level1_dial8,6,4.588943389262943,7
food_level3_dial9,1,3.915023225126282,6
food_level3_dial9,2,3.1122553077287316,10
food_level3_dial9,3,3.136495456272562,5
food_level3_dial9,4,5.02483759042631,5
food_level3_dial9,5,4.891044323622225,8
food_level3_dial9,6,4.923760788042063,6
hobby_level2_dial1,1,5.648610020004635,9
hobby_level2_dial1,2,7.074338727309171,7
hobby_level2_dial1,3,5.492526729111876,10
hobby_level2_dial1,4,2.6736473371594545,8
hobby_level2_dial1,5,3.957050868930298,8
hobby_level2_dial1,6,3.896215355372825,14
food_level1_dial9,1,4.882444190580393,9
food_level1_dial9,2,5.8267669884942945,7
food_level1_dial9,3,4.902606218281439,7
food_level1_dial9,4,4.687708725841321,5
food_level1_dial9,5,8.617136058611067,5
food_level1_dial9,6,3.519460815092006,5
top25_dial6,1,2.3454318184287506,5
top25_dial6,2,3.3506946832766857,6
top25_dial6,3,2.482348904566713,7
top25_dial6,4,3.900709598173828,6
top25_dial6,5,8.106133956994503,6
top25_dial6,6,4.5913015168202085,9
food_level3_dial15,1,5.007613106987469,5
food_level3_dial15,2,1.94132497241693,4
food_level3_dial15,3,2.0722572204123684,6
food_level3_dial15,4,4.40894178291241,7
food_level3_dial15,5,2.044173769496624,7
food_level3_dial15,6,5.298295822765612,6
top25_dial36,1,2.392596396821838,5
top25_dial36,2,3.26335885706708,7
top25_dial36,3,5.74365964081885,8
top25_dial36,4,3.295587451034539,5
top25_dial36,5,3.3961168341176817,9
top25_dial36,6,5.317621655921758,6
food_level2_dial1,1,5.102468347109514,6
food_level2_dial1,2,4.6918861329271415,4
food_level2_dial1,3,6.186262219035357,7
food_level2_dial1,4,5.305769504240593,10
food_level2_dial1,5,6.365585096492682,9
food_level2_dial1,6,4.8280531246182194,9
food_level3_dial16,1,4.708683237523583,7
food_level3_dial16,2,3.7009111585306718,10
food_level3_dial16,3,3.0311831848735493,5
food_level3_dial16,4,5.722511129829835,5
food_level3_dial16,5,4.393069649775036,8
food_level3_dial16,6,5.168667526661917,8
top25_dial12,1,4.0137037270488785,9
top25_dial12,2,5.329576005733704,12
top25_dial12,3,3.2118987452170376,9
hobby_level1_dial1,1,5.822187007243826,6
hobby_level1_dial1,2,6.8682054205125205,8
hobby_level1_dial1,3,4.627715844312867,6
hobby_level1_dial1,4,2.9745794679305737,4
hobby_level1_dial1,5,7.466034158915999,9
hobby_level1_dial1,6,7.800873564255838,8
hobby_level1_dial1,7,4.545720757524792,11
hobby_level2_dial10,1,4.889737297783354,7
hobby_level2_dial10,2,5.3553555316593755,10
hobby_level2_dial10,3,5.553516269163925,10
hobby_level2_dial10,4,5.178887868893173,8
hobby_level2_dial10,5,5.721460262246942,6
hobby_level2_dial10,6,2.595801280193414,5
hobby_level3_dial27,1,6.191234779293113,5
hobby_level3_dial27,2,5.637582481649027,13
hobby_level3_dial27,3,7.19258869814262,5
hobby_level3_dial27,4,2.8039962876541984,5
hobby_level3_dial27,5,3.6738736486350567,6
hobby_level3_dial27,6,5.912635206087918,4
hobby_level3_dial27,7,5.446285365296927,9
food_level2_dial25,1,6.809908505772592,5
food_level2_dial25,2,3.130420809511511,6
food_level2_dial25,3,4.631992267781801,8
food_level2_dial25,4,5.3797760564193595,6
food_level2_dial25,5,5.664440738747366,8
food_level2_dial25,6,4.168098075577007,8
food_level2_dial25,7,4.274384598360215,6
hobby_level2_dial34,1,7.742632879546907,4
hobby_level2_dial34,2,3.073201659050921,7
hobby_level2_dial34,3,3.696018504581902,8
hobby_level2_dial34,4,5.187184732887345,8
hobby_level2_dial34,5,5.05420107114718,9
hobby_level2_dial34,6,5.311849163018772,7
hobby_level2_dial34,7,3.695154091965866,8
hobby_level1_dial10,1,5.871755274834477,6
hobby_level1_dial10,2,5.744652642772396,10
hobby_level1_dial10,3,4.660184369251487,6
hobby_level1_dial10,4,6.5248588758268316,4
hobby_level1_dial10,5,4.2481962577330945,7
hobby_level3_dial28,1,6.159867831077733,13
hobby_level3_dial28,2,5.708324088909568,7
hobby_level3_dial28,3,8.462938453098094,7
food_level3_dial18,1,2.9862780791920467,6
food_level3_dial18,2,10.587590811581597,4
food_level3_dial18,3,7.080544700565317,6
food_level3_dial18,4,4.492617962316162,5
food_level3_dial18,5,7.3937812648146535,6
food_level3_dial18,6,5.00972416867773,4
food_level2_dial26,1,5.328555895750627,7
food_level2_dial26,2,3.504353514836994,12
food_level2_dial26,3,3.3485560462874604,5
food_level2_dial26,4,5.557818022000924,6
food_level2_dial26,5,6.947817107686607,8
food_level2_dial26,6,2.8035504676801537,4
hobby_level3_dial29,1,7.058297384444313,5
hobby_level3_dial29,2,6.440493672584631,6
hobby_level3_dial29,3,7.284923929403192,8
hobby_level3_dial29,4,3.5879712111887834,5
hobby_level3_dial29,5,4.709084569025553,9
hobby_level3_dial29,6,2.5528387833960657,7
hobby_level3_dial29,7,4.989443725617731,5
top25_dial13,1,4.873339145994418,9
top25_dial13,2,4.76935465285533,10
top25_dial13,3,5.51125861735099,6
top25_dial13,4,6.180598966226432,4
top25_dial13,5,5.277044234723132,9
top25_dial13,6,6.031247568179643,10
top25_dial37,1,7.802982887753058,6
top25_dial37,2,4.584226493814728,7
top25_dial37,3,4.756121640553026,10
top25_dial37,4,5.624800873975942,4
top25_dial37,5,6.728966641270915,9
top25_dial37,6,4.932685967603488,8
food_level2_dial27,1,4.718666963241093,7
food_level2_dial27,2,4.63692082333512,5
food_level2_dial27,3,5.599343896494281,8
food_level2_dial27,4,4.887992641496066,8
food_level2_dial27,5,5.178125439400655,7
food_level2_dial27,6,3.264972697325676,7
food_level2_dial27,7,3.542961038705275,7
food_level3_dial19,1,10.4139867828567,4
food_level3_dial19,2,8.69622149063201,5
food_level3_dial19,3,3.8027923101318413,8
food_level3_dial19,4,4.42581316130891,8
food_level3_dial19,5,4.12957626124109,6
food_level3_dial19,6,6.3923276360863195,10
top25_dial15,1,5.5629677556081685,8
top25_dial15,2,6.395526981784387,9
top25_dial15,3,7.136944443267389,7
top25_dial15,4,6.0407749536316,6
top25_dial15,5,5.879020783554645,6
top25_dial15,6,2.3840861945920024,3
top25_dial60,1,4.1190501386963865,5
top25_dial60,2,5.670844202634387,5
top25_dial60,3,5.231520714700313,8
top25_dial60,4,5.128610975059348,6
top25_dial60,5,3.498110363148858,5
top25_dial60,6,7.923950398077644,4
top25_dial60,7,4.679586069845162,11
food_level2_dial28,1,4.6239853584579285,6
food_level2_dial28,2,9.686226623566279,4
food_level2_dial28,3,4.7252366312925,6
food_level2_dial28,4,5.165258007858817,4
food_level2_dial28,5,6.484102358659989,5
food_level2_dial28,6,4.313897493932911,10
hobby_level1_dial11,1,3.6230163139950817,3
hobby_level1_dial11,2,7.782376103486496,6
hobby_level1_dial11,3,4.835081564038572,6
hobby_level1_dial11,4,2.40029451589223,4
hobby_level1_dial11,5,4.437430138840787,4
hobby_level1_dial11,6,4.993479672419236,7
hobby_level2_dial11,1,6.962387333822218,7
hobby_level2_dial11,2,3.7594881211395665,10
hobby_level2_dial11,3,7.597647204626345,4
hobby_level2_dial11,4,6.407816267520444,6
hobby_level2_dial11,5,7.153944340936685,10
hobby_level2_dial11,6,6.055144911198588,5
food_level3_dial20,1,6.684912103408137,4
food_level3_dial20,2,3.4951688937102885,5
food_level3_dial20,3,5.864912945278647,6
food_level3_dial20,4,3.4025254388613084,5
food_level3_dial20,5,7.566115265493377,6
food_level3_dial20,6,7.544537181432311,5
food_level3_dial20,7,8.240298857661502,6
food_level2_dial10,1,5.344711666348767,8
food_level2_dial10,2,4.604184797590585,5
food_level2_dial10,3,4.184917126588671,9
food_level2_dial10,4,4.9661923752566235,5
food_level2_dial10,5,7.476292297765111,5
food_level2_dial10,6,8.287349010970201,9
top25_dial61,1,2.6485221235147467,8
top25_dial61,2,5.564995216608878,5
top25_dial61,3,3.839921877795629,7
top25_dial61,4,4.18703205521907,10
top25_dial61,5,3.224212980366729,12
top25_dial61,6,5.071372234585009,9
hobby_level1_dial12,1,4.063384468225365,9
hobby_level1_dial12,2,4.180040698603634,10
hobby_level1_dial12,3,4.521765525424289,8
hobby_level1_dial12,4,2.962305464150506,5
hobby_level1_dial12,5,2.99708814505444,9
hobby_level1_dial12,6,2.289447523042644,4
food_level2_dial11,1,5.021564033743971,4
food_level2_dial11,2,7.459862736743793,6
food_level2_dial11,3,3.307203678835265,5
food_level2_dial11,4,7.496437361724174,9
food_level2_dial11,5,4.121074822085813,8
food_level2_dial11,6,3.7804083977366156,5
top25_dial38,1,5.701446572897627,6
top25_dial38,2,4.453646903070875,6
top25_dial38,3,4.014458565131402,9
top25_dial38,4,5.682843196861623,3
top25_dial38,5,7.634507009117824,7
top25_dial38,6,4.8028869163290215,7
food_level2_dial29,1,5.195631484980582,6
food_level2_dial29,2,8.279907186346435,4
food_level2_dial29,3,9.529967532580097,6
food_level2_dial29,4,6.283917245446252,5
food_level2_dial29,5,4.523803938928061,11
food_level2_dial29,6,7.304163462500054,6
top25_dial16,1,6.237422347819479,8
top25_dial16,2,6.862046882801792,7
top25_dial16,3,5.19767540010338,6
top25_dial16,4,5.841695054585789,6
top25_dial16,5,5.646006517072358,9
top25_dial16,6,7.3993920552572705,5
hobby_level1_dial13,1,3.7397044477269628,4
hobby_level1_dial13,2,4.986112658651037,15
hobby_level1_dial13,3,4.681035954213894,6
hobby_level1_dial13,4,5.226926212425947,13
hobby_level1_dial13,5,4.399251907658262,6
hobby_level1_dial13,6,7.010644319124241,7
hobby_level2_dial36,1,6.320549484711364,4
hobby_level2_dial36,2,3.4740070704719077,9
hobby_level2_dial36,3,2.4084705003289244,4
hobby_level2_dial36,4,6.474426575668661,5
hobby_level2_dial36,5,2.6653564828763896,6
hobby_level2_dial36,6,7.062626645388003,5
hobby_level2_dial37,1,6.990997086260563,5
hobby_level2_dial37,2,5.279110011757035,7
hobby_level2_dial37,3,2.561039485643088,4
hobby_level2_dial37,4,5.117509711372036,7
hobby_level2_dial37,5,5.221491529615706,8
hobby_level2_dial37,6,6.884360686743329,7
food_level2_dial3,1,6.077683140326321,8
food_level2_dial3,2,4.961845153873768,6
food_level2_dial3,3,5.230848721424277,6
food_level2_dial3,4,6.162598900628815,6
food_level2_dial3,5,8.214074330419546,5
food_level2_dial3,6,4.436694974007265,8
hobby_level2_dial38,1,6.001364406732944,6
hobby_level2_dial38,2,3.8973722928513257,7
hobby_level2_dial38,3,7.380608056510316,7
hobby_level2_dial38,4,7.032639893430604,5
hobby_level2_dial38,5,3.162660171626658,17
hobby_level2_dial38,6,5.4879996309951675,7
top25_dial4,1,6.56787667601651,8
top25_dial4,2,5.530850016711365,9
top25_dial4,3,8.740358621979912,7
top25_dial4,4,7.631182136074419,7
top25_dial4,5,5.815338155746965,7
top25_dial4,6,4.170688203936122,7
hobby_level1_dial14,1,6.6965310183899955,5
hobby_level1_dial14,2,6.341752335816521,5
hobby_level1_dial14,3,3.9844754413774415,4
hobby_level1_dial14,4,6.107120571626445,4
hobby_level1_dial14,5,7.791677922462331,9
hobby_level1_dial14,6,3.4208507843311664,5
top25_dial62,1,5.143956314001531,7
top25_dial62,2,3.086336854617855,9
top25_dial62,3,2.3575991002992533,7
top25_dial62,4,5.866798059754261,9
top25_dial62,5,8.148071636758441,5
top25_dial62,6,6.2581771862875915,5
food_level3_dial21,1,7.1048328748510094,4
food_level3_dial21,2,3.5801960678474045,5
food_level3_dial21,3,6.401050604339991,4
food_level3_dial21,4,6.932271836823008,7
food_level3_dial21,5,4.0933454461383265,5
food_level3_dial21,6,4.603446227930071,4
hobby_level3_dial3,1,3.331423855510093,5
hobby_level3_dial3,2,4.588948281188357,7
hobby_level3_dial3,3,4.262680371398114,9
hobby_level3_dial3,4,4.272071667464637,8
hobby_level2_dial4,1,2.1911114793391375,5
hobby_level2_dial4,2,5.692001566517071,10
hobby_level2_dial4,3,3.792465933276312,7
hobby_level2_dial4,4,4.260854452504751,6
hobby_level2_dial4,5,2.5914486451573313,6
hobby_level2_dial4,6,4.056455282431671,12
top25_dial17,1,5.502202254903038,8
top25_dial17,2,5.494705356505018,6
top25_dial17,3,9.029290287959013,7
top25_dial17,4,6.017537761736092,5
top25_dial17,5,3.557899871644611,7
top25_dial17,6,5.215084391967429,9
hobby_level2_dial5,1,8.756805512404345,10
hobby_level2_dial5,2,7.941999276186102,9
hobby_level2_dial5,3,8.498995453835601,6
hobby_level2_dial5,4,6.381092050424512,7
hobby_level3_dial30,1,5.886753813140483,4
hobby_level3_dial30,2,4.216947191137846,23
hobby_level3_dial30,3,6.044719633203064,4
hobby_level3_dial30,4,3.0303105450651358,7
hobby_level3_dial30,5,4.116574418597259,11
hobby_level3_dial30,6,5.206219739490068,6
hobby_level3_dial30,7,3.2554922761580136,8
hobby_level3_dial32,1,4.379657573510552,4
hobby_level3_dial32,2,5.06053112999815,8
hobby_level2_dial6,1,4.277389141543548,6
hobby_level2_dial6,2,7.330062961421109,6
hobby_level2_dial6,3,5.319712710549754,3
hobby_level2_dial6,4,3.5912546592688717,6
hobby_level2_dial6,5,4.044709679604738,8
hobby_level2_dial6,6,4.964341862050864,5
hobby_level1_dial15,1,4.204736635536103,7
hobby_level1_dial15,2,4.579177544042219,7
hobby_level1_dial15,3,4.483347684174335,5
hobby_level1_dial15,4,6.123383228052316,3
hobby_level1_dial15,5,3.722877766382748,8
hobby_level1_dial15,6,3.5069025407322365,6
top25_dial40,1,4.038538791161298,7
top25_dial40,2,4.999962270083241,9
top25_dial40,3,4.64227637283206,4
top25_dial40,4,3.2059320212525932,14
top25_dial40,5,4.329465542649011,8
top25_dial40,6,3.8422740124165475,6
top25_dial63,1,2.869876159421499,5
top25_dial63,2,5.83009525802112,5
top25_dial63,3,5.893797898707144,7
top25_dial63,4,5.5264592302606275,3
top25_dial63,5,8.089377631569342,5
top25_dial63,6,2.855463076085405,5
hobby_level2_dial12,1,5.82227228763912,8
hobby_level2_dial12,2,8.560617290745775,5
hobby_level2_dial12,3,4.532544570464431,6
hobby_level2_dial12,4,4.399948387208228,6
hobby_level2_dial12,5,4.285367696058663,12
hobby_level2_dial12,6,5.89872500540778,9
hobby_level2_dial12,7,2.7040996979588448,10
food_level2_dial30,1,4.870733622173388,8
food_level2_dial30,2,7.508379641515551,6
food_level2_dial30,3,5.638108134699215,14
food_level2_dial30,4,5.784461865285043,6
food_level2_dial30,5,5.2755516152163215,9
food_level2_dial30,6,2.352703464664214,4
top25_dial18,1,6.542870060459071,8
top25_dial18,2,4.913076449470698,4
top25_dial18,3,5.540664711603099,6
top25_dial18,4,6.313053223413909,4
top25_dial18,5,4.194149631636386,7
top25_dial18,6,4.5472373769364784,4
food_level3_dial22,1,5.935452306957284,10
food_level3_dial22,2,6.120957878463053,7
food_level3_dial22,3,5.734513050985643,5
food_level3_dial22,4,5.264444302191752,8
food_level3_dial22,5,3.754339466590108,5
food_level3_dial22,6,4.548535329275963,4
hobby_level2_dial14,1,4.640989481534222,6
hobby_level2_dial14,2,6.943558666326398,5
hobby_level2_dial14,3,5.77675968433979,9
hobby_level2_dial14,4,5.202260640800611,14
hobby_level2_dial14,5,4.084492221729275,7
hobby_level2_dial14,6,4.507088455659667,7
food_level3_dial23,1,4.008721444339501,5
food_level3_dial23,2,5.50587495250787,6
food_level3_dial23,3,7.138126390547041,7
food_level3_dial23,4,2.4758682617192647,5
food_level3_dial23,5,4.9039358688156485,5
food_level3_dial23,6,3.2062774217031973,6
top25_dial64,1,4.594807322687503,8
top25_dial64,2,2.7030860464055473,12
hobby_level2_dial15,1,2.6982636802820736,6
hobby_level2_dial15,2,4.164485701913352,7
hobby_level2_dial15,3,4.646475268442948,6
hobby_level2_dial15,4,4.587828378595136,7
hobby_level2_dial15,5,3.8623007357825956,6
hobby_level2_dial15,6,4.315467162898817,7
top25_dial41,1,5.676107486904553,6
top25_dial41,2,4.852767386788942,14
top25_dial41,3,7.2623696569824805,5
top25_dial41,4,6.661744978696374,5
top25_dial41,5,5.333555877233783,10
top25_dial41,6,5.090982496537294,6
hobby_level2_dial7,1,7.111472025176634,5
hobby_level2_dial7,2,6.9647140028819745,8
hobby_level2_dial7,3,5.848120266945342,5
hobby_level2_dial7,4,5.875221449170021,8
hobby_level2_dial7,5,7.279944859695403,8
hobby_level2_dial7,6,4.190438383444617,9
top25_dial19,1,5.551371867418575,10
top25_dial19,2,5.112786786294326,9
top25_dial19,3,5.091127587255632,9
top25_dial19,4,2.3597815744245794,6
top25_dial19,5,4.0030925893872356,6
top25_dial19,6,3.606922237854329,8
hobby_level2_dial16,1,5.2199980861720245,5
hobby_level2_dial16,2,4.528289078559033,22
hobby_level2_dial16,3,3.584676060804242,6
food_level2_dial31,1,6.820695680683815,5
food_level2_dial31,2,4.797404046274939,3
food_level2_dial31,3,5.641839817212035,5
food_level2_dial31,4,4.861565421942888,9
food_level2_dial31,5,5.716444262002057,9
food_level2_dial31,6,5.429997117795514,5
top25_dial65,1,6.596495418739716,8
top25_dial65,2,6.783978529004724,8
top25_dial65,3,3.9001672113653134,9
top25_dial65,4,5.088643338772303,7
top25_dial65,5,5.838175983666927,5
top25_dial65,6,6.55824025673714,9
food_level3_dial24,1,3.46038748702946,8
food_level3_dial24,2,5.448107807252121,6
food_level3_dial24,3,5.570739194674014,7
food_level3_dial24,4,6.82899645136956,10
food_level3_dial24,5,5.461433096423698,7
food_level3_dial24,6,1.7834954458799168,5
hobby_level2_dial17,1,4.929628213736608,5
hobby_level2_dial17,2,6.57780022504948,7
hobby_level2_dial17,3,6.705648907650345,7
hobby_level2_dial17,4,3.2924222849184637,4
hobby_level2_dial17,5,5.529141375457503,12
hobby_level2_dial17,6,4.5818929266943185,8
top25_dial20,1,4.36078409446966,6
top25_dial20,2,6.562501307284334,8
top25_dial20,3,5.384201750418943,12
top25_dial20,4,5.484519541471112,6
top25_dial20,5,3.8198447839786707,6
top25_dial20,6,3.9681779862897963,7
top25_dial42,1,4.499984623607352,5
top25_dial42,2,2.5194788604981784,8
top25_dial42,3,7.435752268593983,8
top25_dial42,4,4.703941795679226,5
top25_dial42,5,5.47643575670555,5
top25_dial42,6,2.8475954025548766,6
top25_dial21,1,4.612637367790595,11
top25_dial21,2,3.869262211118412,6
top25_dial21,3,3.5478398024681455,7
top25_dial21,4,3.0152736472964436,5
top25_dial21,5,4.528619260481213,6
top25_dial21,6,5.09939200295419,6
top25_dial21,7,3.727482384591098,7
top25_dial66,1,5.063327043022606,5
top25_dial66,2,5.249423053846457,7
hobby_level2_dial18,1,3.90942982092913,3
hobby_level2_dial18,2,5.878783680355367,5
hobby_level2_dial18,3,6.975067280212746,7
hobby_level2_dial18,4,4.145592368144279,8
hobby_level2_dial18,5,4.608796645890577,8
hobby_level2_dial18,6,4.182846499055275,13
food_level2_dial33,1,5.532886927007151,5
food_level2_dial33,2,3.0104208736007663,3
food_level2_dial33,3,2.5258934054950184,4
food_level2_dial33,4,5.66936915121887,6
food_level2_dial33,5,4.167194679680479,8
food_level2_dial33,6,2.8628559395086643,8
top25_dial43,1,3.0180824936412454,7
top25_dial43,2,4.855013777164941,8
top25_dial43,3,5.413943455307548,7
top25_dial43,4,5.752035830253976,7
top25_dial43,5,6.581830407006205,6
top25_dial43,6,5.660881661362264,6
food_level3_dial25,1,7.394664599185987,8
food_level3_dial25,2,7.002313139451283,4
food_level3_dial25,3,5.272547254612513,11
food_level3_dial25,4,6.7598710344521935,5
food_level3_dial25,5,6.67482778562142,6
food_level3_dial25,6,9.840588211444501,4
hobby_level2_dial8,1,6.575230388405355,9
hobby_level2_dial8,2,6.598512469336222,12
hobby_level2_dial8,3,5.475051762631387,7
hobby_level2_dial8,4,8.978646510326051,8
hobby_level2_dial8,5,6.311136989815466,6
hobby_level2_dial8,6,1.967257702851065,10
top25_dial22,1,5.050130276908699,5
top25_dial22,2,4.945240260461804,6
top25_dial22,3,4.0924777975359925,7
top25_dial22,4,6.699555951031578,4
top25_dial22,5,7.644037115396505,5
top25_dial22,6,6.621111104075544,5
top25_dial44,1,4.293298659743054,8
top25_dial44,2,4.796907806036966,9
top25_dial44,3,4.177081886558697,6
top25_dial44,4,4.4974616077995435,14
top25_dial44,5,6.887100372293091,5
food_level2_dial34,1,4.964197072308604,9
food_level2_dial34,2,5.138164454487229,13
food_level2_dial34,3,7.488624378118994,5
food_level2_dial34,4,4.548768192003622,6
food_level2_dial34,5,4.547756680797986,6
food_level2_dial34,6,3.691084512249331,9
hobby_level2_dial19,1,3.7602505253672827,8
hobby_level2_dial19,2,3.229072995726734,10
hobby_level2_dial19,3,6.060783382369932,8
hobby_level2_dial19,4,5.231961014935882,5
hobby_level2_dial19,5,3.1989352878371866,5
hobby_level2_dial19,6,5.439347165042531,4
top25_dial67,1,6.195427022505564,5
top25_dial67,2,3.8645672025546984,5
top25_dial67,3,4.535785338683096,7
top25_dial67,4,5.416117618262076,8
top25_dial67,5,8.001183954902872,7
top25_dial67,6,5.339884509476743,6
top25_dial45,1,5.2492384452282215,10
top25_dial45,2,5.840407936622538,8
top25_dial45,3,4.649992266215419,8
top25_dial45,4,5.262835433799415,7
top25_dial45,5,2.835386142130747,9
top25_dial45,6,2.3314256995415503,10
food_level2_dial35,1,9.018352673776619,6
food_level2_dial35,2,4.203701148429122,8
food_level2_dial35,3,5.460857563738318,8
food_level2_dial35,4,4.945054937575532,12
food_level2_dial35,5,4.32693634432393,7
food_level2_dial35,6,5.808463578785182,12
top25_dial68,1,5.855139621458048,5
top25_dial68,2,6.094510251306112,8
top25_dial68,3,4.913071910586677,9
top25_dial68,4,6.861227705228485,7
top25_dial68,5,3.7307997380667905,6
top25_dial68,6,7.4559769891175,7
top25_dial7,1,3.722956121566948,7
top25_dial7,2,5.573946042224932,4
top25_dial7,3,5.987486047221648,8
top25_dial7,4,4.068627235693182,8
top25_dial7,5,7.631619478947968,6
top25_dial7,6,2.5641580521504026,5
top25_dial70,1,5.71438348724787,7
top25_dial70,2,5.600763556302443,6
top25_dial70,3,5.802161968245119,11
top25_dial70,4,5.984289592188039,6
top25_dial8,1,5.399141079047261,6
top25_dial8,2,7.330049429378832,6
top25_dial8,3,6.431223107951914,4
top25_dial8,4,5.553631389923403,4
top25_dial8,5,5.094749125468946,5
top25_dial8,6,5.336774411248075,5
top25_dial9,1,8.11529745916419,8
top25_dial9,2,13.302558253871375,4
top25_dial9,3,4.247052896744277,8
top25_dial9,4,7.81149060154677,8
top25_dial9,5,8.037553775174574,7
top25_dial9,6,2.3469926494443896,7
top25_dial47,1,7.459292607952344,10
top25_dial47,2,8.012823862270098,7
top25_dial47,3,7.050212947245246,4
top25_dial47,4,5.549133146186933,6
top25_dial47,5,3.411459984436623,6
top25_dial47,6,3.301247208975278,9
top25_dial47,7,3.2301352953448155,9
top25_dial48,1,3.4673905012702644,6
top25_dial48,2,4.075176270569492,11
top25_dial48,3,3.918435690989539,8
top25_dial48,4,3.6354499044438597,9
top25_dial48,5,5.77697882525066,7
top25_dial48,6,5.12414442303988,8
top25_dial49,1,5.3370139512479975,8
top25_dial49,2,7.1812182828157995,6
top25_dial49,3,5.957723997925569,5
top25_dial49,4,5.474874274829067,5
top25_dial49,5,9.368194982921251,3
top25_dial49,6,7.86007223044343,5
