conv_id,turn_id,maxidf,num_terms
food_level3_dial26,1,7.699791001068384,5
food_level3_dial26,2,5.575467685004623,7
food_level3_dial26,3,5.575467685004623,6
food_level3_dial26,4,13.873924266924858,3
food_level3_dial26,5,5.575467685004623,5
food_level3_dial26,6,13.873924266924858,9
hobby_level1_dial16,1,4.852426668732894,4
hobby_level1_dial16,2,10.559738262252331,7
hobby_level1_dial16,3,10.357416038751708,7
hobby_level1_dial16,4,8.071302493601095,16
hobby_level1_dial16,5,4.030443298063421,6
hobby_level1_dial16,6,8.071302493601095,11
top25_dial5,1,15.665683736152912,8
top25_dial5,2,15.665683736152912,12
top25_dial5,3,13.586242194473076,12
food_level2_dial36,1,10.965203370360497,5
food_level2_dial36,2,9.69187412428365,5
food_level2_dial36,3,12.298387906166438,6
food_level2_dial36,4,15.665683736152912,7
food_level2_dial36,5,9.888031412930255,5
food_level3_dial27,1,14.567071447484803,9
food_level3_dial27,2,2.1698854509385566,3
food_level3_dial27,3,3.4605064913743715,6
food_level3_dial27,4,14.567071447484803,7
food_level3_dial27,5,6.52255211387018,7
food_level3_dial27,6,10.347563742308695,5
food_level2_dial37,1,14.056245823718813,9
food_level2_dial37,2,14.056245823718813,6
food_level2_dial37,3,14.567071447484803,6
food_level2_dial37,4,14.056245823718813,8
food_level2_dial37,5,4.665302036776045,7
food_level2_dial37,6,15.665683736152912,6
food_level2_dial12,1,15.665683736152912,12
food_level2_dial12,2,15.665683736152912,7
food_level2_dial12,3,15.665683736152912,7
food_level2_dial12,4,14.279389375033022,8
food_level2_dial12,5,14.972536555592967,7
food_level2_dial12,6,12.957633535050702,7
hobby_level2_dial2,1,10.559738262252331,7
hobby_level2_dial2,2,12.054765823508689,9
hobby_level2_dial2,3,13.586242194473076,5
hobby_level2_dial2,4,14.056245823718813,8
hobby_level2_dial2,5,14.056245823718813,7
hobby_level2_dial2,6,14.279389375033022,7
hobby_level3_dial33,1,14.567071447484803,8
hobby_level3_dial33,2,14.567071447484803,10
hobby_level3_dial33,3,14.567071447484803,7
hobby_level3_dial33,4,13.180777086364913,9
hobby_level3_dial33,5,10.724041313543609,6
hobby_level3_dial33,6,11.714440017571485,8
food_level1_dial1,1,13.180777086364913,8
food_level1_dial1,2,13.026626406537654,7
hobby_level1_dial17,1,10.434575119298326,7
hobby_level1_dial17,2,7.7747270200139935,5
hobby_level1_dial17,3,4.728104638466491,5
hobby_level1_dial17,4,4.717969685475267,5
hobby_level1_dial17,5,15.665683736152912,10
hobby_level1_dial17,6,7.7747270200139935,6
top25_dial23,1,9.576638860706067,8
top25_dial23,2,11.375224295004521,8
top25_dial23,3,7.693907613272285,8
top25_dial23,4,11.133084242999656,13
top25_dial23,5,5.965720948061842,7
top25_dial23,6,11.09097275764953,10
food_level3_dial28,1,15.665683736152912,5
food_level3_dial28,2,15.665683736152912,4
food_level3_dial28,3,15.665683736152912,8
food_level3_dial28,4,15.665683736152912,9
food_level3_dial28,5,15.665683736152912,4
food_level3_dial28,6,6.480968911815703,4
hobby_level2_dial20,1,6.53981252080318,5
hobby_level2_dial20,2,6.53981252080318,8
hobby_level2_dial20,3,13.363098643158867,6
hobby_level2_dial20,4,9.717648746972266,5
hobby_level2_dial20,5,6.53981252080318,5
hobby_level2_dial20,6,13.267788463354542,8
top25_dial50,1,15.665683736152912,8
top25_dial50,2,15.665683736152912,7
top25_dial50,3,15.665683736152912,7
top25_dial50,4,15.665683736152912,9
top25_dial50,5,15.665683736152912,7
top25_dial50,6,8.428624710028174,6
hobby_level3_dial34,1,14.567071447484803,6
hobby_level3_dial34,2,14.567071447484803,7
hobby_level3_dial34,3,15.665683736152912,5
hobby_level3_dial34,4,14.567071447484803,7
hobby_level3_dial34,5,14.972536555592967,6
hobby_level3_dial34,6,11.676699689588638,6
food_level1_dial10,1,8.521276555831774,6
food_level1_dial10,2,12.298387906166438,8
food_level1_dial10,3,6.157092340375715,3
food_level1_dial10,4,15.665683736152912,4
food_level1_dial10,5,14.972536555592967,11
food_level1_dial10,6,10.745702810324788,3
food_level2_dial38,1,14.056245823718813,5
food_level2_dial38,2,7.450677303391338,3
food_level2_dial38,3,14.567071447484803,4
food_level2_dial38,4,12.574641282794596,5
food_level2_dial38,5,7.595090196203395,13
food_level2_dial38,6,10.559738262252331,5
food_level2_dial38,7,10.894999111687248,6
top25_dial24,1,14.972536555592967,8
top25_dial24,2,14.972536555592967,14
top25_dial24,3,14.972536555592967,10
top25_dial24,4,12.446807911284711,6
top25_dial24,5,14.279389375033022,11
top25_dial24,6,14.279389375033022,7
food_level3_dial29,1,6.275608483279542,6
food_level3_dial29,2,6.275608483279542,9
food_level3_dial29,3,12.574641282794596,5
food_level3_dial29,4,6.275608483279542,6
food_level3_dial29,5,14.056245823718813,5
food_level3_dial29,6,11.460991116761946,5
hobby_level2_dial9,1,11.714440017571485,5
hobby_level2_dial9,2,4.503323347009216,9
hobby_level2_dial9,3,14.972536555592967,8
hobby_level2_dial9,4,14.972536555592967,8
hobby_level2_dial9,5,14.972536555592967,5
top25_dial51,1,13.873924266924858,7
top25_dial51,2,9.005108586313227,11
top25_dial51,3,14.056245823718813,10
top25_dial51,4,9.005108586313227,4
top25_dial51,5,9.005108586313227,6
top25_dial51,6,10.541719756749654,5
hobby_level3_dial35,1,15.665683736152912,7
hobby_level3_dial35,2,7.970835663768302,4
hobby_level3_dial35,3,12.669951462598922,9
hobby_level3_dial35,4,15.665683736152912,11
hobby_level3_dial35,5,11.177047366420773,5
hobby_level3_dial35,6,13.363098643158867,12
hobby_level3_dial35,7,14.972536555592967,8
food_level1_dial11,1,10.045282870435763,8
food_level1_dial11,2,15.665683736152912,8
food_level1_dial11,3,15.665683736152912,7
food_level1_dial11,4,14.279389375033022,6
food_level1_dial11,5,13.873924266924858,10
food_level1_dial11,6,13.180777086364913,5
hobby_level2_dial21,1,15.665683736152912,8
hobby_level2_dial21,2,15.665683736152912,9
hobby_level2_dial21,3,15.665683736152912,7
hobby_level2_dial21,4,15.665683736152912,4
food_level2_dial4,1,6.9199217367774,8
food_level2_dial4,2,6.9199217367774,5
food_level2_dial4,3,14.972536555592967,5
food_level2_dial4,4,14.567071447484803,5
food_level2_dial4,5,6.9199217367774,10
food_level2_dial4,6,13.180777086364913,5
hobby_level3_dial1,1,14.972536555592967,5
hobby_level3_dial1,2,10.709856678551652,11
hobby_level3_dial1,3,15.665683736152912,9
hobby_level3_dial1,4,7.7747270200139935,10
hobby_level3_dial1,5,13.363098643158867,11
hobby_level3_dial1,6,13.873924266924858,4
hobby_level1_dial18,1,9.18104850051766,6
hobby_level1_dial18,2,5.3536691014728,6
hobby_level1_dial18,3,14.567071447484803,10
hobby_level1_dial18,4,8.02315960192001,5
hobby_level1_dial18,5,14.972536555592967,11
hobby_level1_dial18,6,15.665683736152912,5
food_level1_dial12,1,14.279389375033022,5
food_level1_dial12,2,14.279389375033022,5
food_level1_dial12,3,14.279389375033022,3
food_level1_dial12,4,14.279389375033022,9
food_level1_dial12,5,14.279389375033022,6
food_level1_dial12,6,14.279389375033022,3
top25_dial52,1,8.546857487090834,7
top25_dial52,2,14.279389375033022,8
hobby_level3_dial36,1,11.837042339663817,8
hobby_level3_dial36,2,13.180777086364913,5
hobby_level3_dial36,3,13.719773587097599,7
food_level3_dial3,1,5.428620996536945,7
food_level3_dial3,2,13.468459158816692,9
food_level3_dial3,3,10.861662691419657,6
food_level3_dial3,4,14.279389375033022,8
food_level3_dial3,5,8.336589999906321,8
food_level3_dial3,6,5.827855332423058,10
hobby_level2_dial22,1,9.995802813172393,4
hobby_level2_dial22,2,9.995802813172393,6
hobby_level2_dial22,3,10.387569076922395,8
hobby_level2_dial22,4,6.406648442637971,8
hobby_level2_dial22,5,13.180777086364913,6
hobby_level2_dial22,6,14.056245823718813,8
food_level2_dial5,1,15.665683736152912,6
food_level2_dial5,2,15.665683736152912,7
food_level2_dial5,3,14.279389375033022,8
food_level1_dial13,1,11.733858103428586,8
food_level1_dial13,2,14.056245823718813,6
food_level1_dial13,3,15.665683736152912,6
hobby_level3_dial37,1,15.665683736152912,9
hobby_level3_dial37,2,8.417179663782303,9
hobby_level3_dial37,3,11.04071092286864,8
hobby_level3_dial37,4,4.1743905713097975,9
hobby_level3_dial37,5,9.334181886259222,7
hobby_level3_dial37,6,9.334181886259222,9
hobby_level3_dial10,1,9.275443069087563,8
hobby_level3_dial10,2,15.665683736152912,11
hobby_level3_dial10,3,8.410092461899247,8
hobby_level3_dial10,4,13.180777086364913,6
food_level2_dial13,1,14.279389375033022,6
food_level2_dial13,2,7.006817386420529,6
food_level2_dial13,3,7.7747270200139935,6
food_level2_dial13,4,5.02773912756986,10
food_level2_dial13,5,3.252052354094864,4
food_level2_dial13,6,5.02773912756986,9
food_level3_dial30,1,10.063564915273211,5
food_level3_dial30,2,6.937419574656735,9
food_level3_dial30,3,10.063564915273211,6
food_level3_dial30,4,10.063564915273211,5
food_level3_dial30,5,10.063564915273211,8
food_level3_dial30,6,13.180777086364913,10
food_level3_dial30,7,15.665683736152912,11
food_level1_dial14,1,8.702493750282676,6
food_level1_dial14,2,14.056245823718813,4
food_level1_dial14,3,12.298387906166438,6
food_level1_dial14,4,10.609437930804605,3
food_level1_dial14,5,11.733858103428586,7
food_level1_dial14,6,12.298387906166438,4
hobby_level1_dial19,1,14.567071447484803,7
hobby_level1_dial19,2,14.567071447484803,10
hobby_level1_dial19,3,15.665683736152912,6
hobby_level1_dial19,4,11.881494102234651,11
hobby_level1_dial19,5,15.665683736152912,8
hobby_level1_dial19,6,14.972536555592967,10
top25_dial53,1,9.20891408058075,6
top25_dial53,2,9.20891408058075,6
top25_dial53,3,11.02129283701154,7
top25_dial53,4,11.02129283701154,6
top25_dial53,5,15.665683736152912,8
top25_dial53,6,14.567071447484803,5
food_level3_dial31,1,13.180777086364913,5
food_level3_dial31,2,7.408816887178601,9
food_level3_dial31,3,13.873924266924858,10
food_level3_dial31,4,14.972536555592967,5
food_level3_dial31,5,11.002244642040845,5
food_level3_dial31,6,13.267788463354542,8
hobby_level1_dial2,1,14.056245823718813,7
hobby_level1_dial2,2,4.940501886323688,6
hobby_level1_dial2,3,12.298387906166438,6
hobby_level1_dial2,4,15.665683736152912,5
hobby_level1_dial2,5,4.220052586034054,8
hobby_level1_dial2,6,4.220052586034054,7
food_level2_dial14,1,8.438021237424257,5
food_level2_dial14,2,13.586242194473076,8
food_level2_dial14,3,14.056245823718813,4
food_level2_dial14,4,14.972536555592967,3
food_level2_dial14,5,11.188346921674706,3
food_level2_dial14,6,13.180777086364913,6
hobby_level3_dial38,1,14.972536555592967,7
hobby_level3_dial38,2,14.567071447484803,5
hobby_level3_dial38,3,7.3723843774415885,7
hobby_level3_dial38,4,7.3723843774415885,7
hobby_level3_dial38,5,7.3723843774415885,7
hobby_level3_dial38,6,15.665683736152912,13
hobby_level2_dial23,1,7.661986397058545,5
hobby_level2_dial23,2,7.661986397058545,6
hobby_level2_dial23,3,7.661986397058545,4
hobby_level2_dial23,4,14.279389375033022,7
hobby_level2_dial23,5,13.873924266924858,10
hobby_level2_dial23,6,15.665683736152912,7
hobby_level3_dial11,1,12.89309501391313,4
hobby_level3_dial11,2,13.363098643158867,9
hobby_level3_dial11,3,7.338199319964647,6
hobby_level3_dial11,4,13.873924266924858,16
hobby_level3_dial11,5,12.530189520223763,5
hobby_level3_dial11,6,12.530189520223763,5
hobby_level3_dial11,7,10.541719756749654,8
food_level1_dial15,1,11.246843128356314,4
food_level1_dial15,2,11.246843128356314,5
food_level1_dial15,3,11.246843128356314,8
food_level1_dial15,4,11.246843128356314,5
food_level1_dial15,5,11.246843128356314,4
food_level1_dial15,6,11.246843128356314,8
food_level3_dial32,1,15.665683736152912,5
food_level3_dial32,2,15.665683736152912,5
food_level3_dial32,3,15.665683736152912,7
food_level3_dial32,4,15.665683736152912,4
food_level3_dial32,5,15.665683736152912,10
food_level3_dial32,6,15.665683736152912,7
top25_dial25,1,14.279389375033022,7
top25_dial25,2,13.719773587097599,5
top25_dial25,3,13.719773587097599,7
top25_dial25,4,13.719773587097599,7
top25_dial25,5,9.995802813172393,7
top25_dial25,6,9.995802813172393,9
hobby_level3_dial4,1,7.215485413560954,5
hobby_level3_dial4,2,14.567071447484803,4
hobby_level3_dial4,3,15.665683736152912,6
hobby_level1_dial20,1,14.972536555592967,4
hobby_level1_dial20,2,11.928014117869544,5
hobby_level1_dial20,3,5.022332415834316,7
hobby_level1_dial20,4,15.665683736152912,12
hobby_level1_dial20,5,11.928014117869544,7
hobby_level1_dial20,6,2.5998356852958513,3
food_level2_dial15,1,14.972536555592967,6
food_level2_dial15,2,7.070234046770907,5
food_level2_dial15,3,13.586242194473076,5
food_level2_dial15,4,15.665683736152912,5
food_level2_dial15,5,5.609990250727453,8
food_level2_dial15,6,13.180777086364913,5
food_level3_dial33,1,13.873924266924858,8
food_level3_dial33,2,6.364863011048355,7
food_level3_dial33,3,14.972536555592967,5
food_level3_dial33,4,14.972536555592967,9
hobby_level3_dial13,1,11.881494102234651,7
hobby_level3_dial13,2,15.665683736152912,17
hobby_level3_dial13,3,14.056245823718813,8
hobby_level3_dial13,4,5.326363538892224,5
hobby_level3_dial13,5,7.058284276850526,6
hobby_level3_dial13,6,12.231696531667767,4
food_level1_dial16,1,14.972536555592967,7
food_level1_dial16,2,8.77101369671943,7
food_level1_dial16,3,3.7122027628039023,4
food_level1_dial16,4,14.567071447484803,5
food_level1_dial16,5,14.972536555592967,9
food_level1_dial16,6,14.972536555592967,5
food_level2_dial16,1,6.870404365958341,5
food_level2_dial16,2,7.709206938116131,7
food_level2_dial16,3,7.709206938116131,5
food_level2_dial16,4,7.709206938116131,4
food_level2_dial16,5,13.267788463354542,4
food_level2_dial16,6,5.115014410610468,11
hobby_level3_dial5,1,14.567071447484803,9
hobby_level3_dial5,2,14.567071447484803,6
hobby_level3_dial5,3,14.567071447484803,10
hobby_level3_dial5,4,14.567071447484803,6
hobby_level3_dial5,5,14.567071447484803,6
hobby_level3_dial5,6,3.9424811383753977,7
food_level3_dial34,1,9.985511127135846,6
food_level3_dial34,2,15.665683736152912,6
food_level3_dial34,3,11.296235883685892,7
food_level3_dial34,4,9.985511127135846,6
food_level3_dial34,5,9.985511127135846,7
food_level3_dial34,6,15.665683736152912,4
food_level1_dial17,1,5.531640172587121,4
food_level1_dial17,2,10.559738262252331,4
food_level1_dial17,3,5.531640172587121,5
food_level1_dial17,4,8.397460714993347,3
food_level1_dial17,5,14.056245823718813,7
food_level1_dial17,6,8.397460714993347,6
food_level2_dial17,1,6.555605786115124,7
food_level2_dial17,2,10.80587133179124,4
food_level2_dial17,3,13.180777086364913,5
food_level2_dial17,4,15.665683736152912,7
food_level2_dial17,5,7.199783839124225,5
food_level2_dial17,6,10.304391570443487,4
top25_dial54,1,7.163401157472429,7
top25_dial54,2,10.500897762229398,6
top25_dial54,3,8.580619442200366,6
top25_dial26,1,15.665683736152912,8
top25_dial26,2,15.665683736152912,10
top25_dial26,3,15.665683736152912,7
top25_dial26,4,13.267788463354542,3
top25_dial26,5,15.665683736152912,10
top25_dial26,6,6.481584675381957,7
food_level1_dial18,1,12.669951462598922,6
food_level1_dial18,2,10.392684177589166,7
food_level1_dial18,3,13.363098643158867,11
food_level1_dial18,4,10.059881669856916,8
food_level1_dial18,5,10.059881669856916,8
food_level1_dial18,6,10.956153534840578,7
hobby_level3_dial15,1,10.965203370360497,6
hobby_level3_dial15,2,14.567071447484803,8
hobby_level3_dial15,3,13.363098643158867,13
hobby_level3_dial15,4,10.124420190994487,9
hobby_level3_dial15,5,14.972536555592967,8
hobby_level3_dial15,6,15.665683736152912,7
food_level2_dial6,1,14.056245823718813,5
food_level2_dial6,2,14.056245823718813,8
food_level2_dial6,3,14.056245823718813,7
food_level2_dial6,4,13.873924266924858,15
food_level2_dial6,5,14.056245823718813,6
food_level2_dial6,6,8.48181302109046,7
hobby_level1_dial21,1,7.258528649945612,9
hobby_level1_dial21,2,7.258528649945612,6
hobby_level1_dial21,3,15.665683736152912,4
hobby_level1_dial21,4,6.962342983109191,10
hobby_level1_dial21,5,6.371186056170006,5
hobby_level1_dial21,6,9.725512483432482,7
food_level3_dial35,1,1.7071097352473623,4
food_level3_dial35,2,8.336589999906321,4
food_level3_dial35,3,10.813653472233295,3
food_level3_dial35,4,13.468459158816692,6
food_level3_dial35,5,15.665683736152912,5
food_level3_dial35,6,8.813441167101034,9
hobby_level3_dial16,1,14.567071447484803,8
hobby_level3_dial16,2,10.070972356551072,7
hobby_level3_dial16,3,12.669951462598922,12
hobby_level3_dial16,4,6.138053946972291,7
hobby_level3_dial16,5,13.180777086364913,5
hobby_level3_dial16,6,11.815536134442853,7
hobby_level3_dial6,1,14.567071447484803,5
hobby_level3_dial6,2,12.775311978256747,8
hobby_level3_dial6,3,12.775311978256747,5
hobby_level3_dial6,4,12.775311978256747,5
hobby_level3_dial6,5,12.775311978256747,11
hobby_level3_dial6,6,14.567071447484803,6
food_level2_dial7,1,10.3090974614809,13
food_level2_dial7,2,10.3090974614809,10
food_level2_dial7,3,10.3090974614809,6
food_level2_dial7,4,15.665683736152912,9
food_level2_dial7,5,14.056245823718813,5
food_level2_dial7,6,12.574641282794596,7
hobby_level1_dial22,1,6.545815267340806,4
hobby_level1_dial22,2,6.545815267340806,3
hobby_level1_dial22,3,15.665683736152912,8
hobby_level1_dial22,4,15.665683736152912,6
hobby_level1_dial22,5,15.665683736152912,8
hobby_level1_dial22,6,15.665683736152912,10
food_level1_dial19,1,13.873924266924858,7
food_level1_dial19,2,10.063564915273211,6
food_level1_dial19,3,10.724041313543609,14
food_level1_dial19,4,15.665683736152912,5
top25_dial55,1,14.279389375033022,4
top25_dial55,2,14.279389375033022,5
top25_dial55,3,8.78119708411013,5
top25_dial55,4,15.665683736152912,11
top25_dial55,5,8.78119708411013,5
top25_dial55,6,8.78119708411013,7
food_level3_dial36,1,11.952111669448605,6
food_level3_dial36,2,10.622258619233666,6
food_level3_dial36,3,10.655048442056657,6
food_level3_dial36,4,12.574641282794596,9
food_level3_dial36,5,11.177047366420773,5
food_level3_dial36,6,13.267788463354542,7
hobby_level3_dial17,1,13.363098643158867,8
hobby_level3_dial17,2,14.972536555592967,7
hobby_level3_dial17,3,15.665683736152912,11
hobby_level3_dial17,4,9.760321888098343,9
hobby_level3_dial17,5,15.665683736152912,8
hobby_level3_dial17,6,4.499058646122877,4
hobby_level1_dial23,1,13.468459158816692,5
hobby_level1_dial23,2,4.503323347009216,8
hobby_level1_dial23,3,6.842919439449154,7
hobby_level1_dial23,4,6.309340070056887,6
hobby_level1_dial23,5,6.242250148716021,5
hobby_level1_dial23,6,14.972536555592967,6
hobby_level3_dial7,1,7.010992031551042,4
hobby_level3_dial7,2,7.010992031551042,3
hobby_level3_dial7,3,12.298387906166438,4
hobby_level3_dial7,4,14.972536555592967,8
hobby_level3_dial7,5,7.010992031551042,4
hobby_level3_dial7,6,14.972536555592967,8
food_level2_dial8,1,14.567071447484803,8
food_level2_dial8,2,10.559738262252331,9
food_level2_dial8,3,13.468459158816692,10
food_level2_dial8,4,13.468459158816692,10
food_level2_dial8,5,14.567071447484803,9
food_level2_dial8,6,14.056245823718813,12
top25_dial27,1,13.586242194473076,7
top25_dial27,2,13.586242194473076,7
top25_dial27,3,10.753028850416861,6
top25_dial27,4,9.191793039800638,6
top25_dial27,5,9.191793039800638,7
top25_dial27,6,10.387569076922395,11
food_level2_dial9,1,14.972536555592967,4
food_level2_dial9,2,15.665683736152912,27
food_level2_dial9,3,14.972536555592967,7
food_level2_dial9,4,14.972536555592967,6
food_level2_dial9,5,4.743944708768162,8
food_level2_dial9,6,5.115014410610468,6
hobby_level2_dial24,1,10.429241773322962,4
hobby_level2_dial24,2,10.429241773322962,7
hobby_level2_dial24,3,11.476028994126487,8
hobby_level2_dial24,4,13.873924266924858,4
hobby_level2_dial24,5,10.429241773322962,11
hobby_level2_dial24,6,10.429241773322962,5
hobby_level2_dial24,7,10.429241773322962,10
hobby_level1_dial3,1,6.8177489828244475,6
hobby_level1_dial3,2,6.8177489828244475,5
hobby_level1_dial3,3,14.279389375033022,8
hobby_level1_dial3,4,14.056245823718813,10
hobby_level1_dial3,5,15.665683736152912,9
hobby_level1_dial3,6,7.7747270200139935,4
food_level1_dial2,1,10.829401829201434,6
food_level1_dial2,2,14.279389375033022,5
food_level1_dial2,3,14.056245823718813,4
food_level1_dial2,4,13.180777086364913,5
food_level1_dial2,5,10.829401829201434,10
food_level1_dial2,6,15.665683736152912,10
food_level1_dial2,7,15.665683736152912,8
food_level2_dial19,1,14.972536555592967,9
food_level2_dial19,2,14.972536555592967,9
food_level2_dial19,3,14.972536555592967,5
food_level2_dial19,4,15.665683736152912,9
food_level2_dial19,5,14.972536555592967,6
food_level2_dial19,6,13.180777086364913,7
hobby_level2_dial25,1,15.665683736152912,7
hobby_level2_dial25,2,15.665683736152912,8
hobby_level2_dial25,3,15.665683736152912,8
hobby_level2_dial25,4,14.567071447484803,7
hobby_level2_dial25,5,15.665683736152912,7
hobby_level2_dial25,6,15.665683736152912,6
hobby_level3_dial18,1,14.567071447484803,6
hobby_level3_dial18,2,15.665683736152912,6
hobby_level3_dial18,3,15.665683736152912,7
hobby_level3_dial18,4,6.356312840713776,8
hobby_level3_dial18,5,15.665683736152912,7
hobby_level3_dial18,6,13.873924266924858,6
food_level3_dial37,1,9.16890874596705,8
food_level3_dial37,2,14.972536555592967,9
food_level3_dial37,3,14.972536555592967,9
food_level3_dial37,4,14.972536555592967,5
food_level3_dial37,5,14.972536555592967,6
food_level3_dial37,6,4.503323347009216,8
hobby_level3_dial8,1,12.89309501391313,5
hobby_level3_dial8,2,13.180777086364913,8
hobby_level3_dial8,3,12.89309501391313,10
hobby_level3_dial8,4,12.89309501391313,3
hobby_level3_dial8,5,12.89309501391313,5
hobby_level3_dial8,6,12.89309501391313,6
food_level3_dial38,1,15.665683736152912,7
food_level3_dial38,2,15.665683736152912,5
food_level3_dial38,3,11.389017617136856,8
food_level3_dial38,4,15.665683736152912,5
food_level3_dial38,5,7.9298134162003455,3
food_level3_dial38,6,7.9298134162003455,6
top25_dial56,1,9.639817762327597,6
top25_dial56,2,2.873684487897519,5
top25_dial56,3,11.04071092286864,6
top25_dial56,4,7.199783839124225,6
top25_dial56,5,14.279389375033022,6
top25_dial56,6,6.649656533823062,7
top25_dial28,1,12.139323211536752,5
top25_dial28,2,12.139323211536752,8
top25_dial28,3,12.139323211536752,9
top25_dial28,4,7.2554078270827524,6
top25_dial28,5,12.139323211536752,10
top25_dial28,6,10.500897762229398,7
top25_dial28,7,13.873924266924858,10
hobby_level1_dial4,1,6.210203514990624,5
hobby_level1_dial4,2,14.972536555592967,6
hobby_level1_dial4,3,14.972536555592967,6
hobby_level1_dial4,4,7.334820122928169,6
hobby_level1_dial4,5,14.972536555592967,4
hobby_level1_dial4,6,15.665683736152912,5
hobby_level1_dial4,7,4.503323347009216,5
hobby_level3_dial9,1,13.363098643158867,10
hobby_level3_dial9,2,13.586242194473076,10
hobby_level3_dial9,3,10.956153534840578,8
hobby_level3_dial19,1,0.0,2
hobby_level3_dial19,2,15.665683736152912,6
hobby_level3_dial19,3,13.468459158816692,3
hobby_level3_dial19,4,14.972536555592967,7
hobby_level3_dial19,5,15.665683736152912,3
hobby_level3_dial19,6,12.669951462598922,9
hobby_level3_dial19,7,4.068582577612305,7
hobby_level2_dial26,1,10.724041313543609,6
hobby_level2_dial26,2,10.724041313543609,7
hobby_level2_dial26,3,11.588146292247194,8
hobby_level2_dial26,4,10.206098222008753,7
hobby_level2_dial26,5,10.724041313543609,6
hobby_level2_dial26,6,15.665683736152912,12
food_level2_dial2,1,12.62116129842949,7
food_level2_dial2,2,12.62116129842949,5
food_level2_dial2,3,12.62116129842949,5
food_level2_dial2,4,12.62116129842949,4
food_level2_dial2,5,14.056245823718813,4
food_level2_dial2,6,15.665683736152912,9
hobby_level2_dial27,1,8.315167564318914,7
hobby_level2_dial27,2,4.416867056442092,6
hobby_level2_dial27,3,8.315167564318914,7
hobby_level2_dial27,4,8.78119708411013,8
hobby_level2_dial27,5,12.446807911284711,7
hobby_level2_dial27,6,13.267788463354542,3
food_level1_dial20,1,14.972536555592967,7
food_level1_dial20,2,14.972536555592967,7
food_level1_dial20,3,14.972536555592967,6
food_level1_dial20,4,14.972536555592967,7
food_level1_dial20,5,13.873924266924858,7
food_level1_dial20,6,12.298387906166438,6
hobby_level3_dial2,1,13.267788463354542,5
hobby_level3_dial2,2,13.267788463354542,4
hobby_level3_dial2,3,13.873924266924858,8
hobby_level3_dial2,4,6.200623629427776,5
hobby_level3_dial2,5,14.972536555592967,11
hobby_level3_dial2,6,13.267788463354542,9
food_level2_dial20,1,12.1103356746635,7
food_level2_dial20,2,14.279389375033022,7
food_level2_dial20,3,11.69539182260079,6
top25_dial29,1,4.163030853953424,6
top25_dial29,2,13.363098643158867,4
top25_dial29,3,15.665683736152912,9
top25_dial29,4,15.665683736152912,5
top25_dial29,5,14.972536555592967,8
top25_dial29,6,15.665683736152912,10
food_level3_dial1,1,11.223032479662596,5
food_level3_dial1,2,6.200623629427776,8
food_level3_dial1,3,15.665683736152912,6
food_level3_dial1,4,11.223032479662596,5
food_level3_dial1,5,15.665683736152912,4
food_level3_dial1,6,14.279389375033022,8
hobby_level3_dial20,1,14.567071447484803,6
hobby_level3_dial20,2,14.567071447484803,9
hobby_level3_dial20,3,14.567071447484803,5
hobby_level3_dial20,4,14.567071447484803,4
hobby_level3_dial20,5,4.115192773296543,7
hobby_level3_dial20,6,15.665683736152912,7
top25_dial57,1,13.363098643158867,6
top25_dial57,2,14.056245823718813,4
top25_dial57,3,9.194884232370311,4
top25_dial57,4,4.119903934311737,4
top25_dial57,5,9.194884232370311,6
top25_dial57,6,14.279389375033022,8
food_level1_dial21,1,10.641803215306636,4
food_level1_dial21,2,10.641803215306636,7
food_level1_dial21,3,12.298387906166438,4
food_level1_dial21,4,15.665683736152912,7
food_level1_dial21,5,10.641803215306636,7
food_level1_dial21,6,3.8816401262815727,7
hobby_level2_dial28,1,13.873924266924858,5
hobby_level2_dial28,2,14.279389375033022,9
hobby_level2_dial28,3,14.972536555592967,9
hobby_level2_dial28,4,12.89309501391313,8
hobby_level2_dial28,5,13.873924266924858,8
hobby_level2_dial28,6,13.873924266924858,7
top25_dial3,1,6.639867344525884,7
top25_dial3,2,5.568852263541094,7
top25_dial3,3,12.298387906166438,8
top25_dial3,4,7.282936641289598,10
top25_dial3,5,7.058284276850526,8
top25_dial3,6,10.622258619233666,7
top25_dial3,7,10.093529703975149,8
food_level3_dial4,1,15.665683736152912,8
food_level3_dial4,2,6.6114125498266185,6
food_level3_dial4,3,13.363098643158867,7
food_level3_dial4,4,8.988600274905776,3
food_level3_dial4,5,10.559738262252331,4
food_level3_dial4,6,11.881494102234651,6
top25_dial1,1,10.559738262252331,10
top25_dial1,2,13.586242194473076,7
top25_dial1,3,13.586242194473076,12
top25_dial1,4,15.665683736152912,8
top25_dial1,5,13.719773587097599,11
top25_dial1,6,7.970835663768302,6
food_level2_dial21,1,15.665683736152912,6
food_level2_dial21,2,10.929485287758418,4
food_level2_dial21,3,10.929485287758418,5
food_level2_dial21,4,13.873924266924858,6
food_level2_dial21,5,10.929485287758418,6
food_level2_dial21,6,14.567071447484803,10
hobby_level3_dial21,1,10.070972356551072,13
hobby_level3_dial21,2,7.7747270200139935,6
hobby_level3_dial21,3,13.180777086364913,14
hobby_level3_dial21,4,14.567071447484803,6
hobby_level3_dial21,5,11.538549351107822,8
hobby_level3_dial21,6,10.070972356551072,9
hobby_level1_dial6,1,15.665683736152912,8
hobby_level1_dial6,2,12.957633535050702,4
hobby_level1_dial6,3,15.665683736152912,11
hobby_level1_dial6,4,5.243104815433761,8
hobby_level1_dial6,5,14.972536555592967,6
hobby_level1_dial6,6,7.7747270200139935,7
food_level1_dial22,1,13.180777086364913,7
food_level1_dial22,2,13.180777086364913,7
food_level1_dial22,3,12.574641282794596,6
food_level1_dial22,4,10.80587133179124,8
food_level1_dial22,5,10.80587133179124,6
food_level1_dial22,6,11.25896448888866,6
hobby_level3_dial22,1,10.956153534840578,5
hobby_level3_dial22,2,10.956153534840578,8
hobby_level3_dial22,3,14.279389375033022,10
hobby_level3_dial22,4,6.23219981286252,8
food_level1_dial23,1,14.567071447484803,6
food_level1_dial23,2,5.715455737732969,4
food_level1_dial23,3,14.567071447484803,9
food_level1_dial23,4,15.665683736152912,6
food_level1_dial23,5,4.790073472784151,8
food_level1_dial23,6,4.790073472784151,9
food_level2_dial22,1,7.17915595904756,5
food_level2_dial22,2,14.567071447484803,5
food_level2_dial22,3,7.17915595904756,5
food_level2_dial22,4,7.17915595904756,4
food_level2_dial22,5,13.363098643158867,6
food_level2_dial22,6,11.296235883685892,5
hobby_level2_dial29,1,7.912060189593166,6
hobby_level2_dial29,2,15.665683736152912,5
hobby_level2_dial29,3,10.622258619233666,12
hobby_level2_dial29,4,14.972536555592967,6
hobby_level2_dial29,5,14.972536555592967,9
hobby_level2_dial29,6,12.721244756986472,10
hobby_level3_dial23,1,11.837042339663817,8
hobby_level3_dial23,2,6.065601216533802,8
hobby_level3_dial23,3,11.837042339663817,8
hobby_level3_dial23,4,4.98365142754461,5
hobby_level3_dial23,5,12.446807911284711,8
top25_dial30,1,14.567071447484803,5
top25_dial30,2,14.567071447484803,7
top25_dial30,3,14.567071447484803,7
top25_dial30,4,14.567071447484803,6
top25_dial30,5,14.972536555592967,10
top25_dial30,6,14.056245823718813,5
food_level1_dial3,1,12.298387906166438,6
food_level1_dial3,2,13.873924266924858,7
food_level1_dial3,3,10.027329066819167,14
food_level1_dial3,4,13.180777086364913,6
food_level1_dial3,5,10.027329066819167,7
food_level1_dial3,6,10.027329066819167,6
hobby_level1_dial7,1,11.375224295004521,7
hobby_level1_dial7,2,6.403320336109577,6
hobby_level1_dial7,3,6.403320336109577,5
hobby_level1_dial7,4,7.7747270200139935,7
hobby_level1_dial7,5,6.906328987586703,8
hobby_level1_dial7,6,13.586242194473076,9
hobby_level2_dial3,1,15.665683736152912,4
hobby_level2_dial3,2,10.456197583311491,7
hobby_level2_dial3,3,15.665683736152912,8
hobby_level2_dial3,4,10.323349484188101,6
hobby_level2_dial3,5,12.775311978256747,9
hobby_level2_dial3,6,15.665683736152912,5
food_level3_dial10,1,13.180777086364913,8
food_level3_dial10,2,13.719773587097599,11
food_level3_dial10,3,10.682077114444576,6
food_level3_dial10,4,13.180777086364913,9
food_level3_dial10,5,13.180777086364913,7
food_level3_dial10,6,7.673753216300435,5
food_level1_dial4,1,14.056245823718813,5
food_level1_dial4,2,5.428620996536945,5
food_level1_dial4,3,7.7747270200139935,9
food_level1_dial4,4,6.800937075247504,9
food_level1_dial4,5,10.622258619233666,7
food_level1_dial4,6,6.383208766417531,4
food_level3_dial6,1,4.1124227949932814,6
food_level3_dial6,2,5.255197874685181,6
food_level3_dial6,3,6.309340070056887,7
food_level3_dial6,4,6.778169138764092,6
food_level3_dial6,5,5.609990250727453,8
food_level3_dial6,6,7.365403546300248,8
top25_dial31,1,5.4232626926542356,8
top25_dial31,2,11.177047366420773,10
top25_dial31,3,5.4232626926542356,6
top25_dial31,4,5.4232626926542356,5
top25_dial31,5,4.452297023750607,3
top25_dial31,6,15.665683736152912,9
top25_dial10,1,12.89309501391313,7
top25_dial10,2,6.912786211377607,8
top25_dial10,3,15.665683736152912,9
top25_dial10,4,6.912786211377607,6
top25_dial10,5,14.279389375033022,9
top25_dial10,6,9.502368932118271,11
food_level2_dial23,1,15.665683736152912,5
food_level2_dial23,2,15.665683736152912,8
food_level2_dial23,3,14.056245823718813,6
food_level2_dial23,4,14.056245823718813,8
food_level2_dial23,5,15.665683736152912,8
food_level2_dial23,6,15.665683736152912,7
hobby_level3_dial24,1,3.0965316990110123,4
hobby_level3_dial24,2,4.976378668215531,7
hobby_level3_dial24,3,7.7747270200139935,6
hobby_level3_dial24,4,3.779299959209606,7
hobby_level3_dial24,5,13.180777086364913,5
hobby_level3_dial24,6,14.972536555592967,6
hobby_level2_dial30,1,8.918097209323596,5
hobby_level2_dial30,2,13.719773587097599,19
hobby_level2_dial30,3,8.918097209323596,7
hobby_level2_dial30,4,14.972536555592967,8
hobby_level2_dial30,5,10.559738262252331,8
hobby_level2_dial30,6,13.468459158816692,5
top25_dial58,1,5.355398630274841,7
top25_dial58,2,5.355398630274841,6
top25_dial58,3,15.665683736152912,6
top25_dial58,4,7.145295653840156,6
top25_dial58,5,12.082164797696802,8
top25_dial58,6,14.972536555592967,8
top25_dial58,7,5.726153592269855,6
hobby_level1_dial8,1,12.298387906166438,5
hobby_level1_dial8,2,5.8683347796784515,6
hobby_level1_dial8,3,4.327635605087406,5
top25_dial32,1,11.223032479662596,9
top25_dial32,2,7.7747270200139935,9
top25_dial32,3,5.441309051983918,8
top25_dial32,4,14.567071447484803,11
top25_dial32,5,3.4605064913743715,6
top25_dial32,6,11.223032479662596,7
food_level1_dial5,1,11.431577231555654,6
food_level1_dial5,2,11.431577231555654,5
food_level1_dial5,3,11.431577231555654,5
food_level1_dial5,4,15.665683736152912,9
food_level1_dial5,5,13.180777086364913,6
food_level1_dial5,6,11.431577231555654,12
top25_dial11,1,12.574641282794596,6
top25_dial11,2,12.775311978256747,10
top25_dial11,3,6.431236288833497,12
top25_dial11,4,5.257519425437672,4
top25_dial11,5,15.665683736152912,7
top25_dial11,6,15.665683736152912,5
food_level3_dial7,1,13.180777086364913,7
food_level3_dial7,2,13.363098643158867,5
food_level3_dial7,3,7.647717032659314,5
food_level3_dial7,4,13.586242194473076,5
food_level3_dial7,5,14.279389375033022,10
food_level3_dial7,6,14.056245823718813,6
hobby_level2_dial31,1,8.794592441542367,8
hobby_level2_dial31,2,14.972536555592967,8
hobby_level2_dial31,3,8.794592441542367,7
hobby_level2_dial31,4,14.972536555592967,8
hobby_level2_dial31,5,14.972536555592967,12
hobby_level2_dial31,6,14.972536555592967,7
hobby_level1_dial9,1,14.972536555592967,6
hobby_level1_dial9,2,15.665683736152912,10
hobby_level1_dial9,3,12.298387906166438,6
hobby_level1_dial9,4,5.219464998839809,2
hobby_level1_dial9,5,12.298387906166438,13
hobby_level1_dial9,6,14.056245823718813,7
food_level3_dial11,1,13.100734378691376,8
food_level3_dial11,2,14.972536555592967,6
food_level3_dial11,3,13.586242194473076,8
food_level3_dial11,4,11.815536134442853,4
food_level3_dial11,5,11.976804282038977,5
food_level3_dial11,6,11.976804282038977,9
top25_dial59,1,13.586242194473076,5
top25_dial59,2,13.586242194473076,8
top25_dial59,3,11.952111669448605,5
top25_dial59,4,13.586242194473076,5
top25_dial59,5,13.586242194473076,4
top25_dial59,6,15.665683736152912,6
food_level1_dial6,1,13.267788463354542,8
food_level1_dial6,2,9.64223614319188,8
food_level1_dial6,3,14.056245823718813,4
food_level1_dial6,4,10.609437930804605,3
food_level1_dial6,5,10.609437930804605,5
food_level1_dial6,6,5.827855332423058,4
hobby_level2_dial32,1,14.567071447484803,7
hobby_level2_dial32,2,6.887820021531744,8
hobby_level2_dial32,3,5.149337574285676,7
hobby_level2_dial32,4,14.972536555592967,17
hobby_level2_dial32,5,14.567071447484803,6
hobby_level2_dial32,6,13.267788463354542,5
food_level3_dial12,1,14.279389375033022,5
food_level3_dial12,2,14.279389375033022,9
food_level3_dial12,3,12.369846870148583,6
food_level3_dial12,4,10.559738262252331,5
food_level3_dial12,5,5.609990250727453,6
food_level3_dial12,6,10.622258619233666,5
food_level3_dial12,7,15.665683736152912,12
food_level3_dial8,1,11.928014117869544,9
food_level3_dial8,2,7.756194243479153,7
food_level3_dial8,3,12.574641282794596,6
food_level3_dial8,4,13.719773587097599,7
food_level3_dial8,5,4.120843024238097,6
food_level3_dial8,6,6.669527174119468,6
food_level1_dial7,1,12.333479225977708,7
food_level1_dial7,2,12.333479225977708,13
food_level1_dial7,3,14.972536555592967,5
hobby_level2_dial33,1,11.165874065822647,3
hobby_level2_dial33,2,11.165874065822647,9
hobby_level2_dial33,3,13.468459158816692,10
hobby_level2_dial33,4,12.775311978256747,6
hobby_level2_dial33,5,14.972536555592967,6
hobby_level2_dial33,6,12.446807911284711,6
food_level3_dial13,1,9.510825642136494,4
food_level3_dial13,2,9.510825642136494,6
food_level3_dial13,3,9.510825642136494,3
food_level3_dial13,4,13.267788463354542,6
food_level3_dial13,5,12.139323211536752,7
food_level3_dial13,6,14.567071447484803,7
food_level2_dial24,1,14.056245823718813,6
food_level2_dial24,2,14.056245823718813,14
food_level2_dial24,3,6.1270473188396934,5
food_level2_dial24,4,4.883628087574291,6
food_level2_dial24,5,6.309340070056887,8
food_level2_dial24,6,11.246843128356314,5
food_level3_dial14,1,8.309403859602163,6
food_level3_dial14,2,8.309403859602163,6
food_level3_dial14,3,14.972536555592967,7
food_level3_dial14,4,8.309403859602163,6
food_level3_dial14,5,10.724041313543609,6
food_level3_dial14,6,13.719773587097599,8
top25_dial33,1,14.972536555592967,11
top25_dial33,2,8.031346500524593,6
top25_dial33,3,14.279389375033022,9
top25_dial33,4,13.586242194473076,8
top25_dial33,5,7.7747270200139935,5
top25_dial33,6,5.187410330891917,4
hobby_level3_dial26,1,15.665683736152912,6
hobby_level3_dial26,2,4.503323347009216,8
hobby_level3_dial26,3,11.02129283701154,9
hobby_level3_dial26,4,4.062058703936042,4
hobby_level3_dial26,5,4.717969685475267,7
hobby_level3_dial26,6,15.665683736152912,13
top25_dial35,1,4.8400625547593705,5
top25_dial35,2,4.8400625547593705,6
top25_dial35,3,4.8400625547593705,9
top25_dial35,4,9.530118845071174,4
top25_dial35,5,14.567071447484803,8
food_level1_dial8,1,13.719773587097599,6
food_level1_dial8,2,13.719773587097599,6
food_level1_dial8,3,13.719773587097599,8
food_level1_dial8,4,13.719773587097599,8
food_level1_dial8,5,14.279389375033022,7
food_level1_dial8,6,13.719773587097599,7
food_level3_dial9,1,7.163401157472429,6
food_level3_dial9,2,4.911917057336544,10
food_level3_dial9,3,4.911917057336544,5
food_level3_dial9,4,13.363098643158867,5
food_level3_dial9,5,14.567071447484803,8
food_level3_dial9,6,15.665683736152912,6
hobby_level2_dial1,1,14.972536555592967,9
hobby_level2_dial1,2,14.972536555592967,7
hobby_level2_dial1,3,13.873924266924858,10
hobby_level2_dial1,4,5.201723619961379,8
hobby_level2_dial1,5,14.056245823718813,8
hobby_level2_dial1,6,11.09097275764953,14
food_level1_dial9,1,12.669951462598922,9
food_level1_dial9,2,8.365886369394751,7
food_level1_dial9,3,11.733858103428586,7
food_level1_dial9,4,7.538870015426799,5
food_level1_dial9,5,14.567071447484803,5
food_level1_dial9,6,5.1285336498917315,5
top25_dial6,1,3.2093855883399383,5
top25_dial6,2,10.347563742308695,6
top25_dial6,3,3.666967418536619,7
top25_dial6,4,13.026626406537654,6
top25_dial6,5,14.972536555592967,6
top25_dial6,6,13.719773587097599,9
food_level3_dial15,1,15.665683736152912,5
food_level3_dial15,2,4.100792203158077,4
food_level3_dial15,3,3.2093855883399383,6
food_level3_dial15,4,11.177047366420773,7
food_level3_dial15,5,4.100792203158077,7
food_level3_dial15,6,13.363098643158867,6
top25_dial36,1,6.182800310567752,5
top25_dial36,2,7.7747270200139935,7
top25_dial36,3,13.180777086364913,8
top25_dial36,4,6.182800310567752,5
top25_dial36,5,14.972536555592967,9
top25_dial36,6,10.661737430207454,6
food_level2_dial1,1,13.180777086364913,6
food_level2_dial1,2,11.002244642040845,4
food_level2_dial1,3,12.298387906166438,7
food_level2_dial1,4,11.09097275764953,10
food_level2_dial1,5,12.62116129842949,9
food_level2_dial1,6,8.391897418308018,9
food_level3_dial16,1,7.163401157472429,7
food_level3_dial16,2,7.019569764669836,10
food_level3_dial16,3,5.1285336498917315,5
food_level3_dial16,4,13.586242194473076,5
food_level3_dial16,5,7.7747270200139935,8
food_level3_dial16,6,10.661737430207454,8
top25_dial12,1,10.387569076922395,9
top25_dial12,2,15.665683736152912,12
top25_dial12,3,6.043366172453342,9
hobby_level1_dial1,1,14.567071447484803,6
hobby_level1_dial1,2,14.567071447484803,8
hobby_level1_dial1,3,9.167401586676478,6
hobby_level1_dial1,4,3.910785114824553,4
hobby_level1_dial1,5,13.873924266924858,9
hobby_level1_dial1,6,14.972536555592967,8
hobby_level1_dial1,7,9.413779852987023,11
hobby_level2_dial10,1,11.837042339663817,7
hobby_level2_dial10,2,10.956153534840578,10
hobby_level2_dial10,3,7.9368279123003695,10
hobby_level2_dial10,4,8.803972395672183,8
hobby_level2_dial10,5,10.920751607789663,6
hobby_level2_dial10,6,4.917594812634475,5
hobby_level3_dial27,1,15.665683736152912,5
hobby_level3_dial27,2,15.665683736152912,13
hobby_level3_dial27,3,15.665683736152912,5
hobby_level3_dial27,4,5.194555538296561,5
hobby_level3_dial27,5,6.800937075247504,6
hobby_level3_dial27,6,15.665683736152912,4
hobby_level3_dial27,7,15.665683736152912,9
food_level2_dial25,1,13.719773587097599,5
food_level2_dial25,2,8.792519901940395,6
food_level2_dial25,3,13.180777086364913,8
food_level2_dial25,4,13.026626406537654,6
food_level2_dial25,5,12.369846870148583,8
food_level2_dial25,6,8.792519901940395,8
food_level2_dial25,7,8.792519901940395,6
hobby_level2_dial34,1,15.665683736152912,4
hobby_level2_dial34,2,5.847971960638188,7
hobby_level2_dial34,3,5.847971960638188,8
hobby_level2_dial34,4,15.665683736152912,8
hobby_level2_dial34,5,14.279389375033022,9
hobby_level2_dial34,6,11.389017617136856,7
hobby_level2_dial34,7,10.682077114444576,8
hobby_level1_dial10,1,14.972536555592967,6
hobby_level1_dial10,2,14.972536555592967,10
hobby_level1_dial10,3,11.417188494103554,6
hobby_level1_dial10,4,15.665683736152912,4
hobby_level1_dial10,5,14.972536555592967,7
hobby_level3_dial28,1,14.972536555592967,13
hobby_level3_dial28,2,14.972536555592967,7
hobby_level3_dial28,3,14.972536555592967,7
food_level3_dial18,1,7.750335566889834,6
food_level3_dial18,2,14.056245823718813,4
food_level3_dial18,3,12.082164797696802,6
food_level3_dial18,4,7.750335566889834,5
food_level3_dial18,5,14.056245823718813,6
food_level3_dial18,6,9.015404687565491,4
food_level2_dial26,1,14.972536555592967,7
food_level2_dial26,2,9.491897632250977,12
food_level2_dial26,3,7.258305410743882,5
food_level2_dial26,4,13.180777086364913,6
food_level2_dial26,5,15.665683736152912,8
food_level2_dial26,6,5.333633229818219,4
hobby_level3_dial29,1,15.665683736152912,5
hobby_level3_dial29,2,14.972536555592967,6
hobby_level3_dial29,3,14.972536555592967,8
hobby_level3_dial29,4,7.263228222207098,5
hobby_level3_dial29,5,15.665683736152912,9
hobby_level3_dial29,6,4.920176514117915,7
hobby_level3_dial29,7,11.375224295004521,5
top25_dial13,1,13.586242194473076,9
top25_dial13,2,7.163401157472429,10
top25_dial13,3,11.522549009761379,6
top25_dial13,4,9.530118845071174,4
top25_dial13,5,14.279389375033022,9
top25_dial13,6,12.574641282794596,10
top25_dial37,1,13.267788463354542,6
top25_dial37,2,10.323349484188101,7
top25_dial37,3,14.972536555592967,10
top25_dial37,4,9.156914599181231,4
top25_dial37,5,13.586242194473076,9
top25_dial37,6,13.586242194473076,8
food_level2_dial27,1,11.538549351107822,7
food_level2_dial27,2,9.477419613070323,5
food_level2_dial27,3,11.460991116761946,8
food_level2_dial27,4,9.477419613070323,8
food_level2_dial27,5,9.477419613070323,7
food_level2_dial27,6,6.528989904345028,7
food_level2_dial27,7,6.528989904345028,7
food_level3_dial19,1,15.665683736152912,4
food_level3_dial19,2,15.665683736152912,5
food_level3_dial19,3,7.199783839124225,8
food_level3_dial19,4,13.873924266924858,8
food_level3_dial19,5,8.420028668558377,6
food_level3_dial19,6,15.665683736152912,10
top25_dial15,1,12.002122090023265,8
top25_dial15,2,12.002122090023265,9
top25_dial15,3,13.363098643158867,7
top25_dial15,4,12.002122090023265,6
top25_dial15,5,12.002122090023265,6
top25_dial15,6,2.5998356852958513,3
top25_dial60,1,8.82300045391449,5
top25_dial60,2,8.82300045391449,5
top25_dial60,3,13.363098643158867,8
top25_dial60,4,11.714440017571485,6
top25_dial60,5,5.23622582252434,5
top25_dial60,6,13.363098643158867,4
top25_dial60,7,13.719773587097599,11
food_level2_dial28,1,7.501458083887085,6
food_level2_dial28,2,15.665683736152912,4
food_level2_dial28,3,7.798961451016184,6
food_level2_dial28,4,10.559738262252331,4
food_level2_dial28,5,12.574641282794596,5
food_level2_dial28,6,9.419576970671349,10
hobby_level1_dial11,1,4.026019898965763,3
hobby_level1_dial11,2,14.972536555592967,6
hobby_level1_dial11,3,13.873924266924858,6
hobby_level1_dial11,4,4.026019898965763,4
hobby_level1_dial11,5,8.458564879945156,4
hobby_level1_dial11,6,10.559738262252331,7
hobby_level2_dial11,1,15.665683736152912,7
hobby_level2_dial11,2,11.976804282038977,10
hobby_level2_dial11,3,12.574641282794596,4
hobby_level2_dial11,4,14.567071447484803,6
hobby_level2_dial11,5,14.567071447484803,10
hobby_level2_dial11,6,13.873924266924858,5
food_level3_dial20,1,13.586242194473076,4
food_level3_dial20,2,11.952111669448605,5
food_level3_dial20,3,14.972536555592967,6
food_level3_dial20,4,11.952111669448605,5
food_level3_dial20,5,11.952111669448605,6
food_level3_dial20,6,14.279389375033022,5
food_level3_dial20,7,11.952111669448605,6
food_level2_dial10,1,13.468459158816692,8
food_level2_dial10,2,7.034804780332859,5
food_level2_dial10,3,14.972536555592967,9
food_level2_dial10,4,7.034804780332859,5
food_level2_dial10,5,14.972536555592967,5
food_level2_dial10,6,15.665683736152912,9
top25_dial61,1,4.892368326152971,8
top25_dial61,2,12.264486354490757,5
top25_dial61,3,6.138053946972291,7
top25_dial61,4,11.02129283701154,10
top25_dial61,5,6.138053946972291,12
top25_dial61,6,8.014563560450213,9
hobby_level1_dial12,1,15.665683736152912,9
hobby_level1_dial12,2,14.279389375033022,10
hobby_level1_dial12,3,14.279389375033022,8
hobby_level1_dial12,4,6.233160273957645,5
hobby_level1_dial12,5,11.002244642040845,9
hobby_level1_dial12,6,3.505492738629039,4
food_level2_dial11,1,15.665683736152912,4
food_level2_dial11,2,13.026626406537654,6
food_level2_dial11,3,8.793555634813927,5
food_level2_dial11,4,14.279389375033022,9
food_level2_dial11,5,8.793555634813927,8
food_level2_dial11,6,5.847863010373876,5
top25_dial38,1,13.180777086364913,6
top25_dial38,2,13.180777086364913,6
top25_dial38,3,13.180777086364913,9
top25_dial38,4,13.180777086364913,3
top25_dial38,5,15.665683736152912,7
top25_dial38,6,13.180777086364913,7
food_level2_dial29,1,11.431577231555654,6
food_level2_dial29,2,14.056245823718813,4
food_level2_dial29,3,13.873924266924858,6
food_level2_dial29,4,11.431577231555654,5
food_level2_dial29,5,12.574641282794596,11
food_level2_dial29,6,11.431577231555654,6
top25_dial16,1,10.782881813566542,8
top25_dial16,2,10.837369998850612,7
top25_dial16,3,10.837369998850612,6
top25_dial16,4,10.837369998850612,6
top25_dial16,5,12.775311978256747,9
top25_dial16,6,10.782881813566542,5
hobby_level1_dial13,1,8.031346500524593,4
hobby_level1_dial13,2,11.25896448888866,15
hobby_level1_dial13,3,14.972536555592967,6
hobby_level1_dial13,4,15.665683736152912,13
hobby_level1_dial13,5,7.199783839124225,6
hobby_level1_dial13,6,12.775311978256747,7
hobby_level2_dial36,1,13.586242194473076,4
hobby_level2_dial36,2,7.199783839124225,9
hobby_level2_dial36,3,4.201549435352616,4
hobby_level2_dial36,4,12.574641282794596,5
hobby_level2_dial36,5,6.309340070056887,6
hobby_level2_dial36,6,12.62116129842949,5
hobby_level2_dial37,1,13.468459158816692,5
hobby_level2_dial37,2,13.586242194473076,7
hobby_level2_dial37,3,4.588538267293207,4
hobby_level2_dial37,4,13.468459158816692,7
hobby_level2_dial37,5,12.298387906166438,8
hobby_level2_dial37,6,13.586242194473076,7
food_level2_dial3,1,14.056245823718813,8
food_level2_dial3,2,9.91311109732728,6
food_level2_dial3,3,10.753028850416861,6
food_level2_dial3,4,13.873924266924858,6
food_level2_dial3,5,15.665683736152912,5
food_level2_dial3,6,14.567071447484803,8
hobby_level2_dial38,1,10.80587133179124,6
hobby_level2_dial38,2,9.218377873611699,7
hobby_level2_dial38,3,15.665683736152912,7
hobby_level2_dial38,4,13.586242194473076,5
hobby_level2_dial38,5,7.532977246459648,17
hobby_level2_dial38,6,13.363098643158867,7
top25_dial4,1,13.873924266924858,8
top25_dial4,2,13.468459158816692,9
top25_dial4,3,13.468459158816692,7
top25_dial4,4,13.468459158816692,7
top25_dial4,5,13.468459158816692,7
top25_dial4,6,6.800937075247504,7
hobby_level1_dial14,1,15.665683736152912,5
hobby_level1_dial14,2,15.665683736152912,5
hobby_level1_dial14,3,7.330012421360065,4
hobby_level1_dial14,4,11.733858103428586,4
hobby_level1_dial14,5,15.665683736152912,9
hobby_level1_dial14,6,7.330012421360065,5
top25_dial62,1,12.298387906166438,7
top25_dial62,2,6.783569691944092,9
top25_dial62,3,3.8816401262815727,7
top25_dial62,4,15.665683736152912,9
top25_dial62,5,15.665683736152912,5
top25_dial62,6,15.665683736152912,5
food_level3_dial21,1,13.586242194473076,4
food_level3_dial21,2,7.338682995911199,5
food_level3_dial21,3,15.665683736152912,4
food_level3_dial21,4,15.665683736152912,7
food_level3_dial21,5,7.338682995911199,5
food_level3_dial21,6,6.756583601227361,4
hobby_level3_dial3,1,4.201549435352616,5
hobby_level3_dial3,2,7.199783839124225,7
hobby_level3_dial3,3,10.535785021229838,9
hobby_level3_dial3,4,12.775311978256747,8
hobby_level2_dial4,1,3.2447416757607748,5
hobby_level2_dial4,2,14.056245823718813,10
hobby_level2_dial4,3,14.567071447484803,7
hobby_level2_dial4,4,13.873924266924858,6
hobby_level2_dial4,5,7.365403546300248,6
hobby_level2_dial4,6,12.369846870148583,12
top25_dial17,1,13.468459158816692,8
top25_dial17,2,13.468459158816692,6
top25_dial17,3,14.279389375033022,7
top25_dial17,4,13.026626406537654,5
top25_dial17,5,5.827855332423058,7
top25_dial17,6,13.180777086364913,9
hobby_level2_dial5,1,14.972536555592967,10
hobby_level2_dial5,2,15.665683736152912,9
hobby_level2_dial5,3,14.056245823718813,6
hobby_level2_dial5,4,14.279389375033022,7
hobby_level3_dial30,1,13.363098643158867,4
hobby_level3_dial30,2,13.363098643158867,23
hobby_level3_dial30,3,13.363098643158867,4
hobby_level3_dial30,4,6.386190505488413,7
hobby_level3_dial30,5,11.09097275764953,11
hobby_level3_dial30,6,15.665683736152912,6
hobby_level3_dial30,7,5.7195199093363485,8
hobby_level3_dial32,1,6.340497972507689,4
hobby_level3_dial32,2,7.524202694695491,8
hobby_level2_dial6,1,13.873924266924858,6
hobby_level2_dial6,2,14.972536555592967,6
hobby_level2_dial6,3,9.239195278695222,3
hobby_level2_dial6,4,7.7747270200139935,6
hobby_level2_dial6,5,8.19888426113431,8
hobby_level2_dial6,6,10.002723256016967,5
hobby_level1_dial15,1,7.415063653978221,7
hobby_level1_dial15,2,13.719773587097599,7
hobby_level1_dial15,3,7.415063653978221,5
hobby_level1_dial15,4,10.37237891142842,3
hobby_level1_dial15,5,6.364863011048355,8
hobby_level1_dial15,6,6.9375815310908076,6
top25_dial40,1,6.833679804896642,7
top25_dial40,2,12.957633535050702,9
top25_dial40,3,6.833679804896642,4
top25_dial40,4,6.833679804896642,14
top25_dial40,5,7.7747270200139935,8
top25_dial40,6,6.28728977918048,6
top25_dial63,1,5.358031921241668,5
top25_dial63,2,10.093529703975149,5
top25_dial63,3,12.62116129842949,7
top25_dial63,4,10.140230797021129,3
top25_dial63,5,12.369846870148583,5
top25_dial63,6,4.030443298063421,5
hobby_level2_dial12,1,14.972536555592967,8
hobby_level2_dial12,2,15.665683736152912,5
hobby_level2_dial12,3,10.635245814760477,6
hobby_level2_dial12,4,12.002122090023265,6
hobby_level2_dial12,5,15.665683736152912,12
hobby_level2_dial12,6,15.665683736152912,9
hobby_level2_dial12,7,7.26704888086081,10
food_level2_dial30,1,11.881494102234651,8
food_level2_dial30,2,14.567071447484803,6
food_level2_dial30,3,13.267788463354542,14
food_level2_dial30,4,14.972536555592967,6
food_level2_dial30,5,14.279389375033022,9
food_level2_dial30,6,4.030443298063421,4
top25_dial18,1,13.873924266924858,8
top25_dial18,2,6.548555745898908,4
top25_dial18,3,7.752162718869018,6
top25_dial18,4,7.752162718869018,4
top25_dial18,5,6.548555745898908,7
top25_dial18,6,7.5134857202911265,4
food_level3_dial22,1,14.279389375033022,10
food_level3_dial22,2,13.586242194473076,7
food_level3_dial22,3,12.775311978256747,5
food_level3_dial22,4,10.323349484188101,8
food_level3_dial22,5,5.19118838884246,5
food_level3_dial22,6,8.626023386290838,4
hobby_level2_dial14,1,14.972536555592967,6
hobby_level2_dial14,2,14.972536555592967,5
hobby_level2_dial14,3,14.972536555592967,9
hobby_level2_dial14,4,14.056245823718813,14
hobby_level2_dial14,5,9.632597514354112,7
hobby_level2_dial14,6,8.450443757422814,7
food_level3_dial23,1,9.91311109732728,5
food_level3_dial23,2,13.468459158816692,6
food_level3_dial23,3,13.719773587097599,7
food_level3_dial23,4,4.050851713576375,5
food_level3_dial23,5,9.760321888098343,5
food_level3_dial23,6,3.92490582414074,6
top25_dial64,1,10.15225498998793,8
top25_dial64,2,7.7747270200139935,12
hobby_level2_dial15,1,5.072630408640537,6
hobby_level2_dial15,2,6.756583601227361,7
hobby_level2_dial15,3,14.972536555592967,6
hobby_level2_dial15,4,13.873924266924858,7
hobby_level2_dial15,5,8.09524048409554,6
hobby_level2_dial15,6,8.517337992252845,7
top25_dial41,1,13.100734378691376,6
top25_dial41,2,15.665683736152912,14
top25_dial41,3,13.100734378691376,5
top25_dial41,4,13.100734378691376,5
top25_dial41,5,14.972536555592967,10
top25_dial41,6,8.821933787146687,6
hobby_level2_dial7,1,15.665683736152912,5
hobby_level2_dial7,2,15.665683736152912,8
hobby_level2_dial7,3,15.665683736152912,5
hobby_level2_dial7,4,15.665683736152912,8
hobby_level2_dial7,5,15.665683736152912,8
hobby_level2_dial7,6,14.567071447484803,9
top25_dial19,1,13.180777086364913,10
top25_dial19,2,13.180777086364913,9
top25_dial19,3,9.785150749752212,9
top25_dial19,4,3.003123391430524,6
top25_dial19,5,7.755460029055568,6
top25_dial19,6,7.163401157472429,8
hobby_level2_dial16,1,11.837042339663817,5
hobby_level2_dial16,2,12.669951462598922,22
hobby_level2_dial16,3,7.163401157472429,6
food_level2_dial31,1,10.724041313543609,5
food_level2_dial31,2,10.724041313543609,3
food_level2_dial31,3,10.724041313543609,5
food_level2_dial31,4,13.363098643158867,9
food_level2_dial31,5,14.567071447484803,9
food_level2_dial31,6,14.567071447484803,5
top25_dial65,1,14.972536555592967,8
top25_dial65,2,14.972536555592967,8
top25_dial65,3,10.367366369604875,9
top25_dial65,4,11.002244642040845,7
top25_dial65,5,13.180777086364913,5
top25_dial65,6,14.972536555592967,9
food_level3_dial24,1,7.383959745741522,8
food_level3_dial24,2,11.04071092286864,6
food_level3_dial24,3,15.665683736152912,7
food_level3_dial24,4,15.665683736152912,10
food_level3_dial24,5,12.62116129842949,7
food_level3_dial24,6,3.879385591504788,5
hobby_level2_dial17,1,11.04071092286864,5
hobby_level2_dial17,2,13.363098643158867,7
hobby_level2_dial17,3,15.665683736152912,7
hobby_level2_dial17,4,4.940501886323688,4
hobby_level2_dial17,5,15.665683736152912,12
hobby_level2_dial17,6,6.800937075247504,8
top25_dial20,1,7.7747270200139935,6
top25_dial20,2,13.873924266924858,8
top25_dial20,3,13.586242194473076,12
top25_dial20,4,13.180777086364913,6
top25_dial20,5,6.138053946972291,6
top25_dial20,6,12.199947833353185,7
top25_dial42,1,11.04071092286864,5
top25_dial42,2,5.060832848285498,8
top25_dial42,3,14.056245823718813,8
top25_dial42,4,6.540030172343924,5
top25_dial42,5,10.559738262252331,5
top25_dial42,6,5.060832848285498,6
top25_dial21,1,11.588146292247194,11
top25_dial21,2,13.026626406537654,6
top25_dial21,3,9.437172732561729,7
top25_dial21,4,5.609990250727453,5
top25_dial21,5,12.169176174686433,6
top25_dial21,6,9.437172732561729,6
top25_dial21,7,9.437172732561729,7
top25_dial66,1,9.611244389883542,5
top25_dial66,2,12.775311978256747,7
hobby_level2_dial18,1,8.063781776277747,3
hobby_level2_dial18,2,11.837042339663817,5
hobby_level2_dial18,3,14.056245823718813,7
hobby_level2_dial18,4,8.063781776277747,8
hobby_level2_dial18,5,13.363098643158867,8
hobby_level2_dial18,6,12.775311978256747,13
food_level2_dial33,1,14.972536555592967,5
food_level2_dial33,2,7.532977246459648,3
food_level2_dial33,3,7.503737936684222,4
food_level2_dial33,4,11.815536134442853,6
food_level2_dial33,5,13.363098643158867,8
food_level2_dial33,6,5.827855332423058,8
top25_dial43,1,8.676348470178352,7
top25_dial43,2,8.676348470178352,8
top25_dial43,3,8.676348470178352,7
top25_dial43,4,12.574641282794596,7
top25_dial43,5,15.665683736152912,6
top25_dial43,6,10.956153534840578,6
food_level3_dial25,1,14.279389375033022,8
food_level3_dial25,2,15.665683736152912,4
food_level3_dial25,3,12.721244756986472,11
food_level3_dial25,4,13.180777086364913,5
food_level3_dial25,5,13.180777086364913,6
food_level3_dial25,6,15.665683736152912,4
hobby_level2_dial8,1,15.665683736152912,9
hobby_level2_dial8,2,13.267788463354542,12
hobby_level2_dial8,3,15.665683736152912,7
hobby_level2_dial8,4,15.665683736152912,8
hobby_level2_dial8,5,14.567071447484803,6
hobby_level2_dial8,6,3.7582664836699786,10
top25_dial22,1,10.559738262252331,5
top25_dial22,2,9.508704750567357,6
top25_dial22,3,6.671883764357368,7
top25_dial22,4,14.567071447484803,4
top25_dial22,5,15.665683736152912,5
top25_dial22,6,15.665683736152912,5
top25_dial44,1,8.12347027295951,8
top25_dial44,2,12.446807911284711,9
top25_dial44,3,6.790117044162361,6
top25_dial44,4,15.665683736152912,14
top25_dial44,5,15.665683736152912,5
food_level2_dial34,1,10.682077114444576,9
food_level2_dial34,2,15.665683736152912,13
food_level2_dial34,3,14.972536555592967,5
food_level2_dial34,4,5.351843041435844,6
food_level2_dial34,5,5.351843041435844,6
food_level2_dial34,6,5.3536691014728,9
hobby_level2_dial19,1,7.850073204117722,8
hobby_level2_dial19,2,6.138053946972291,10
hobby_level2_dial19,3,14.567071447484803,8
hobby_level2_dial19,4,9.578909009240606,5
hobby_level2_dial19,5,7.850073204117722,5
hobby_level2_dial19,6,10.559738262252331,4
top25_dial67,1,12.369846870148583,5
top25_dial67,2,7.1389363319318635,5
top25_dial67,3,9.005108586313227,7
top25_dial67,4,13.586242194473076,8
top25_dial67,5,15.665683736152912,7
top25_dial67,6,14.567071447484803,6
top25_dial45,1,13.026626406537654,10
top25_dial45,2,13.026626406537654,8
top25_dial45,3,13.586242194473076,8
top25_dial45,4,9.359408449204897,7
top25_dial45,5,5.1727997040507665,9
top25_dial45,6,3.0699773058872935,10
food_level2_dial35,1,14.567071447484803,6
food_level2_dial35,2,15.665683736152912,8
food_level2_dial35,3,12.298387906166438,8
food_level2_dial35,4,13.363098643158867,12
food_level2_dial35,5,9.213634781715687,7
food_level2_dial35,6,12.775311978256747,12
top25_dial68,1,10.434575119298326,5
top25_dial68,2,10.434575119298326,8
top25_dial68,3,10.434575119298326,9
top25_dial68,4,12.775311978256747,7
top25_dial68,5,10.434575119298326,6
top25_dial68,6,12.89309501391313,7
top25_dial7,1,10.337807567363331,7
top25_dial7,2,14.972536555592967,4
top25_dial7,3,13.468459158816692,8
top25_dial7,4,13.468459158816692,8
top25_dial7,5,15.665683736152912,6
top25_dial7,6,4.748724296033081,5
top25_dial70,1,14.972536555592967,7
top25_dial70,2,14.972536555592967,6
top25_dial70,3,14.972536555592967,11
top25_dial70,4,14.972536555592967,6
top25_dial8,1,10.51818925933946,6
top25_dial8,2,14.056245823718813,6
top25_dial8,3,15.665683736152912,4
top25_dial8,4,9.244061468346395,4
top25_dial8,5,9.760321888098343,5
top25_dial8,6,14.279389375033022,5
top25_dial9,1,15.665683736152912,8
top25_dial9,2,15.665683736152912,4
top25_dial9,3,10.461677049076117,8
top25_dial9,4,13.719773587097599,8
top25_dial9,5,13.363098643158867,7
top25_dial9,6,4.521317844095006,7
top25_dial47,1,15.665683736152912,10
top25_dial47,2,14.567071447484803,7
top25_dial47,3,14.972536555592967,4
top25_dial47,4,13.267788463354542,6
top25_dial47,5,5.428800102084323,6
top25_dial47,6,6.309340070056887,9
top25_dial47,7,6.138053946972291,9
top25_dial48,1,4.119903934311737,6
top25_dial48,2,10.387569076922395,11
top25_dial48,3,13.719773587097599,8
top25_dial48,4,6.800937075247504,9
top25_dial48,5,14.279389375033022,7
top25_dial48,6,13.180777086364913,8
top25_dial49,1,11.002244642040845,8
top25_dial49,2,12.957633535050702,6
top25_dial49,3,14.567071447484803,5
top25_dial49,4,14.567071447484803,5
top25_dial49,5,11.002244642040845,3
top25_dial49,6,13.873924266924858,5
