conv_id,turn_id,maxscq,num_terms
food_level3_dial26,1,73.88679815885193,5
food_level3_dial26,2,66.47490705723048,7
food_level3_dial26,3,66.47490705723048,6
food_level3_dial26,4,66.47490705723048,3
food_level3_dial26,5,66.47490705723048,5
food_level3_dial26,6,73.88679815885193,9
hobby_level1_dial16,1,60.65637676932357,4
hobby_level1_dial16,2,71.82858967283883,7
hobby_level1_dial16,3,73.98846278652002,7
hobby_level1_dial16,4,73.4256229256174,16
hobby_level1_dial16,5,53.28689058123618,6
hobby_level1_dial16,6,73.4256229256174,11
top25_dial5,1,75.71222163763895,8
top25_dial5,2,55.441417838318685,12
top25_dial5,3,59.65540574172566,12
food_level2_dial36,1,73.17434678069398,5
food_level2_dial36,2,77.80831772389992,5
food_level2_dial36,3,73.10338575934534,6
food_level2_dial36,4,73.10338575934534,7
food_level2_dial36,5,73.10338575934534,5
food_level3_dial27,1,73.88679815885193,9
food_level3_dial27,2,32.69521201894312,3
food_level3_dial27,3,47.606604460440906,6
food_level3_dial27,4,73.74553767545126,7
food_level3_dial27,5,69.99955886907024,7
food_level3_dial27,6,73.88679815885193,5
food_level2_dial37,1,61.24743558759401,9
food_level2_dial37,2,61.24743558759401,6
food_level2_dial37,3,61.24743558759401,6
food_level2_dial37,4,66.64300379636927,8
food_level2_dial37,5,61.24743558759401,7
food_level2_dial37,6,76.89157317427268,6
food_level2_dial12,1,75.54220251530147,12
food_level2_dial12,2,62.64657230035192,7
food_level2_dial12,3,71.21677248091812,7
food_level2_dial12,4,62.64657230035192,8
food_level2_dial12,5,75.9057856469635,7
food_level2_dial12,6,75.9057856469635,7
hobby_level2_dial2,1,71.82858967283883,7
hobby_level2_dial2,2,71.82858967283883,9
hobby_level2_dial2,3,42.65196230388717,5
hobby_level2_dial2,4,60.38063354663295,8
hobby_level2_dial2,5,66.50366682643039,7
hobby_level2_dial2,6,60.141034378553094,7
hobby_level3_dial33,1,69.73630664561429,8
hobby_level3_dial33,2,73.6810107319043,10
hobby_level3_dial33,3,65.94511106906553,7
hobby_level3_dial33,4,74.9572882651821,9
hobby_level3_dial33,5,72.83748399147733,6
hobby_level3_dial33,6,73.74553767545126,8
food_level1_dial1,1,72.81152905806344,8
food_level1_dial1,2,73.88679815885193,7
hobby_level1_dial17,1,72.60820517139966,7
hobby_level1_dial17,2,73.74553767545126,5
hobby_level1_dial17,3,58.2358721222992,5
hobby_level1_dial17,4,58.7869432941362,5
hobby_level1_dial17,5,65.88621399685083,10
hobby_level1_dial17,6,73.74553767545126,6
top25_dial23,1,73.01291933710631,8
top25_dial23,2,73.00401012585128,8
top25_dial23,3,73.00401012585128,8
top25_dial23,4,72.81842985561022,13
top25_dial23,5,65.70885239940121,7
top25_dial23,6,73.00401012585128,10
food_level3_dial28,1,49.387911367827556,5
food_level3_dial28,2,74.40236436749402,4
food_level3_dial28,3,75.35856645628441,8
food_level3_dial28,4,73.88679815885193,9
food_level3_dial28,5,42.65196230388717,4
food_level3_dial28,6,68.92989263230012,4
hobby_level2_dial20,1,72.21480745639053,5
hobby_level2_dial20,2,72.21480745639053,8
hobby_level2_dial20,3,72.21480745639053,6
hobby_level2_dial20,4,76.12911696937877,5
hobby_level2_dial20,5,72.21480745639053,5
hobby_level2_dial20,6,73.74553767545126,8
top25_dial50,1,76.01506563468878,8
top25_dial50,2,76.01506563468878,7
top25_dial50,3,76.01506563468878,7
top25_dial50,4,76.01506563468878,9
top25_dial50,5,70.89487385851642,7
top25_dial50,6,74.43169290668253,6
hobby_level3_dial34,1,67.09318188411437,6
hobby_level3_dial34,2,67.09318188411437,7
hobby_level3_dial34,3,38.02376035778892,5
hobby_level3_dial34,4,67.09318188411437,7
hobby_level3_dial34,5,42.040489351650926,6
hobby_level3_dial34,6,73.88679815885193,6
food_level1_dial10,1,71.08561154149193,6
food_level1_dial10,2,73.88679815885193,8
food_level1_dial10,3,65.89272204969491,3
food_level1_dial10,4,65.89272204969491,4
food_level1_dial10,5,68.51150520545742,11
food_level1_dial10,6,69.50385203594553,3
food_level2_dial38,1,73.74553767545126,5
food_level2_dial38,2,77.16434966968379,3
food_level2_dial38,3,70.06940600358277,4
food_level2_dial38,4,70.06940600358277,5
food_level2_dial38,5,72.8515699931698,13
food_level2_dial38,6,73.74553767545126,5
food_level2_dial38,7,71.43663590770248,6
top25_dial24,1,67.85912503555386,8
top25_dial24,2,70.86433102207927,14
top25_dial24,3,69.9176091199284,10
top25_dial24,4,69.9176091199284,6
top25_dial24,5,69.9176091199284,11
top25_dial24,6,73.74553767545126,7
food_level3_dial29,1,69.10323405872761,6
food_level3_dial29,2,69.10323405872761,9
food_level3_dial29,3,69.10323405872761,5
food_level3_dial29,4,69.10323405872761,6
food_level3_dial29,5,73.74553767545126,5
food_level3_dial29,6,69.10323405872761,5
hobby_level2_dial9,1,63.336688313926345,5
hobby_level2_dial9,2,56.27276374275878,9
hobby_level2_dial9,3,75.04493121366598,8
hobby_level2_dial9,4,71.30584516776103,8
hobby_level2_dial9,5,53.92211737055204,5
top25_dial51,1,77.91283656524303,7
top25_dial51,2,77.91283656524303,11
top25_dial51,3,74.50384228509051,10
top25_dial51,4,77.91283656524303,4
top25_dial51,5,77.91283656524303,6
top25_dial51,6,67.35180368149729,5
hobby_level3_dial35,1,79.03983378450476,7
hobby_level3_dial35,2,75.04493121366598,4
hobby_level3_dial35,3,75.04493121366598,9
hobby_level3_dial35,4,79.03983378450476,11
hobby_level3_dial35,5,75.20033831591583,5
hobby_level3_dial35,6,72.42573573982622,12
hobby_level3_dial35,7,74.40720377616417,8
food_level1_dial11,1,74.88957842401784,8
food_level1_dial11,2,74.88957842401784,8
food_level1_dial11,3,77.53317743388769,7
food_level1_dial11,4,74.52264022904167,6
food_level1_dial11,5,74.88957842401784,10
food_level1_dial11,6,73.74553767545126,5
hobby_level2_dial21,1,66.96932847913902,8
hobby_level2_dial21,2,67.85912503555386,9
hobby_level2_dial21,3,72.18291342679761,7
hobby_level2_dial21,4,55.4445446566728,4
food_level2_dial4,1,71.74712187099124,8
food_level2_dial4,2,71.74712187099124,5
food_level2_dial4,3,71.74712187099124,5
food_level2_dial4,4,71.74712187099124,5
food_level2_dial4,5,71.74712187099124,10
food_level2_dial4,6,71.74712187099124,5
hobby_level3_dial1,1,51.59209920065354,5
hobby_level3_dial1,2,70.26395998178279,11
hobby_level3_dial1,3,53.88494142804202,9
hobby_level3_dial1,4,73.88679815885193,10
hobby_level3_dial1,5,73.74553767545126,11
hobby_level3_dial1,6,53.28689058123618,4
hobby_level1_dial18,1,73.49644832504302,6
hobby_level1_dial18,2,61.361904721332394,6
hobby_level1_dial18,3,61.361904721332394,10
hobby_level1_dial18,4,75.35418395527614,5
hobby_level1_dial18,5,75.35418395527614,11
hobby_level1_dial18,6,73.88679815885193,5
food_level1_dial12,1,64.41503233231656,5
food_level1_dial12,2,65.0703640813438,5
food_level1_dial12,3,45.65441465920926,3
food_level1_dial12,4,72.60820517139966,9
food_level1_dial12,5,45.65441465920926,6
food_level1_dial12,6,73.74553767545126,3
top25_dial52,1,72.70932243100792,7
top25_dial52,2,39.5929701640789,8
hobby_level3_dial36,1,69.31281286458771,8
hobby_level3_dial36,2,60.65637676932357,5
hobby_level3_dial36,3,69.31281286458771,7
food_level3_dial3,1,65.34116640324879,7
food_level3_dial3,2,73.88679815885193,9
food_level3_dial3,3,70.29962090498702,6
food_level3_dial3,4,73.88679815885193,8
food_level3_dial3,5,74.40236436749402,8
food_level3_dial3,6,68.0322971832823,10
hobby_level2_dial22,1,69.89659578913195,4
hobby_level2_dial22,2,71.60406917694228,6
hobby_level2_dial22,3,71.60406917694228,8
hobby_level2_dial22,4,71.60406917694228,8
hobby_level2_dial22,5,71.42177649019536,6
hobby_level2_dial22,6,68.0933653626345,8
food_level2_dial5,1,69.6726929413039,6
food_level2_dial5,2,71.59369518335927,7
food_level2_dial5,3,71.59369518335927,8
food_level1_dial13,1,80.71648179314721,8
food_level1_dial13,2,80.71648179314721,6
food_level1_dial13,3,52.65483932122371,6
hobby_level3_dial37,1,74.08633534761911,9
hobby_level3_dial37,2,74.08633534761911,9
hobby_level3_dial37,3,74.08633534761911,8
hobby_level3_dial37,4,55.500923270436644,9
hobby_level3_dial37,5,75.75231967868002,7
hobby_level3_dial37,6,75.75231967868002,9
hobby_level3_dial10,1,73.8743824503606,8
hobby_level3_dial10,2,73.74553767545126,11
hobby_level3_dial10,3,74.27471788223224,8
hobby_level3_dial10,4,73.8743824503606,6
food_level2_dial13,1,71.82858967283883,6
food_level2_dial13,2,71.7525041114577,6
food_level2_dial13,3,73.74553767545126,6
food_level2_dial13,4,62.23444209981942,10
food_level2_dial13,5,45.65966324513079,4
food_level2_dial13,6,62.23444209981942,9
food_level3_dial30,1,72.4627914959989,5
food_level3_dial30,2,67.78378918126289,9
food_level3_dial30,3,72.4627914959989,6
food_level3_dial30,4,72.4627914959989,5
food_level3_dial30,5,72.77290596222096,8
food_level3_dial30,6,72.4627914959989,10
food_level3_dial30,7,60.373337467571986,11
food_level1_dial14,1,76.89157317427268,6
food_level1_dial14,2,76.89157317427268,4
food_level1_dial14,3,76.89157317427268,6
food_level1_dial14,4,74.14895235328122,3
food_level1_dial14,5,74.14895235328122,7
food_level1_dial14,6,74.14895235328122,4
hobby_level1_dial19,1,74.37356307023687,7
hobby_level1_dial19,2,73.17434678069398,10
hobby_level1_dial19,3,73.17434678069398,6
hobby_level1_dial19,4,73.98846278652002,11
hobby_level1_dial19,5,73.74553767545126,8
hobby_level1_dial19,6,73.88679815885193,10
top25_dial53,1,75.86099158430481,6
top25_dial53,2,75.86099158430481,6
top25_dial53,3,75.86099158430481,7
top25_dial53,4,75.86099158430481,6
top25_dial53,5,75.86099158430481,8
top25_dial53,6,63.19947646980853,5
food_level3_dial31,1,72.07082186054004,5
food_level3_dial31,2,75.26807913284341,9
food_level3_dial31,3,72.07082186054004,10
food_level3_dial31,4,72.07082186054004,5
food_level3_dial31,5,72.07082186054004,5
food_level3_dial31,6,66.2192673853075,8
hobby_level1_dial2,1,65.09842021890123,7
hobby_level1_dial2,2,60.44734541532902,6
hobby_level1_dial2,3,73.88679815885193,6
hobby_level1_dial2,4,62.039481110999674,5
hobby_level1_dial2,5,55.42232150642614,8
hobby_level1_dial2,6,55.42232150642614,7
food_level2_dial14,1,75.44684191739677,5
food_level2_dial14,2,75.44684191739677,8
food_level2_dial14,3,80.96301342865607,4
food_level2_dial14,4,80.96301342865607,3
food_level2_dial14,5,80.96301342865607,3
food_level2_dial14,6,75.44684191739677,6
hobby_level3_dial38,1,72.14501328964485,7
hobby_level3_dial38,2,72.14501328964485,5
hobby_level3_dial38,3,72.14501328964485,7
hobby_level3_dial38,4,72.14501328964485,7
hobby_level3_dial38,5,73.19012570279138,7
hobby_level3_dial38,6,72.87705707459706,13
hobby_level2_dial23,1,75.23927467146812,5
hobby_level2_dial23,2,75.23927467146812,6
hobby_level2_dial23,3,75.23927467146812,4
hobby_level2_dial23,4,75.23927467146812,7
hobby_level2_dial23,5,75.23927467146812,10
hobby_level2_dial23,6,75.23927467146812,7
hobby_level3_dial11,1,62.277965682729636,4
hobby_level3_dial11,2,73.74553767545126,9
hobby_level3_dial11,3,69.97285629287718,6
hobby_level3_dial11,4,73.98846278652002,16
hobby_level3_dial11,5,71.55946225554264,5
hobby_level3_dial11,6,66.11711039916227,5
hobby_level3_dial11,7,80.96941751612583,8
food_level1_dial15,1,75.50829966926341,4
food_level1_dial15,2,75.50829966926341,5
food_level1_dial15,3,75.50829966926341,8
food_level1_dial15,4,75.50829966926341,5
food_level1_dial15,5,75.50829966926341,4
food_level1_dial15,6,76.21917218673437,8
food_level3_dial32,1,70.1138775058453,5
food_level3_dial32,2,70.1138775058453,5
food_level3_dial32,3,59.63042217299111,7
food_level3_dial32,4,68.9446149742586,4
food_level3_dial32,5,73.74553767545126,10
food_level3_dial32,6,68.80652578508396,7
top25_dial25,1,77.65767449625483,7
top25_dial25,2,75.11727511779495,5
top25_dial25,3,75.11727511779495,7
top25_dial25,4,68.0322971832823,7
top25_dial25,5,75.11727511779495,7
top25_dial25,6,71.00621692146488,9
hobby_level3_dial4,1,74.2718337371097,5
hobby_level3_dial4,2,74.2718337371097,4
hobby_level3_dial4,3,74.2718337371097,6
hobby_level1_dial20,1,67.54856237018085,4
hobby_level1_dial20,2,67.54856237018085,5
hobby_level1_dial20,3,59.66979001639715,7
hobby_level1_dial20,4,73.74553767545126,12
hobby_level1_dial20,5,73.74553767545126,7
hobby_level1_dial20,6,38.02376035778892,3
food_level2_dial15,1,73.22727025026364,6
food_level2_dial15,2,73.22727025026364,5
food_level2_dial15,3,43.43826745781169,5
food_level2_dial15,4,64.04874122636963,5
food_level2_dial15,5,66.2192673853075,8
food_level2_dial15,6,64.04874122636963,5
food_level3_dial33,1,72.77290596222096,8
food_level3_dial33,2,70.65624904735445,7
food_level3_dial33,3,62.75167254475419,5
food_level3_dial33,4,73.19012570279138,9
hobby_level3_dial13,1,66.83308130626732,7
hobby_level3_dial13,2,60.56313607900918,17
hobby_level3_dial13,3,77.1153630724849,8
hobby_level3_dial13,4,64.390956823653,5
hobby_level3_dial13,5,73.19012570279138,6
hobby_level3_dial13,6,59.58305251017857,4
food_level1_dial16,1,71.59369518335927,7
food_level1_dial16,2,75.04396076389666,7
food_level1_dial16,3,53.14976528889742,4
food_level1_dial16,4,53.14976528889742,5
food_level1_dial16,5,74.40236436749402,9
food_level1_dial16,6,45.082555700121155,5
food_level2_dial16,1,71.43947357795447,5
food_level2_dial16,2,73.88679815885193,7
food_level2_dial16,3,73.51511258103672,5
food_level2_dial16,4,73.51511258103672,4
food_level2_dial16,5,73.51511258103672,4
food_level2_dial16,6,60.56313607900918,11
hobby_level3_dial5,1,67.58439770719737,9
hobby_level3_dial5,2,64.62950380233356,6
hobby_level3_dial5,3,72.60820517139966,10
hobby_level3_dial5,4,73.74553767545126,6
hobby_level3_dial5,5,64.62950380233356,6
hobby_level3_dial5,6,51.23543718774601,7
food_level3_dial34,1,74.42352830041898,6
food_level3_dial34,2,73.74553767545126,6
food_level3_dial34,3,74.42352830041898,7
food_level3_dial34,4,74.42352830041898,6
food_level3_dial34,5,74.42352830041898,7
food_level3_dial34,6,73.88679815885193,4
food_level1_dial17,1,65.25019531026206,4
food_level1_dial17,2,71.82858967283883,4
food_level1_dial17,3,65.99691623277117,5
food_level1_dial17,4,73.87490786796869,3
food_level1_dial17,5,73.87490786796869,7
food_level1_dial17,6,73.87490786796869,6
food_level2_dial17,1,71.01730417382515,7
food_level2_dial17,2,65.8482805979949,4
food_level2_dial17,3,57.627000124685594,5
food_level2_dial17,4,73.88679815885193,7
food_level2_dial17,5,73.88679815885193,5
food_level2_dial17,6,73.81360068312759,4
top25_dial54,1,72.81842985561022,7
top25_dial54,2,72.05627977879163,6
top25_dial54,3,72.05627977879163,6
top25_dial26,1,57.795691940318626,8
top25_dial26,2,71.82858967283883,10
top25_dial26,3,53.65250598188911,7
top25_dial26,4,63.93670193441852,3
top25_dial26,5,56.27276374275878,10
top25_dial26,6,68.71563267241036,7
food_level1_dial18,1,74.01405422180893,6
food_level1_dial18,2,74.01405422180893,7
food_level1_dial18,3,74.01405422180893,11
food_level1_dial18,4,74.01405422180893,8
food_level1_dial18,5,73.68218446911196,8
food_level1_dial18,6,73.68218446911196,7
hobby_level3_dial15,1,69.11702022225924,6
hobby_level3_dial15,2,72.81842985561022,8
hobby_level3_dial15,3,69.11702022225924,13
hobby_level3_dial15,4,73.04372390177798,9
hobby_level3_dial15,5,69.11702022225924,8
hobby_level3_dial15,6,73.74553767545126,7
food_level2_dial6,1,57.627000124685594,5
food_level2_dial6,2,57.444286910324756,8
food_level2_dial6,3,69.6726929413039,7
food_level2_dial6,4,71.85968090820175,15
food_level2_dial6,5,73.19012570279138,6
food_level2_dial6,6,75.43677968235396,7
hobby_level1_dial21,1,70.9918950671243,9
hobby_level1_dial21,2,71.69607173706295,6
hobby_level1_dial21,3,68.84412830352925,4
hobby_level1_dial21,4,73.00660327636612,10
hobby_level1_dial21,5,70.86864941250114,5
hobby_level1_dial21,6,73.11320581105008,7
food_level3_dial35,1,26.69074201803735,4
food_level3_dial35,2,74.40236436749402,4
food_level3_dial35,3,64.32782804407003,3
food_level3_dial35,4,73.88679815885193,6
food_level3_dial35,5,51.26181917496012,5
food_level3_dial35,6,80.58841364654461,9
hobby_level3_dial16,1,75.04493121366598,8
hobby_level3_dial16,2,72.28887674947207,7
hobby_level3_dial16,3,78.43456814206283,12
hobby_level3_dial16,4,67.85912503555386,7
hobby_level3_dial16,5,73.2073614852777,5
hobby_level3_dial16,6,73.63447507361374,7
hobby_level3_dial6,1,73.22940040311936,5
hobby_level3_dial6,2,74.7003903619847,8
hobby_level3_dial6,3,73.22940040311936,5
hobby_level3_dial6,4,73.22940040311936,5
hobby_level3_dial6,5,73.22940040311936,11
hobby_level3_dial6,6,74.08581463163256,6
food_level2_dial7,1,75.94166179278223,13
food_level2_dial7,2,75.94166179278223,10
food_level2_dial7,3,75.94166179278223,6
food_level2_dial7,4,75.94166179278223,9
food_level2_dial7,5,48.9847045421325,5
food_level2_dial7,6,75.94166179278223,7
hobby_level1_dial22,1,69.42772041769908,4
hobby_level1_dial22,2,69.42772041769908,3
hobby_level1_dial22,3,69.42772041769908,8
hobby_level1_dial22,4,73.88679815885193,6
hobby_level1_dial22,5,69.42772041769908,8
hobby_level1_dial22,6,69.42772041769908,10
food_level1_dial19,1,75.47459373436496,7
food_level1_dial19,2,75.47459373436496,6
food_level1_dial19,3,75.47459373436496,14
food_level1_dial19,4,64.96785892886042,5
top25_dial55,1,78.50590198257785,4
top25_dial55,2,78.50590198257785,5
top25_dial55,3,78.50590198257785,5
top25_dial55,4,78.50590198257785,11
top25_dial55,5,78.50590198257785,5
top25_dial55,6,78.50590198257785,7
food_level3_dial36,1,58.70904748377776,6
food_level3_dial36,2,72.29871216784063,6
food_level3_dial36,3,70.299065058215,6
food_level3_dial36,4,68.0322971832823,9
food_level3_dial36,5,65.58171047684772,5
food_level3_dial36,6,68.22083766270963,7
hobby_level3_dial17,1,71.42177649019536,8
hobby_level3_dial17,2,62.61873111892962,7
hobby_level3_dial17,3,74.43640891969608,11
hobby_level3_dial17,4,70.299065058215,9
hobby_level3_dial17,5,73.74553767545126,8
hobby_level3_dial17,6,58.05540023140716,4
hobby_level1_dial23,1,73.88679815885193,5
hobby_level1_dial23,2,56.27276374275878,8
hobby_level1_dial23,3,71.17123957715654,7
hobby_level1_dial23,4,70.2192324240415,6
hobby_level1_dial23,5,70.2192324240415,5
hobby_level1_dial23,6,70.2192324240415,6
hobby_level3_dial7,1,75.57109201715595,4
hobby_level3_dial7,2,75.57109201715595,3
hobby_level3_dial7,3,75.57109201715595,4
hobby_level3_dial7,4,75.57109201715595,8
hobby_level3_dial7,5,75.57109201715595,4
hobby_level3_dial7,6,66.11711039916227,8
food_level2_dial8,1,72.60820517139966,8
food_level2_dial8,2,73.81360068312759,9
food_level2_dial8,3,73.11487190823394,10
food_level2_dial8,4,75.9057856469635,10
food_level2_dial8,5,75.9057856469635,9
food_level2_dial8,6,75.9057856469635,12
top25_dial27,1,65.95234653038438,7
top25_dial27,2,66.63178182625043,7
top25_dial27,3,76.22770218787909,6
top25_dial27,4,76.22770218787909,6
top25_dial27,5,76.22770218787909,7
top25_dial27,6,70.53118030474701,11
food_level2_dial9,1,75.63811323636241,4
food_level2_dial9,2,75.63811323636241,27
food_level2_dial9,3,75.63811323636241,7
food_level2_dial9,4,41.55559192836057,6
food_level2_dial9,5,60.84915166287579,8
food_level2_dial9,6,60.56313607900918,6
hobby_level2_dial24,1,69.59770178487301,4
hobby_level2_dial24,2,69.59770178487301,7
hobby_level2_dial24,3,70.48190904659452,8
hobby_level2_dial24,4,69.59770178487301,4
hobby_level2_dial24,5,69.59770178487301,11
hobby_level2_dial24,6,69.59770178487301,5
hobby_level2_dial24,7,69.59770178487301,10
hobby_level1_dial3,1,75.04935574282115,6
hobby_level1_dial3,2,75.04935574282115,5
hobby_level1_dial3,3,75.04935574282115,8
hobby_level1_dial3,4,75.04935574282115,10
hobby_level1_dial3,5,75.04935574282115,9
hobby_level1_dial3,6,75.04935574282115,4
food_level1_dial2,1,74.93397333624465,6
food_level1_dial2,2,73.12632248671386,5
food_level1_dial2,3,73.12632248671386,4
food_level1_dial2,4,73.12632248671386,5
food_level1_dial2,5,73.12632248671386,10
food_level1_dial2,6,73.23606115493664,10
food_level1_dial2,7,67.85912503555386,8
food_level2_dial19,1,75.47196621357023,9
food_level2_dial19,2,75.47196621357023,9
food_level2_dial19,3,75.47196621357023,5
food_level2_dial19,4,75.47196621357023,9
food_level2_dial19,5,75.47196621357023,6
food_level2_dial19,6,56.51821188979075,7
hobby_level2_dial25,1,44.685225198463215,7
hobby_level2_dial25,2,61.326043753752614,8
hobby_level2_dial25,3,56.344833538085325,8
hobby_level2_dial25,4,70.63148049219424,7
hobby_level2_dial25,5,65.99504966021095,7
hobby_level2_dial25,6,73.74553767545126,6
hobby_level3_dial18,1,65.54328984807937,6
hobby_level3_dial18,2,73.97303085775184,6
hobby_level3_dial18,3,71.14227755062286,7
hobby_level3_dial18,4,71.14227755062286,8
hobby_level3_dial18,5,65.95234653038438,7
hobby_level3_dial18,6,64.07303053944091,6
food_level3_dial37,1,73.30404995779939,8
food_level3_dial37,2,67.64351288493658,9
food_level3_dial37,3,67.64351288493658,9
food_level3_dial37,4,67.64351288493658,5
food_level3_dial37,5,68.5619929499755,6
food_level3_dial37,6,56.27276374275878,8
hobby_level3_dial8,1,71.19352051987148,5
hobby_level3_dial8,2,71.19352051987148,8
hobby_level3_dial8,3,73.98846278652002,10
hobby_level3_dial8,4,73.22203028776607,3
hobby_level3_dial8,5,72.81842985561022,5
hobby_level3_dial8,6,71.19352051987148,6
food_level3_dial38,1,67.83101928364113,7
food_level3_dial38,2,67.83101928364113,5
food_level3_dial38,3,64.92287131215258,8
food_level3_dial38,4,70.29661585474898,5
food_level3_dial38,5,72.65704428651527,3
food_level3_dial38,6,72.65704428651527,6
top25_dial56,1,71.95727091837331,6
top25_dial56,2,41.275076564576345,5
top25_dial56,3,72.368070259686,6
top25_dial56,4,73.88679815885193,6
top25_dial56,5,74.40236436749402,6
top25_dial56,6,72.368070259686,7
top25_dial28,1,76.10411557627184,5
top25_dial28,2,74.0116600515118,8
top25_dial28,3,74.0116600515118,9
top25_dial28,4,74.0116600515118,6
top25_dial28,5,74.0116600515118,10
top25_dial28,6,69.05336922176356,7
top25_dial28,7,71.4981310662657,10
hobby_level1_dial4,1,69.81307473936516,5
hobby_level1_dial4,2,69.81307473936516,6
hobby_level1_dial4,3,73.74553767545126,6
hobby_level1_dial4,4,73.88679815885193,6
hobby_level1_dial4,5,56.99882276212627,4
hobby_level1_dial4,6,56.99882276212627,5
hobby_level1_dial4,7,56.27276374275878,5
hobby_level3_dial9,1,73.99855730138688,10
hobby_level3_dial9,2,62.33209136543416,10
hobby_level3_dial9,3,72.34706900385615,8
hobby_level3_dial19,1,0.0,2
hobby_level3_dial19,2,54.072889220552575,6
hobby_level3_dial19,3,43.06168864141784,3
hobby_level3_dial19,4,70.53918449820948,7
hobby_level3_dial19,5,42.65196230388717,3
hobby_level3_dial19,6,70.53918449820948,9
hobby_level3_dial19,7,52.65483932122371,7
hobby_level2_dial26,1,74.7250864989101,6
hobby_level2_dial26,2,74.7250864989101,7
hobby_level2_dial26,3,68.71563267241036,8
hobby_level2_dial26,4,74.7250864989101,7
hobby_level2_dial26,5,74.7250864989101,6
hobby_level2_dial26,6,74.58924149551174,12
food_level2_dial2,1,72.81842985561022,7
food_level2_dial2,2,58.85956376097162,5
food_level2_dial2,3,62.64657230035192,5
food_level2_dial2,4,58.85956376097162,4
food_level2_dial2,5,58.85956376097162,4
food_level2_dial2,6,68.60482098647616,9
hobby_level2_dial27,1,75.36612300543413,7
hobby_level2_dial27,2,58.75134296403861,6
hobby_level2_dial27,3,75.36612300543413,7
hobby_level2_dial27,4,78.50590198257785,8
hobby_level2_dial27,5,70.87433094528369,7
hobby_level2_dial27,6,70.1320772304158,3
food_level1_dial20,1,73.88679815885193,7
food_level1_dial20,2,62.00464890985314,7
food_level1_dial20,3,62.00464890985314,6
food_level1_dial20,4,62.00464890985314,7
food_level1_dial20,5,69.08994224480914,7
food_level1_dial20,6,73.88679815885193,6
hobby_level3_dial2,1,74.36821232879164,5
hobby_level3_dial2,2,74.36821232879164,4
hobby_level3_dial2,3,74.44201806501377,8
hobby_level3_dial2,4,66.892114349004,5
hobby_level3_dial2,5,74.44201806501377,11
hobby_level3_dial2,6,74.41475364894332,9
food_level2_dial20,1,70.29100451557692,7
food_level2_dial20,2,71.06638897369136,7
food_level2_dial20,3,71.06638897369136,6
top25_dial29,1,53.67536971692183,6
top25_dial29,2,53.67536971692183,4
top25_dial29,3,56.51821188979075,9
top25_dial29,4,55.231923643249964,5
top25_dial29,5,53.67536971692183,8
top25_dial29,6,46.20249286481617,10
food_level3_dial1,1,72.81842985561022,5
food_level3_dial1,2,66.29262783510003,8
food_level3_dial1,3,65.67752572393833,6
food_level3_dial1,4,73.88679815885193,5
food_level3_dial1,5,65.67752572393833,4
food_level3_dial1,6,70.53118030474701,8
hobby_level3_dial20,1,60.280575876048026,6
hobby_level3_dial20,2,58.78476783323091,9
hobby_level3_dial20,3,45.27965636801019,5
hobby_level3_dial20,4,51.37305187989641,4
hobby_level3_dial20,5,52.79127983321446,7
hobby_level3_dial20,6,75.79825804346409,7
top25_dial57,1,77.76143100892114,6
top25_dial57,2,77.76143100892114,4
top25_dial57,3,77.76143100892114,4
top25_dial57,4,54.38959128412935,4
top25_dial57,5,77.76143100892114,6
top25_dial57,6,77.76143100892114,8
food_level1_dial21,1,74.08581463163256,4
food_level1_dial21,2,72.51463620309511,7
food_level1_dial21,3,72.51463620309511,4
food_level1_dial21,4,65.25019531026206,7
food_level1_dial21,5,72.51463620309511,7
food_level1_dial21,6,51.02158022703073,7
hobby_level2_dial28,1,76.54564422309369,5
hobby_level2_dial28,2,76.54564422309369,9
hobby_level2_dial28,3,76.54564422309369,9
hobby_level2_dial28,4,61.97547281986108,8
hobby_level2_dial28,5,52.21303384982115,8
hobby_level2_dial28,6,72.98308028686894,7
top25_dial3,1,70.94257385368259,7
top25_dial3,2,64.53465420079056,7
top25_dial3,3,72.62759368566145,8
top25_dial3,4,73.98846278652002,10
top25_dial3,5,73.19012570279138,8
top25_dial3,6,70.94257385368259,7
top25_dial3,7,74.74489340585639,8
food_level3_dial4,1,75.55322281906102,8
food_level3_dial4,2,70.86987520838576,6
food_level3_dial4,3,70.86987520838576,7
food_level3_dial4,4,73.10694625606884,3
food_level3_dial4,5,71.82858967283883,4
food_level3_dial4,6,73.74553767545126,6
top25_dial1,1,75.24521454136979,10
top25_dial1,2,65.95234653038438,7
top25_dial1,3,66.78221158611471,12
top25_dial1,4,73.74553767545126,8
top25_dial1,5,73.74553767545126,11
top25_dial1,6,75.04493121366598,6
food_level2_dial21,1,52.738110720678556,6
food_level2_dial21,2,66.60155316699242,4
food_level2_dial21,3,66.60155316699242,5
food_level2_dial21,4,72.7401794583582,6
food_level2_dial21,5,69.6726929413039,6
food_level2_dial21,6,61.99925752368488,10
hobby_level3_dial21,1,72.28887674947207,13
hobby_level3_dial21,2,74.01994976412779,6
hobby_level3_dial21,3,76.30935266246493,14
hobby_level3_dial21,4,74.01994976412779,6
hobby_level3_dial21,5,74.01994976412779,8
hobby_level3_dial21,6,72.28887674947207,9
hobby_level1_dial6,1,77.01157165746032,8
hobby_level1_dial6,2,63.210809257167156,4
hobby_level1_dial6,3,63.210809257167156,11
hobby_level1_dial6,4,63.210809257167156,8
hobby_level1_dial6,5,75.04493121366598,6
hobby_level1_dial6,6,73.88679815885193,7
food_level1_dial22,1,75.9513463013651,7
food_level1_dial22,2,75.9513463013651,7
food_level1_dial22,3,75.9513463013651,6
food_level1_dial22,4,71.52589941517908,8
food_level1_dial22,5,75.79926057380779,6
food_level1_dial22,6,75.79926057380779,6
hobby_level3_dial22,1,78.38972379804069,5
hobby_level3_dial22,2,78.38972379804069,8
hobby_level3_dial22,3,78.38972379804069,10
hobby_level3_dial22,4,73.53387768766122,8
food_level1_dial23,1,73.88679815885193,6
food_level1_dial23,2,65.64075723199068,4
food_level1_dial23,3,65.64075723199068,9
food_level1_dial23,4,65.64075723199068,6
food_level1_dial23,5,60.522288707155084,8
food_level1_dial23,6,60.522288707155084,9
food_level2_dial22,1,73.25842124557866,5
food_level2_dial22,2,73.25842124557866,5
food_level2_dial22,3,73.25842124557866,5
food_level2_dial22,4,73.25842124557866,4
food_level2_dial22,5,66.78221158611471,6
food_level2_dial22,6,73.88679815885193,5
hobby_level2_dial29,1,78.03256367604976,6
hobby_level2_dial29,2,64.22537317506517,5
hobby_level2_dial29,3,78.03256367604976,12
hobby_level2_dial29,4,78.03256367604976,6
hobby_level2_dial29,5,64.22537317506517,9
hobby_level2_dial29,6,66.50366682643039,10
hobby_level3_dial23,1,66.2192673853075,8
hobby_level3_dial23,2,68.22694968928005,8
hobby_level3_dial23,3,60.103025704740396,8
hobby_level3_dial23,4,59.096131138542034,5
hobby_level3_dial23,5,73.74553767545126,8
top25_dial30,1,50.4728683695642,5
top25_dial30,2,73.6025861245392,7
top25_dial30,3,50.4728683695642,7
top25_dial30,4,72.81842985561022,6
top25_dial30,5,71.59369518335927,10
top25_dial30,6,69.34483777585223,5
food_level1_dial3,1,72.98412944000421,6
food_level1_dial3,2,73.88679815885193,7
food_level1_dial3,3,72.98412944000421,14
food_level1_dial3,4,72.98412944000421,6
food_level1_dial3,5,72.98412944000421,7
food_level1_dial3,6,72.98412944000421,6
hobby_level1_dial7,1,70.12162931884129,7
hobby_level1_dial7,2,69.21427024744798,6
hobby_level1_dial7,3,69.21427024744798,5
hobby_level1_dial7,4,73.74553767545126,7
hobby_level1_dial7,5,71.11620821182652,8
hobby_level1_dial7,6,71.11620821182652,9
hobby_level2_dial3,1,69.70547462556445,4
hobby_level2_dial3,2,69.70547462556445,7
hobby_level2_dial3,3,69.70547462556445,8
hobby_level2_dial3,4,67.767838360877,6
hobby_level2_dial3,5,69.70547462556445,9
hobby_level2_dial3,6,73.11064137299637,5
food_level3_dial10,1,54.022780653571154,8
food_level3_dial10,2,63.71953762961849,11
food_level3_dial10,3,69.790170337289,6
food_level3_dial10,4,68.3938935320698,9
food_level3_dial10,5,64.92932151641037,7
food_level3_dial10,6,71.4382740994255,5
food_level1_dial4,1,62.64657230035192,5
food_level1_dial4,2,65.34116640324879,5
food_level1_dial4,3,73.74553767545126,9
food_level1_dial4,4,68.51150520545742,9
food_level1_dial4,5,68.15347779918449,7
food_level1_dial4,6,69.04893007096985,4
food_level3_dial6,1,55.0785151766689,6
food_level3_dial6,2,65.69924045088455,6
food_level3_dial6,3,67.77919703012934,7
food_level3_dial6,4,71.40281862256509,6
food_level3_dial6,5,66.2192673853075,8
food_level3_dial6,6,74.01405422180893,8
top25_dial31,1,64.04243417206098,8
top25_dial31,2,68.80652578508396,10
top25_dial31,3,64.04243417206098,6
top25_dial31,4,64.04243417206098,5
top25_dial31,5,55.82067837660101,3
top25_dial31,6,74.2884895457683,9
top25_dial10,1,76.49034945732592,7
top25_dial10,2,76.49034945732592,8
top25_dial10,3,76.49034945732592,9
top25_dial10,4,76.49034945732592,6
top25_dial10,5,76.49034945732592,9
top25_dial10,6,72.60933205439908,11
food_level2_dial23,1,69.81720345137215,5
food_level2_dial23,2,69.81720345137215,8
food_level2_dial23,3,69.81720345137215,6
food_level2_dial23,4,69.81720345137215,8
food_level2_dial23,5,68.0322971832823,8
food_level2_dial23,6,64.67383488594646,7
hobby_level3_dial24,1,46.20249286481617,4
hobby_level3_dial24,2,59.22346340590378,7
hobby_level3_dial24,3,73.74553767545126,6
hobby_level3_dial24,4,51.09543049625671,7
hobby_level3_dial24,5,56.51821188979075,5
hobby_level3_dial24,6,72.58442053799625,6
hobby_level2_dial30,1,76.60954912269972,5
hobby_level2_dial30,2,73.74553767545126,19
hobby_level2_dial30,3,76.60954912269972,7
hobby_level2_dial30,4,76.60954912269972,8
hobby_level2_dial30,5,76.60954912269972,8
hobby_level2_dial30,6,76.60954912269972,5
top25_dial58,1,65.4914348000919,7
top25_dial58,2,65.4914348000919,6
top25_dial58,3,65.4914348000919,6
top25_dial58,4,78.24432107388984,6
top25_dial58,5,73.22197878206113,8
top25_dial58,6,73.81826631132259,8
top25_dial58,7,65.22165203826142,6
hobby_level1_dial8,1,53.71069821815677,5
hobby_level1_dial8,2,66.892114349004,6
hobby_level1_dial8,3,54.29461017848633,5
top25_dial32,1,73.74553767545126,9
top25_dial32,2,73.74553767545126,9
top25_dial32,3,64.26348628323969,8
top25_dial32,4,64.26348628323969,11
top25_dial32,5,47.606604460440906,6
top25_dial32,6,65.93753038271326,7
food_level1_dial5,1,89.69078174358923,6
food_level1_dial5,2,89.69078174358923,5
food_level1_dial5,3,89.69078174358923,5
food_level1_dial5,4,89.69078174358923,9
food_level1_dial5,5,89.69078174358923,6
food_level1_dial5,6,89.69078174358923,12
top25_dial11,1,67.79172662609298,6
top25_dial11,2,67.79172662609298,10
top25_dial11,3,67.79172662609298,12
top25_dial11,4,63.387662774580406,4
top25_dial11,5,77.01314765373426,7
top25_dial11,6,81.00927260539741,5
food_level3_dial7,1,72.34706900385615,7
food_level3_dial7,2,62.61873111892962,5
food_level3_dial7,3,73.77478266137318,5
food_level3_dial7,4,66.50366682643039,5
food_level3_dial7,5,72.34706900385615,10
food_level3_dial7,6,68.32996501751907,6
hobby_level2_dial31,1,73.25675365518437,8
hobby_level2_dial31,2,73.25675365518437,8
hobby_level2_dial31,3,73.25675365518437,7
hobby_level2_dial31,4,64.36216754681563,8
hobby_level2_dial31,5,73.25675365518437,12
hobby_level2_dial31,6,73.25675365518437,7
hobby_level1_dial9,1,56.6468715587263,6
hobby_level1_dial9,2,68.85475289885296,10
hobby_level1_dial9,3,58.55508592168395,6
hobby_level1_dial9,4,62.09538770681209,2
hobby_level1_dial9,5,61.326043753752614,13
hobby_level1_dial9,6,58.55508592168395,7
food_level3_dial11,1,68.20606353081861,8
food_level3_dial11,2,68.20606353081861,6
food_level3_dial11,3,70.28615244085167,8
food_level3_dial11,4,68.20606353081861,4
food_level3_dial11,5,68.20606353081861,5
food_level3_dial11,6,73.88679815885193,9
top25_dial59,1,57.5480600710042,5
top25_dial59,2,71.21677248091812,8
top25_dial59,3,62.38413895181226,5
top25_dial59,4,66.2192673853075,5
top25_dial59,5,73.74553767545126,4
top25_dial59,6,63.71953762961849,6
food_level1_dial6,1,75.08980607725223,8
food_level1_dial6,2,73.88679815885193,8
food_level1_dial6,3,75.08980607725223,4
food_level1_dial6,4,75.08980607725223,3
food_level1_dial6,5,75.08980607725223,5
food_level1_dial6,6,68.0322971832823,4
hobby_level2_dial32,1,53.66935196748158,7
hobby_level2_dial32,2,69.86356937142124,8
hobby_level2_dial32,3,63.619562623175526,7
hobby_level2_dial32,4,70.81113742870838,17
hobby_level2_dial32,5,58.73135706330676,6
hobby_level2_dial32,6,75.35856645628441,5
food_level3_dial12,1,51.26181917496012,5
food_level3_dial12,2,72.95140940427551,9
food_level3_dial12,3,72.95140940427551,6
food_level3_dial12,4,72.95140940427551,5
food_level3_dial12,5,66.2192673853075,6
food_level3_dial12,6,68.15347779918449,5
food_level3_dial12,7,68.51150520545742,12
food_level3_dial8,1,74.72522967057017,9
food_level3_dial8,2,74.72522967057017,7
food_level3_dial8,3,74.72522967057017,6
food_level3_dial8,4,50.07403889022753,7
food_level3_dial8,5,53.85642272543706,6
food_level3_dial8,6,71.92662290385309,6
food_level1_dial7,1,74.86083388915026,7
food_level1_dial7,2,69.01168982147016,13
food_level1_dial7,3,62.64657230035192,5
hobby_level2_dial33,1,75.91781234156605,3
hobby_level2_dial33,2,75.91781234156605,9
hobby_level2_dial33,3,75.91781234156605,10
hobby_level2_dial33,4,75.91781234156605,6
hobby_level2_dial33,5,75.91781234156605,6
hobby_level2_dial33,6,60.616018916607395,6
food_level3_dial13,1,75.79928946576022,4
food_level3_dial13,2,75.79928946576022,6
food_level3_dial13,3,75.79928946576022,3
food_level3_dial13,4,75.79928946576022,6
food_level3_dial13,5,75.79928946576022,7
food_level3_dial13,6,61.095487458848375,7
food_level2_dial24,1,69.6726929413039,6
food_level2_dial24,2,71.59369518335927,14
food_level2_dial24,3,69.6726929413039,5
food_level2_dial24,4,61.657130631773796,6
food_level2_dial24,5,66.78221158611471,8
food_level2_dial24,6,64.41503233231656,5
food_level3_dial14,1,75.13142530913339,6
food_level3_dial14,2,75.13142530913339,6
food_level3_dial14,3,75.13142530913339,7
food_level3_dial14,4,75.13142530913339,6
food_level3_dial14,5,71.18900937931896,6
food_level3_dial14,6,72.19862692587803,8
top25_dial33,1,77.1153630724849,11
top25_dial33,2,77.1153630724849,6
top25_dial33,3,77.1153630724849,9
top25_dial33,4,72.00536715504825,8
top25_dial33,5,77.1153630724849,5
top25_dial33,6,62.04093671173904,4
hobby_level3_dial26,1,53.83339463257134,6
hobby_level3_dial26,2,56.27276374275878,8
hobby_level3_dial26,3,67.09318188411437,9
hobby_level3_dial26,4,53.83339463257134,4
hobby_level3_dial26,5,58.7869432941362,7
hobby_level3_dial26,6,70.53118030474701,13
top25_dial35,1,61.26808270849647,5
top25_dial35,2,61.26808270849647,6
top25_dial35,3,61.26808270849647,9
top25_dial35,4,76.10411557627184,4
top25_dial35,5,70.6235246500125,8
food_level1_dial8,1,73.88679815885193,6
food_level1_dial8,2,52.630475257426745,6
food_level1_dial8,3,56.27276374275878,8
food_level1_dial8,4,68.15347779918449,8
food_level1_dial8,5,52.65483932122371,7
food_level1_dial8,6,70.17412313282381,7
food_level3_dial9,1,72.81842985561022,6
food_level3_dial9,2,61.19947822117507,10
food_level3_dial9,3,61.19947822117507,5
food_level3_dial9,4,72.81842985561022,5
food_level3_dial9,5,61.19947822117507,8
food_level3_dial9,6,65.99007847798995,6
hobby_level2_dial1,1,67.63300900038197,9
hobby_level2_dial1,2,67.85912503555386,7
hobby_level2_dial1,3,72.55840320541522,10
hobby_level2_dial1,4,62.34955552376593,8
hobby_level2_dial1,5,51.02158022703073,8
hobby_level2_dial1,6,73.74553767545126,14
food_level1_dial9,1,73.01709094121743,9
food_level1_dial9,2,74.6734495723538,7
food_level1_dial9,3,73.01709094121743,7
food_level1_dial9,4,73.88679815885193,5
food_level1_dial9,5,73.01709094121743,5
food_level1_dial9,6,64.04874122636963,5
top25_dial6,1,44.380909726681715,5
top25_dial6,2,71.59369518335927,6
top25_dial6,3,50.4728683695642,7
top25_dial6,4,52.82566866261219,6
top25_dial6,5,44.94097461267338,6
top25_dial6,6,71.82858967283883,9
food_level3_dial15,1,54.072889220552575,5
food_level3_dial15,2,54.072889220552575,4
food_level3_dial15,3,44.380909726681715,6
food_level3_dial15,4,68.63767075847551,7
food_level3_dial15,5,54.072889220552575,7
food_level3_dial15,6,75.30941986879564,6
top25_dial36,1,68.79101721365134,5
top25_dial36,2,73.74553767545126,7
top25_dial36,3,75.1420397315679,8
top25_dial36,4,68.79101721365134,5
top25_dial36,5,68.79101721365134,9
top25_dial36,6,75.77321193958267,6
food_level2_dial1,1,74.00394942493737,6
food_level2_dial1,2,67.44264529251545,4
food_level2_dial1,3,74.96548907518283,7
food_level2_dial1,4,74.96548907518283,10
food_level2_dial1,5,74.96548907518283,9
food_level2_dial1,6,74.96548907518283,9
food_level3_dial16,1,72.81842985561022,7
food_level3_dial16,2,72.81152905806344,10
food_level3_dial16,3,64.04874122636963,5
food_level3_dial16,4,72.81152905806344,5
food_level3_dial16,5,73.74553767545126,8
food_level3_dial16,6,71.93967681589999,8
top25_dial12,1,70.53118030474701,9
top25_dial12,2,72.98308028686894,12
top25_dial12,3,67.86798081972195,9
hobby_level1_dial1,1,78.52606692847789,6
hobby_level1_dial1,2,78.52606692847789,8
hobby_level1_dial1,3,78.52606692847789,6
hobby_level1_dial1,4,50.91892486858241,4
hobby_level1_dial1,5,78.52606692847789,9
hobby_level1_dial1,6,78.52606692847789,8
hobby_level1_dial1,7,74.60327590024673,11
hobby_level2_dial10,1,75.40185310958478,7
hobby_level2_dial10,2,75.40185310958478,10
hobby_level2_dial10,3,75.40185310958478,10
hobby_level2_dial10,4,75.55322281906102,8
hobby_level2_dial10,5,75.40185310958478,6
hobby_level2_dial10,6,60.03540936592094,5
hobby_level3_dial27,1,69.35298488430645,5
hobby_level3_dial27,2,69.35298488430645,13
hobby_level3_dial27,3,71.42177649019536,5
hobby_level3_dial27,4,62.5006317982525,5
hobby_level3_dial27,5,68.51150520545742,6
hobby_level3_dial27,6,56.27276374275878,4
hobby_level3_dial27,7,71.4543684948838,9
food_level2_dial25,1,74.62856801980135,5
food_level2_dial25,2,74.62856801980135,6
food_level2_dial25,3,74.62856801980135,8
food_level2_dial25,4,56.214505476244916,6
food_level2_dial25,5,74.62856801980135,8
food_level2_dial25,6,74.62856801980135,8
food_level2_dial25,7,74.62856801980135,6
hobby_level2_dial34,1,70.89487385851642,4
hobby_level2_dial34,2,65.93376238874761,7
hobby_level2_dial34,3,65.93376238874761,8
hobby_level2_dial34,4,65.93376238874761,8
hobby_level2_dial34,5,65.93376238874761,9
hobby_level2_dial34,6,73.74553767545126,7
hobby_level2_dial34,7,69.790170337289,8
hobby_level1_dial10,1,73.97040850556392,6
hobby_level1_dial10,2,73.97040850556392,10
hobby_level1_dial10,3,70.89487385851642,6
hobby_level1_dial10,4,61.31798255862054,4
hobby_level1_dial10,5,71.25088059593725,7
hobby_level3_dial28,1,75.19175243313627,13
hobby_level3_dial28,2,67.1686283494595,7
hobby_level3_dial28,3,73.74553767545126,7
food_level3_dial18,1,75.32036904594804,6
food_level3_dial18,2,75.32036904594804,4
food_level3_dial18,3,75.32036904594804,6
food_level3_dial18,4,75.32036904594804,5
food_level3_dial18,5,75.32036904594804,6
food_level3_dial18,6,75.32036904594804,4
food_level2_dial26,1,52.26434365794537,7
food_level2_dial26,2,76.85325048153027,12
food_level2_dial26,3,71.29127406072301,5
food_level2_dial26,4,73.98846278652002,6
food_level2_dial26,5,73.74553767545126,8
food_level2_dial26,6,62.64657230035192,4
hobby_level3_dial29,1,70.97056500629996,5
hobby_level3_dial29,2,69.09821135504491,6
hobby_level3_dial29,3,74.53481666033173,8
hobby_level3_dial29,4,70.97056500629996,5
hobby_level3_dial29,5,70.97056500629996,9
hobby_level3_dial29,6,62.48233433151812,7
hobby_level3_dial29,7,62.48233433151812,5
top25_dial13,1,73.45082304359863,9
top25_dial13,2,73.45082304359863,10
top25_dial13,3,73.45082304359863,6
top25_dial13,4,76.10411557627184,4
top25_dial13,5,73.45082304359863,9
top25_dial13,6,70.53118030474701,10
top25_dial37,1,73.88679815885193,6
top25_dial37,2,72.32785443417126,7
top25_dial37,3,73.60531108605979,10
top25_dial37,4,73.20996899109264,4
top25_dial37,5,73.20996899109264,9
top25_dial37,6,68.80652578508396,8
food_level2_dial27,1,75.63934033914296,7
food_level2_dial27,2,75.63934033914296,5
food_level2_dial27,3,75.63934033914296,8
food_level2_dial27,4,75.63934033914296,8
food_level2_dial27,5,75.63934033914296,7
food_level2_dial27,6,70.8090411891734,7
food_level2_dial27,7,70.8090411891734,7
food_level3_dial19,1,72.98412944000421,4
food_level3_dial19,2,72.98412944000421,5
food_level3_dial19,3,73.88679815885193,8
food_level3_dial19,4,73.88679815885193,8
food_level3_dial19,5,77.58606081902472,6
food_level3_dial19,6,67.69653519083,10
top25_dial15,1,78.50590198257785,8
top25_dial15,2,78.50590198257785,9
top25_dial15,3,78.50590198257785,7
top25_dial15,4,78.50590198257785,6
top25_dial15,5,78.50590198257785,6
top25_dial15,6,38.03153960976269,3
top25_dial60,1,75.48413877744377,5
top25_dial60,2,75.48413877744377,5
top25_dial60,3,75.48413877744377,8
top25_dial60,4,66.2192673853075,6
top25_dial60,5,62.287901163823996,5
top25_dial60,6,73.74553767545126,4
top25_dial60,7,67.85912503555386,11
food_level2_dial28,1,73.36901448076091,6
food_level2_dial28,2,73.36901448076091,4
food_level2_dial28,3,72.742805539839,6
food_level2_dial28,4,73.36901448076091,4
food_level2_dial28,5,73.36901448076091,5
food_level2_dial28,6,72.14730861745508,10
hobby_level1_dial11,1,52.41534289220329,3
hobby_level1_dial11,2,73.88679815885193,6
hobby_level1_dial11,3,54.24965335430995,6
hobby_level1_dial11,4,52.41534289220329,4
hobby_level1_dial11,5,74.95097431066993,4
hobby_level1_dial11,6,74.95097431066993,7
hobby_level2_dial11,1,70.53118030474701,7
hobby_level2_dial11,2,60.18765364834855,10
hobby_level2_dial11,3,60.18765364834855,4
hobby_level2_dial11,4,60.18765364834855,6
hobby_level2_dial11,5,67.6653119444198,10
hobby_level2_dial11,6,60.18765364834855,5
food_level3_dial20,1,62.90013757095786,4
food_level3_dial20,2,62.90013757095786,5
food_level3_dial20,3,62.90013757095786,6
food_level3_dial20,4,62.90013757095786,5
food_level3_dial20,5,73.88679815885193,6
food_level3_dial20,6,73.88679815885193,5
food_level3_dial20,7,73.88679815885193,6
food_level2_dial10,1,71.76592744080733,8
food_level2_dial10,2,74.6988536495343,5
food_level2_dial10,3,64.22537317506517,9
food_level2_dial10,4,74.6988536495343,5
food_level2_dial10,5,71.7114440337473,5
food_level2_dial10,6,74.35683371661908,9
top25_dial61,1,61.90883396879275,8
top25_dial61,2,65.16630705785822,5
top25_dial61,3,67.85912503555386,7
top25_dial61,4,67.09318188411437,10
top25_dial61,5,67.85912503555386,12
top25_dial61,6,74.67499302750561,9
hobby_level1_dial12,1,52.51192204100172,9
hobby_level1_dial12,2,60.280575876048026,10
hobby_level1_dial12,3,66.78221158611471,8
hobby_level1_dial12,4,67.60727455129337,5
hobby_level1_dial12,5,63.85725944170878,9
hobby_level1_dial12,6,49.87725462928127,4
food_level2_dial11,1,38.02376035778892,4
food_level2_dial11,2,74.3673821811043,6
food_level2_dial11,3,74.3673821811043,5
food_level2_dial11,4,78.35052752441464,9
food_level2_dial11,5,74.3673821811043,8
food_level2_dial11,6,65.80527740507286,5
top25_dial38,1,73.74553767545126,6
top25_dial38,2,69.17271670204076,6
top25_dial38,3,69.17271670204076,9
top25_dial38,4,50.5247306124844,3
top25_dial38,5,50.5247306124844,7
top25_dial38,6,64.72423677440445,7
food_level2_dial29,1,89.69078174358923,6
food_level2_dial29,2,89.69078174358923,4
food_level2_dial29,3,89.69078174358923,6
food_level2_dial29,4,89.69078174358923,5
food_level2_dial29,5,75.73012684827974,11
food_level2_dial29,6,89.69078174358923,6
top25_dial16,1,74.2801342996931,8
top25_dial16,2,74.2801342996931,7
top25_dial16,3,74.2801342996931,6
top25_dial16,4,74.2801342996931,6
top25_dial16,5,74.2801342996931,9
top25_dial16,6,76.10411557627184,5
hobby_level1_dial13,1,73.71457473389975,4
hobby_level1_dial13,2,73.98846278652002,15
hobby_level1_dial13,3,57.598962625460985,6
hobby_level1_dial13,4,73.74553767545126,13
hobby_level1_dial13,5,73.88679815885193,6
hobby_level1_dial13,6,68.85475289885296,7
hobby_level2_dial36,1,59.93814383975234,4
hobby_level2_dial36,2,73.88679815885193,9
hobby_level2_dial36,3,55.55722684364316,4
hobby_level2_dial36,4,70.299065058215,5
hobby_level2_dial36,5,66.78221158611471,6
hobby_level2_dial36,6,61.75783981761347,5
hobby_level2_dial37,1,70.89487385851642,5
hobby_level2_dial37,2,73.88679815885193,7
hobby_level2_dial37,3,58.99547471392273,4
hobby_level2_dial37,4,61.2089726283258,7
hobby_level2_dial37,5,75.46499704221448,8
hobby_level2_dial37,6,69.40509003595173,7
food_level2_dial3,1,73.88679815885193,8
food_level2_dial3,2,73.88679815885193,6
food_level2_dial3,3,68.9446149742586,6
food_level2_dial3,4,73.98846278652002,6
food_level2_dial3,5,58.634717272432574,5
food_level2_dial3,6,66.892114349004,8
hobby_level2_dial38,1,76.77468261568994,6
hobby_level2_dial38,2,76.77468261568994,7
hobby_level2_dial38,3,73.88679815885193,7
hobby_level2_dial38,4,65.96271449594568,5
hobby_level2_dial38,5,72.00536715504825,17
hobby_level2_dial38,6,75.66331289851902,7
top25_dial4,1,72.81842985561022,8
top25_dial4,2,71.82858967283883,9
top25_dial4,3,70.4813384778284,7
top25_dial4,4,70.4813384778284,7
top25_dial4,5,73.19012570279138,7
top25_dial4,6,68.51150520545742,7
hobby_level1_dial14,1,69.64142574831949,5
hobby_level1_dial14,2,69.64142574831949,5
hobby_level1_dial14,3,69.64142574831949,4
hobby_level1_dial14,4,69.64142574831949,4
hobby_level1_dial14,5,71.4153277974881,9
hobby_level1_dial14,6,69.64142574831949,5
top25_dial62,1,73.74553767545126,7
top25_dial62,2,67.78605306659747,9
top25_dial62,3,51.02158022703073,7
top25_dial62,4,68.51150520545742,9
top25_dial62,5,73.74553767545126,5
top25_dial62,6,72.3056883550198,5
food_level3_dial21,1,75.17865689297986,4
food_level3_dial21,2,75.17865689297986,5
food_level3_dial21,3,75.17865689297986,4
food_level3_dial21,4,75.17865689297986,7
food_level3_dial21,5,75.17865689297986,5
food_level3_dial21,6,71.5524755014118,4
hobby_level3_dial3,1,55.55722684364316,5
hobby_level3_dial3,2,78.32180404309813,7
hobby_level3_dial3,3,74.93038003680803,9
hobby_level3_dial3,4,66.2192673853075,8
hobby_level2_dial4,1,44.541429959090706,5
hobby_level2_dial4,2,64.41865614484632,10
hobby_level2_dial4,3,53.88494142804202,7
hobby_level2_dial4,4,49.00588629110382,6
hobby_level2_dial4,5,74.01405422180893,6
hobby_level2_dial4,6,73.88679815885193,12
top25_dial17,1,75.57402222464444,8
top25_dial17,2,69.2170184007431,6
top25_dial17,3,71.82858967283883,7
top25_dial17,4,64.42085576924644,5
top25_dial17,5,68.0322971832823,7
top25_dial17,6,56.405836477601774,9
hobby_level2_dial5,1,75.36612300543413,10
hobby_level2_dial5,2,70.32718955991601,9
hobby_level2_dial5,3,75.36612300543413,6
hobby_level2_dial5,4,75.36612300543413,7
hobby_level3_dial30,1,66.30781888619636,4
hobby_level3_dial30,2,66.30781888619636,23
hobby_level3_dial30,3,70.1323953502039,4
hobby_level3_dial30,4,70.1323953502039,7
hobby_level3_dial30,5,69.40660896749374,11
hobby_level3_dial30,6,53.28689058123618,6
hobby_level3_dial30,7,65.71805406048543,8
hobby_level3_dial32,1,67.47337925359925,4
hobby_level3_dial32,2,78.12090438636542,8
hobby_level2_dial6,1,58.231258949839095,6
hobby_level2_dial6,2,58.231258949839095,6
hobby_level2_dial6,3,72.55816390394628,3
hobby_level2_dial6,4,73.74553767545126,6
hobby_level2_dial6,5,71.23188322831919,8
hobby_level2_dial6,6,75.15276155822947,5
hobby_level1_dial15,1,73.92900157016184,7
hobby_level1_dial15,2,69.36495755625258,7
hobby_level1_dial15,3,72.7230283468409,5
hobby_level1_dial15,4,67.643063696139,3
hobby_level1_dial15,5,70.65624904735445,8
hobby_level1_dial15,6,73.92900157016184,6
top25_dial40,1,71.12579422633122,7
top25_dial40,2,71.12579422633122,9
top25_dial40,3,71.12579422633122,4
top25_dial40,4,71.12579422633122,14
top25_dial40,5,73.74553767545126,8
top25_dial40,6,68.57754543470931,6
top25_dial63,1,61.777467368371454,5
top25_dial63,2,74.74489340585639,5
top25_dial63,3,74.43358215614508,7
top25_dial63,4,75.61336530772549,3
top25_dial63,5,76.2676577316838,5
top25_dial63,6,53.28689058123618,5
hobby_level2_dial12,1,60.115423336037786,8
hobby_level2_dial12,2,60.115423336037786,5
hobby_level2_dial12,3,74.90013136931526,6
hobby_level2_dial12,4,63.66003682206708,6
hobby_level2_dial12,5,58.73135706330676,12
hobby_level2_dial12,6,70.53118030474701,9
hobby_level2_dial12,7,74.57640656248357,10
food_level2_dial30,1,74.46080803869663,8
food_level2_dial30,2,74.46080803869663,6
food_level2_dial30,3,74.46080803869663,14
food_level2_dial30,4,74.46080803869663,6
food_level2_dial30,5,74.46080803869663,9
food_level2_dial30,6,53.28689058123618,4
top25_dial18,1,73.74553767545126,8
top25_dial18,2,69.14681584999357,4
top25_dial18,3,73.28760766812704,6
top25_dial18,4,73.28760766812704,4
top25_dial18,5,69.14681584999357,7
top25_dial18,6,72.81681594708014,4
food_level3_dial22,1,74.30753762101196,10
food_level3_dial22,2,74.30753762101196,7
food_level3_dial22,3,67.85912503555386,5
food_level3_dial22,4,74.30753762101196,8
food_level3_dial22,5,60.678426564151884,5
food_level3_dial22,6,71.85261561962092,4
hobby_level2_dial14,1,51.26181917496012,6
hobby_level2_dial14,2,72.60820517139966,5
hobby_level2_dial14,3,74.11390033517567,9
hobby_level2_dial14,4,74.70456766356173,14
hobby_level2_dial14,5,75.35856645628441,7
hobby_level2_dial14,6,74.70456766356173,7
food_level3_dial23,1,72.64265145129865,5
food_level3_dial23,2,67.8630742393885,6
food_level3_dial23,3,71.66595884953637,7
food_level3_dial23,4,53.71963322969564,5
food_level3_dial23,5,70.299065058215,5
food_level3_dial23,6,52.263071880283604,6
top25_dial64,1,73.74553767545126,8
top25_dial64,2,73.74553767545126,12
hobby_level2_dial15,1,61.44515039397412,6
hobby_level2_dial15,2,67.88258345438894,7
hobby_level2_dial15,3,53.88494142804202,6
hobby_level2_dial15,4,66.78221158611471,7
hobby_level2_dial15,5,74.47632293894127,6
hobby_level2_dial15,6,70.38157129344363,7
top25_dial41,1,73.10176851925168,6
top25_dial41,2,73.10176851925168,14
top25_dial41,3,73.10176851925168,5
top25_dial41,4,73.10176851925168,5
top25_dial41,5,75.1679361289025,10
top25_dial41,6,75.95126154710836,6
hobby_level2_dial7,1,71.82858967283883,5
hobby_level2_dial7,2,72.81842985561022,8
hobby_level2_dial7,3,54.94646407388757,5
hobby_level2_dial7,4,74.58709947672394,8
hobby_level2_dial7,5,66.96932847913902,8
hobby_level2_dial7,6,67.85912503555386,9
top25_dial19,1,74.39246861331357,10
top25_dial19,2,73.59155600484601,9
top25_dial19,3,74.39246861331357,9
top25_dial19,4,45.41952431838881,6
top25_dial19,5,73.59155600484601,6
top25_dial19,6,72.81842985561022,8
hobby_level2_dial16,1,68.70244284680739,5
hobby_level2_dial16,2,74.9616386479735,22
hobby_level2_dial16,3,72.81842985561022,6
food_level2_dial31,1,73.5121964144542,5
food_level2_dial31,2,70.60168640293679,3
food_level2_dial31,3,73.74553767545126,5
food_level2_dial31,4,70.60168640293679,9
food_level2_dial31,5,74.71835527118914,9
food_level2_dial31,6,53.28689058123618,5
top25_dial65,1,72.81842985561022,8
top25_dial65,2,72.81842985561022,8
top25_dial65,3,70.10438350757052,9
top25_dial65,4,69.39637346296642,7
top25_dial65,5,70.10438350757052,5
top25_dial65,6,73.74553767545126,9
food_level3_dial24,1,73.63252369317289,8
food_level3_dial24,2,73.63252369317289,6
food_level3_dial24,3,73.63252369317289,7
food_level3_dial24,4,73.63252369317289,10
food_level3_dial24,5,73.63252369317289,7
food_level3_dial24,6,50.86702962043274,5
hobby_level2_dial17,1,66.7993437655172,5
hobby_level2_dial17,2,72.01009658648506,7
hobby_level2_dial17,3,66.7993437655172,7
hobby_level2_dial17,4,60.44734541532902,4
hobby_level2_dial17,5,68.65698828845095,12
hobby_level2_dial17,6,68.51150520545742,8
top25_dial20,1,73.88679815885193,6
top25_dial20,2,72.81842985561022,8
top25_dial20,3,72.98308028686894,12
top25_dial20,4,70.62042325339296,6
top25_dial20,5,67.85912503555386,6
top25_dial20,6,67.85912503555386,7
top25_dial42,1,68.85475289885296,5
top25_dial42,2,61.978591848318906,8
top25_dial42,3,75.00132155895952,8
top25_dial42,4,70.45934007130484,5
top25_dial42,5,71.82858967283883,5
top25_dial42,6,61.978591848318906,6
top25_dial21,1,79.64557898699046,11
top25_dial21,2,49.93383816957521,6
top25_dial21,3,79.64557898699046,7
top25_dial21,4,66.2192673853075,5
top25_dial21,5,62.96803028341476,6
top25_dial21,6,79.64557898699046,6
top25_dial21,7,79.64557898699046,7
top25_dial66,1,80.59846412902978,5
top25_dial66,2,80.59846412902978,7
hobby_level2_dial18,1,72.716258195155,3
hobby_level2_dial18,2,74.43448308544329,5
hobby_level2_dial18,3,72.716258195155,7
hobby_level2_dial18,4,72.716258195155,8
hobby_level2_dial18,5,75.43217188464091,8
hobby_level2_dial18,6,72.81842985561022,13
food_level2_dial33,1,66.42440490558549,5
food_level2_dial33,2,69.35298488430645,3
food_level2_dial33,3,74.08581463163256,4
food_level2_dial33,4,74.40236436749402,6
food_level2_dial33,5,73.88679815885193,8
food_level2_dial33,6,68.0322971832823,8
top25_dial43,1,75.19116134694988,7
top25_dial43,2,75.19116134694988,8
top25_dial43,3,75.19116134694988,7
top25_dial43,4,75.19116134694988,7
top25_dial43,5,75.19116134694988,6
top25_dial43,6,75.04493121366598,6
food_level3_dial25,1,74.06370136812237,8
food_level3_dial25,2,74.06370136812237,4
food_level3_dial25,3,74.06370136812237,11
food_level3_dial25,4,74.06370136812237,5
food_level3_dial25,5,74.06370136812237,6
food_level3_dial25,6,74.06370136812237,4
hobby_level2_dial8,1,70.53118030474701,9
hobby_level2_dial8,2,73.74553767545126,12
hobby_level2_dial8,3,68.84412830352925,7
hobby_level2_dial8,4,73.74553767545126,8
hobby_level2_dial8,5,68.84412830352925,6
hobby_level2_dial8,6,49.88242412931648,10
top25_dial22,1,71.82858967283883,5
top25_dial22,2,70.90422104782554,6
top25_dial22,3,69.73630664561429,7
top25_dial22,4,65.28689492466086,4
top25_dial22,5,67.767838360877,5
top25_dial22,6,74.41950496359861,5
top25_dial44,1,73.26980869668338,8
top25_dial44,2,73.74553767545126,9
top25_dial44,3,73.26980869668338,6
top25_dial44,4,73.74553767545126,14
top25_dial44,5,73.74553767545126,5
food_level2_dial34,1,69.790170337289,9
food_level2_dial34,2,64.22537317506517,13
food_level2_dial34,3,71.7114440337473,5
food_level2_dial34,4,63.783326704352596,6
food_level2_dial34,5,63.783326704352596,6
food_level2_dial34,6,61.326043753752614,9
hobby_level2_dial19,1,74.5360335916416,8
hobby_level2_dial19,2,67.85912503555386,10
hobby_level2_dial19,3,74.5360335916416,8
hobby_level2_dial19,4,74.5360335916416,5
hobby_level2_dial19,5,74.5360335916416,5
hobby_level2_dial19,6,71.82858967283883,4
top25_dial67,1,73.20315383576896,5
top25_dial67,2,73.20315383576896,5
top25_dial67,3,73.20315383576896,7
top25_dial67,4,73.20315383576896,8
top25_dial67,5,73.74553767545126,7
top25_dial67,6,73.20315383576896,6
top25_dial45,1,70.15922780239482,10
top25_dial45,2,68.80652578508396,8
top25_dial45,3,62.581083005292484,8
top25_dial45,4,80.86194102708622,7
top25_dial45,5,62.581083005292484,9
top25_dial45,6,42.99238659770239,10
food_level2_dial35,1,73.88679815885193,6
food_level2_dial35,2,60.98648739688768,8
food_level2_dial35,3,73.81239983761856,8
food_level2_dial35,4,74.40236436749402,12
food_level2_dial35,5,73.88679815885193,7
food_level2_dial35,6,75.35856645628441,12
top25_dial68,1,73.80421451321311,5
top25_dial68,2,74.23945248395641,8
top25_dial68,3,74.23945248395641,9
top25_dial68,4,73.80421451321311,7
top25_dial68,5,73.80421451321311,6
top25_dial68,6,73.88679815885193,7
top25_dial7,1,74.18273496729418,7
top25_dial7,2,38.02376035778892,4
top25_dial7,3,74.18273496729418,8
top25_dial7,4,71.01730417382515,8
top25_dial7,5,74.18273496729418,6
top25_dial7,6,60.616018916607395,5
top25_dial70,1,73.29848007716217,7
top25_dial70,2,73.29848007716217,6
top25_dial70,3,75.04493121366598,11
top25_dial70,4,73.29848007716217,6
top25_dial8,1,71.19352051987148,6
top25_dial8,2,68.41295095758959,6
top25_dial8,3,73.11169402413331,4
top25_dial8,4,71.42177649019536,4
top25_dial8,5,70.299065058215,5
top25_dial8,6,53.28689058123618,5
top25_dial9,1,77.1907118638101,8
top25_dial9,2,77.1907118638101,4
top25_dial9,3,77.1907118638101,8
top25_dial9,4,77.1907118638101,8
top25_dial9,5,77.1907118638101,7
top25_dial9,6,58.716956670154836,7
top25_dial47,1,69.89349566341386,10
top25_dial47,2,67.85912503555386,7
top25_dial47,3,66.41273721354685,4
top25_dial47,4,66.41273721354685,6
top25_dial47,5,66.41273721354685,6
top25_dial47,6,67.85912503555386,9
top25_dial47,7,67.85912503555386,9
top25_dial48,1,53.65250598188911,6
top25_dial48,2,72.81842985561022,11
top25_dial48,3,61.26888548618515,8
top25_dial48,4,68.51150520545742,9
top25_dial48,5,38.02376035778892,7
top25_dial48,6,68.71563267241036,8
top25_dial49,1,74.15825072979892,8
top25_dial49,2,69.97921352370562,6
top25_dial49,3,70.09131811134922,5
top25_dial49,4,53.28689058123618,5
top25_dial49,5,76.10411557627184,3
top25_dial49,6,73.74553767545126,5
