conv_id,turn_id,bertqpp_bi_oof
food_level3_dial26,1,0.49325352907180786
food_level3_dial26,2,0.42835092544555664
food_level3_dial26,3,0.6046559810638428
food_level3_dial26,4,0.7817238569259644
food_level3_dial26,5,0.6235061287879944
food_level3_dial26,6,0.7268610596656799
hobby_level1_dial16,1,0.7245270609855652
hobby_level1_dial16,2,0.5173810720443726
hobby_level1_dial16,3,0.3283444344997406
hobby_level1_dial16,4,0.5807157754898071
hobby_level1_dial16,5,0.7310880422592163
hobby_level1_dial16,6,0.4199412167072296
top25_dial5,1,0.3741111755371094
top25_dial5,2,0.40258216857910156
top25_dial5,3,0.4818972945213318
food_level2_dial36,1,0.7388138771057129
food_level2_dial36,2,0.39638134837150574
food_level2_dial36,3,0.7525391578674316
food_level2_dial36,4,0.4184780716896057
food_level2_dial36,5,0.5233166813850403
food_level3_dial27,1,0.32843488454818726
food_level3_dial27,2,0.5656740069389343
food_level3_dial27,3,0.6382038593292236
food_level3_dial27,4,0.3956812024116516
food_level3_dial27,5,0.4845728874206543
food_level3_dial27,6,0.7522305846214294
food_level2_dial37,1,0.36037513613700867
food_level2_dial37,2,0.7224758267402649
food_level2_dial37,3,0.5494778156280518
food_level2_dial37,4,0.20163412392139435
food_level2_dial37,5,0.4339982867240906
food_level2_dial37,6,0.7748245000839233
food_level2_dial12,1,0.4918881058692932
food_level2_dial12,2,0.4164476692676544
food_level2_dial12,3,0.25032955408096313
food_level2_dial12,4,0.29870128631591797
food_level2_dial12,5,0.29479920864105225
food_level2_dial12,6,0.48664557933807373
hobby_level2_dial2,1,0.3027459979057312
hobby_level2_dial2,2,0.2561419904232025
hobby_level2_dial2,3,0.22333645820617676
hobby_level2_dial2,4,0.308488130569458
hobby_level2_dial2,5,0.3604229986667633
hobby_level2_dial2,6,0.24677391350269318
hobby_level3_dial33,1,0.5053099393844604
hobby_level3_dial33,2,0.48972851037979126
hobby_level3_dial33,3,0.3084535598754883
hobby_level3_dial33,4,0.5887161493301392
hobby_level3_dial33,5,0.14002835750579834
hobby_level3_dial33,6,0.05110059678554535
food_level1_dial1,1,0.5093099474906921
food_level1_dial1,2,0.48376041650772095
hobby_level1_dial17,1,0.7584102749824524
hobby_level1_dial17,2,0.4215187430381775
hobby_level1_dial17,3,0.4708385169506073
hobby_level1_dial17,4,0.5422717332839966
hobby_level1_dial17,5,0.38115566968917847
hobby_level1_dial17,6,0.48162025213241577
top25_dial23,1,0.3851204514503479
top25_dial23,2,0.40536803007125854
top25_dial23,3,0.4340986907482147
top25_dial23,4,0.43544265627861023
top25_dial23,5,0.19904187321662903
top25_dial23,6,0.25487959384918213
food_level3_dial28,1,0.3256321847438812
food_level3_dial28,2,0.42350316047668457
food_level3_dial28,3,0.722149670124054
food_level3_dial28,4,0.2550491690635681
food_level3_dial28,5,0.6234491467475891
food_level3_dial28,6,0.8043791055679321
hobby_level2_dial20,1,0.4578568935394287
hobby_level2_dial20,2,0.5900646448135376
hobby_level2_dial20,3,0.5092530250549316
hobby_level2_dial20,4,0.45011264085769653
hobby_level2_dial20,5,0.3219645321369171
hobby_level2_dial20,6,0.5182154774665833
top25_dial50,1,0.3973942995071411
top25_dial50,2,0.5534037947654724
top25_dial50,3,0.18119403719902039
top25_dial50,4,0.43528974056243896
top25_dial50,5,0.28134244680404663
top25_dial50,6,0.29392939805984497
hobby_level3_dial34,1,0.5830778479576111
hobby_level3_dial34,2,0.3778998553752899
hobby_level3_dial34,3,0.46983182430267334
hobby_level3_dial34,4,0.41645461320877075
hobby_level3_dial34,5,0.015992647036910057
hobby_level3_dial34,6,0.20355519652366638
food_level1_dial10,1,0.8027248382568359
food_level1_dial10,2,0.6049385666847229
food_level1_dial10,3,0.5855146050453186
food_level1_dial10,4,0.3973318338394165
food_level1_dial10,5,0.4464070796966553
food_level1_dial10,6,0.5891643166542053
food_level2_dial38,1,0.6475030183792114
food_level2_dial38,2,0.31140637397766113
food_level2_dial38,3,0.6311154365539551
food_level2_dial38,4,0.37737226486206055
food_level2_dial38,5,0.34832316637039185
food_level2_dial38,6,0.07542766630649567
food_level2_dial38,7,0.6598917245864868
top25_dial24,1,0.40598952770233154
top25_dial24,2,0.5564945936203003
top25_dial24,3,0.33664125204086304
top25_dial24,4,0.4830995202064514
top25_dial24,5,0.5000144839286804
top25_dial24,6,0.5109368562698364
food_level3_dial29,1,0.7701975703239441
food_level3_dial29,2,0.48984968662261963
food_level3_dial29,3,0.48552343249320984
food_level3_dial29,4,0.4944995045661926
food_level3_dial29,5,0.5035276412963867
food_level3_dial29,6,0.5337973833084106
hobby_level2_dial9,1,0.3241306245326996
hobby_level2_dial9,2,0.38679686188697815
hobby_level2_dial9,3,0.11089629679918289
hobby_level2_dial9,4,0.5830711126327515
hobby_level2_dial9,5,0.6593024730682373
top25_dial51,1,0.5519235730171204
top25_dial51,2,0.605189859867096
top25_dial51,3,0.4512813687324524
top25_dial51,4,0.2944381833076477
top25_dial51,5,0.30256518721580505
top25_dial51,6,-0.0647292211651802
hobby_level3_dial35,1,0.4296444356441498
hobby_level3_dial35,2,0.558790385723114
hobby_level3_dial35,3,0.3950296640396118
hobby_level3_dial35,4,0.3767167329788208
hobby_level3_dial35,5,0.036014024168252945
hobby_level3_dial35,6,0.4889592230319977
hobby_level3_dial35,7,0.3104681670665741
food_level1_dial11,1,0.8068196773529053
food_level1_dial11,2,0.7851877808570862
food_level1_dial11,3,0.6424817442893982
food_level1_dial11,4,0.35471999645233154
food_level1_dial11,5,0.4829099476337433
food_level1_dial11,6,0.6080588102340698
hobby_level2_dial21,1,0.6290797591209412
hobby_level2_dial21,2,0.5460311770439148
hobby_level2_dial21,3,0.2866732180118561
hobby_level2_dial21,4,0.23354563117027283
food_level2_dial4,1,0.6692389249801636
food_level2_dial4,2,0.5868702530860901
food_level2_dial4,3,0.40893667936325073
food_level2_dial4,4,0.5343223214149475
food_level2_dial4,5,0.46266552805900574
food_level2_dial4,6,0.2629327178001404
hobby_level3_dial1,1,0.0901862382888794
hobby_level3_dial1,2,0.49727508425712585
hobby_level3_dial1,3,0.32245558500289917
hobby_level3_dial1,4,0.28377342224121094
hobby_level3_dial1,5,0.11270707100629807
hobby_level3_dial1,6,0.18377268314361572
hobby_level1_dial18,1,0.31094878911972046
hobby_level1_dial18,2,0.3384026288986206
hobby_level1_dial18,3,0.2597915828227997
hobby_level1_dial18,4,0.4594741761684418
hobby_level1_dial18,5,0.334011435508728
hobby_level1_dial18,6,0.7250604629516602
food_level1_dial12,1,0.6453972458839417
food_level1_dial12,2,0.5020312666893005
food_level1_dial12,3,0.5146031975746155
food_level1_dial12,4,0.5517677068710327
food_level1_dial12,5,0.3475048542022705
food_level1_dial12,6,0.4915994107723236
top25_dial52,1,0.7233614325523376
top25_dial52,2,0.4658501148223877
hobby_level3_dial36,1,0.39794206619262695
hobby_level3_dial36,2,0.4053906798362732
hobby_level3_dial36,3,0.4546511769294739
food_level3_dial3,1,0.4632217586040497
food_level3_dial3,2,0.541300356388092
food_level3_dial3,3,0.4023563861846924
food_level3_dial3,4,0.3414192199707031
food_level3_dial3,5,0.5139548778533936
food_level3_dial3,6,0.3033406138420105
hobby_level2_dial22,1,0.41183269023895264
hobby_level2_dial22,2,0.8093451261520386
hobby_level2_dial22,3,0.323591023683548
hobby_level2_dial22,4,0.8220768570899963
hobby_level2_dial22,5,0.11614495515823364
hobby_level2_dial22,6,0.391165554523468
food_level2_dial5,1,0.6438172459602356
food_level2_dial5,2,0.4697572588920593
food_level2_dial5,3,0.12105356156826019
food_level1_dial13,1,0.46197837591171265
food_level1_dial13,2,0.4528507590293884
food_level1_dial13,3,0.24251295626163483
hobby_level3_dial37,1,0.5714187026023865
hobby_level3_dial37,2,0.32422810792922974
hobby_level3_dial37,3,0.4972200393676758
hobby_level3_dial37,4,0.4167160987854004
hobby_level3_dial37,5,0.3348802924156189
hobby_level3_dial37,6,0.3487541079521179
hobby_level3_dial10,1,0.6847302913665771
hobby_level3_dial10,2,0.47021329402923584
hobby_level3_dial10,3,0.16422657668590546
hobby_level3_dial10,4,0.166212797164917
food_level2_dial13,1,0.36681288480758667
food_level2_dial13,2,0.4184289872646332
food_level2_dial13,3,0.22469811141490936
food_level2_dial13,4,0.34861910343170166
food_level2_dial13,5,0.2195533961057663
food_level2_dial13,6,0.30914145708084106
food_level3_dial30,1,0.5766565799713135
food_level3_dial30,2,0.24249178171157837
food_level3_dial30,3,0.24316543340682983
food_level3_dial30,4,0.24210189282894135
food_level3_dial30,5,0.36137139797210693
food_level3_dial30,6,0.23585686087608337
food_level3_dial30,7,0.20293506979942322
food_level1_dial14,1,0.7007716298103333
food_level1_dial14,2,0.6781689524650574
food_level1_dial14,3,0.6411359906196594
food_level1_dial14,4,0.5954477787017822
food_level1_dial14,5,0.5395987033843994
food_level1_dial14,6,0.3723613917827606
hobby_level1_dial19,1,0.37519943714141846
hobby_level1_dial19,2,0.36873042583465576
hobby_level1_dial19,3,0.45257920026779175
hobby_level1_dial19,4,0.603981077671051
hobby_level1_dial19,5,0.48962900042533875
hobby_level1_dial19,6,0.4570832848548889
top25_dial53,1,0.5895435214042664
top25_dial53,2,0.5565299987792969
top25_dial53,3,0.35649722814559937
top25_dial53,4,0.5539767742156982
top25_dial53,5,0.5254437923431396
top25_dial53,6,0.3184581696987152
food_level3_dial31,1,0.3130488693714142
food_level3_dial31,2,0.5118191242218018
food_level3_dial31,3,0.5584873557090759
food_level3_dial31,4,0.571336030960083
food_level3_dial31,5,0.025686273351311684
food_level3_dial31,6,0.2686946392059326
hobby_level1_dial2,1,0.44710004329681396
hobby_level1_dial2,2,0.48131582140922546
hobby_level1_dial2,3,0.14362113177776337
hobby_level1_dial2,4,0.6761304140090942
hobby_level1_dial2,5,0.1630321890115738
hobby_level1_dial2,6,0.2506404519081116
food_level2_dial14,1,0.48340409994125366
food_level2_dial14,2,1.1095926761627197
food_level2_dial14,3,0.7440101504325867
food_level2_dial14,4,0.59023517370224
food_level2_dial14,5,0.4032350182533264
food_level2_dial14,6,0.4256393611431122
hobby_level3_dial38,1,0.3864653706550598
hobby_level3_dial38,2,0.46193909645080566
hobby_level3_dial38,3,0.37925970554351807
hobby_level3_dial38,4,0.41272467374801636
hobby_level3_dial38,5,0.38949859142303467
hobby_level3_dial38,6,0.20169919729232788
hobby_level2_dial23,1,0.26995834708213806
hobby_level2_dial23,2,0.6052120327949524
hobby_level2_dial23,3,0.4870574176311493
hobby_level2_dial23,4,0.40821823477745056
hobby_level2_dial23,5,0.3374497890472412
hobby_level2_dial23,6,0.5783089995384216
hobby_level3_dial11,1,0.4193468689918518
hobby_level3_dial11,2,0.3098958730697632
hobby_level3_dial11,3,0.2670885920524597
hobby_level3_dial11,4,0.3557669520378113
hobby_level3_dial11,5,0.4084323048591614
hobby_level3_dial11,6,0.4566218852996826
hobby_level3_dial11,7,0.18703950941562653
food_level1_dial15,1,0.5969425439834595
food_level1_dial15,2,0.7110878825187683
food_level1_dial15,3,0.43724483251571655
food_level1_dial15,4,0.5220094323158264
food_level1_dial15,5,0.3632902503013611
food_level1_dial15,6,0.7014747262001038
food_level3_dial32,1,0.5429080128669739
food_level3_dial32,2,0.503750741481781
food_level3_dial32,3,0.706109881401062
food_level3_dial32,4,0.2707766890525818
food_level3_dial32,5,0.3036268353462219
food_level3_dial32,6,0.3477986454963684
top25_dial25,1,0.3742927610874176
top25_dial25,2,0.3893892168998718
top25_dial25,3,0.4080665707588196
top25_dial25,4,0.38692471385002136
top25_dial25,5,0.4175667464733124
top25_dial25,6,0.40106257796287537
hobby_level3_dial4,1,0.33247050642967224
hobby_level3_dial4,2,0.46815022826194763
hobby_level3_dial4,3,0.32225823402404785
hobby_level1_dial20,1,0.48569580912590027
hobby_level1_dial20,2,0.42569872736930847
hobby_level1_dial20,3,0.1992255598306656
hobby_level1_dial20,4,0.4521770775318146
hobby_level1_dial20,5,0.32983317971229553
hobby_level1_dial20,6,0.151351660490036
food_level2_dial15,1,0.5188241600990295
food_level2_dial15,2,0.47101983428001404
food_level2_dial15,3,0.4804146885871887
food_level2_dial15,4,0.3201309144496918
food_level2_dial15,5,0.07992446422576904
food_level2_dial15,6,0.4644787609577179
food_level3_dial33,1,0.499460905790329
food_level3_dial33,2,0.5540640950202942
food_level3_dial33,3,0.45930325984954834
food_level3_dial33,4,0.507050633430481
hobby_level3_dial13,1,0.36806464195251465
hobby_level3_dial13,2,0.574788510799408
hobby_level3_dial13,3,0.37845611572265625
hobby_level3_dial13,4,0.515940248966217
hobby_level3_dial13,5,0.5169797539710999
hobby_level3_dial13,6,0.40418151021003723
food_level1_dial16,1,0.434670627117157
food_level1_dial16,2,0.21061941981315613
food_level1_dial16,3,0.5622894167900085
food_level1_dial16,4,0.4559524357318878
food_level1_dial16,5,0.36335304379463196
food_level1_dial16,6,0.38260653614997864
food_level2_dial16,1,0.4811132550239563
food_level2_dial16,2,0.7925002574920654
food_level2_dial16,3,0.522401750087738
food_level2_dial16,4,0.7541252374649048
food_level2_dial16,5,0.8967550992965698
food_level2_dial16,6,0.6448737978935242
hobby_level3_dial5,1,0.698962390422821
hobby_level3_dial5,2,0.18959560990333557
hobby_level3_dial5,3,0.7042404413223267
hobby_level3_dial5,4,0.07424886524677277
hobby_level3_dial5,5,0.7864900827407837
hobby_level3_dial5,6,0.4841363728046417
food_level3_dial34,1,0.6244032979011536
food_level3_dial34,2,0.5517868399620056
food_level3_dial34,3,0.3225935399532318
food_level3_dial34,4,0.5652657151222229
food_level3_dial34,5,1.0062083005905151
food_level3_dial34,6,0.42950737476348877
food_level1_dial17,1,0.07233873009681702
food_level1_dial17,2,0.5313963890075684
food_level1_dial17,3,0.4939675033092499
food_level1_dial17,4,0.5548083782196045
food_level1_dial17,5,0.39684849977493286
food_level1_dial17,6,0.3201602101325989
food_level2_dial17,1,0.6735042929649353
food_level2_dial17,2,0.4101281762123108
food_level2_dial17,3,0.30294960737228394
food_level2_dial17,4,0.624627947807312
food_level2_dial17,5,0.4157877564430237
food_level2_dial17,6,0.3714718520641327
top25_dial54,1,0.33981558680534363
top25_dial54,2,0.4095703363418579
top25_dial54,3,0.28936558961868286
top25_dial26,1,0.6033462882041931
top25_dial26,2,0.7708426713943481
top25_dial26,3,0.3875308036804199
top25_dial26,4,0.4559043049812317
top25_dial26,5,0.2822340428829193
top25_dial26,6,0.32630476355552673
food_level1_dial18,1,0.9499419331550598
food_level1_dial18,2,0.4526064097881317
food_level1_dial18,3,0.4900045096874237
food_level1_dial18,4,0.6076775193214417
food_level1_dial18,5,0.0757824033498764
food_level1_dial18,6,0.510039746761322
hobby_level3_dial15,1,0.5185000896453857
hobby_level3_dial15,2,0.2515050172805786
hobby_level3_dial15,3,0.42835915088653564
hobby_level3_dial15,4,0.17870528995990753
hobby_level3_dial15,5,0.5695031881332397
hobby_level3_dial15,6,0.24605785310268402
food_level2_dial6,1,0.4135724604129791
food_level2_dial6,2,0.4019606113433838
food_level2_dial6,3,0.528371274471283
food_level2_dial6,4,0.5174270272254944
food_level2_dial6,5,0.2304043024778366
food_level2_dial6,6,0.15794511139392853
hobby_level1_dial21,1,0.5606802105903625
hobby_level1_dial21,2,0.4982675313949585
hobby_level1_dial21,3,0.5385262370109558
hobby_level1_dial21,4,0.4008379280567169
hobby_level1_dial21,5,0.4804214835166931
hobby_level1_dial21,6,0.5164351463317871
food_level3_dial35,1,0.5062987804412842
food_level3_dial35,2,0.3892003893852234
food_level3_dial35,3,0.29281550645828247
food_level3_dial35,4,0.4113723635673523
food_level3_dial35,5,0.2175212949514389
food_level3_dial35,6,0.4972696304321289
hobby_level3_dial16,1,0.5362867712974548
hobby_level3_dial16,2,0.5118288993835449
hobby_level3_dial16,3,0.6911987662315369
hobby_level3_dial16,4,0.3048959970474243
hobby_level3_dial16,5,0.4474106431007385
hobby_level3_dial16,6,0.4672175645828247
hobby_level3_dial6,1,0.2717444896697998
hobby_level3_dial6,2,0.34942877292633057
hobby_level3_dial6,3,0.34947672486305237
hobby_level3_dial6,4,0.5174130201339722
hobby_level3_dial6,5,0.33230704069137573
hobby_level3_dial6,6,0.4642949104309082
food_level2_dial7,1,0.37654030323028564
food_level2_dial7,2,0.3883073925971985
food_level2_dial7,3,0.45238345861434937
food_level2_dial7,4,0.32457345724105835
food_level2_dial7,5,0.39342033863067627
food_level2_dial7,6,0.47668713331222534
hobby_level1_dial22,1,0.1985657960176468
hobby_level1_dial22,2,0.26494845747947693
hobby_level1_dial22,3,0.6158343553543091
hobby_level1_dial22,4,0.33242037892341614
hobby_level1_dial22,5,0.20158760249614716
hobby_level1_dial22,6,0.26943427324295044
food_level1_dial19,1,0.7204045653343201
food_level1_dial19,2,0.8796100616455078
food_level1_dial19,3,0.824149489402771
food_level1_dial19,4,0.5402860045433044
top25_dial55,1,0.4124493896961212
top25_dial55,2,0.2522580325603485
top25_dial55,3,0.45974618196487427
top25_dial55,4,0.1391686201095581
top25_dial55,5,0.4112004041671753
top25_dial55,6,0.23574617505073547
food_level3_dial36,1,0.4297430217266083
food_level3_dial36,2,0.4036450684070587
food_level3_dial36,3,0.24426980316638947
food_level3_dial36,4,0.3776403069496155
food_level3_dial36,5,0.35381773114204407
food_level3_dial36,6,0.16632835566997528
hobby_level3_dial17,1,0.32527634501457214
hobby_level3_dial17,2,0.28917166590690613
hobby_level3_dial17,3,0.5326073169708252
hobby_level3_dial17,4,0.24214400351047516
hobby_level3_dial17,5,0.3886111378669739
hobby_level3_dial17,6,0.2849709689617157
hobby_level1_dial23,1,0.4814850091934204
hobby_level1_dial23,2,0.3264901340007782
hobby_level1_dial23,3,0.5177579522132874
hobby_level1_dial23,4,0.28804051876068115
hobby_level1_dial23,5,0.539321780204773
hobby_level1_dial23,6,0.4715133607387543
hobby_level3_dial7,1,0.5064175724983215
hobby_level3_dial7,2,0.4088135361671448
hobby_level3_dial7,3,0.30906951427459717
hobby_level3_dial7,4,0.45532509684562683
hobby_level3_dial7,5,0.5675469040870667
hobby_level3_dial7,6,0.3916722536087036
food_level2_dial8,1,0.42026394605636597
food_level2_dial8,2,0.4291669428348541
food_level2_dial8,3,0.4208892583847046
food_level2_dial8,4,0.4367506206035614
food_level2_dial8,5,0.34328052401542664
food_level2_dial8,6,0.6192694902420044
top25_dial27,1,0.37053388357162476
top25_dial27,2,0.30670714378356934
top25_dial27,3,0.4641590416431427
top25_dial27,4,0.26241204142570496
top25_dial27,5,0.31885290145874023
top25_dial27,6,0.4238584637641907
food_level2_dial9,1,0.44557085633277893
food_level2_dial9,2,0.3648349940776825
food_level2_dial9,3,0.4122251570224762
food_level2_dial9,4,0.4907919764518738
food_level2_dial9,5,0.5339810848236084
food_level2_dial9,6,0.33317306637763977
hobby_level2_dial24,1,0.48508769273757935
hobby_level2_dial24,2,0.23257385194301605
hobby_level2_dial24,3,0.07394067943096161
hobby_level2_dial24,4,0.31334686279296875
hobby_level2_dial24,5,0.3525182008743286
hobby_level2_dial24,6,0.37972408533096313
hobby_level2_dial24,7,0.22431820631027222
hobby_level1_dial3,1,0.4780310094356537
hobby_level1_dial3,2,0.3367922306060791
hobby_level1_dial3,3,0.228887677192688
hobby_level1_dial3,4,0.36728572845458984
hobby_level1_dial3,5,0.3850878179073334
hobby_level1_dial3,6,0.23908700048923492
food_level1_dial2,1,0.604142427444458
food_level1_dial2,2,0.13005352020263672
food_level1_dial2,3,0.5203455686569214
food_level1_dial2,4,0.6465890407562256
food_level1_dial2,5,0.817832350730896
food_level1_dial2,6,0.5245496034622192
food_level1_dial2,7,0.2607106566429138
food_level2_dial19,1,0.6879281401634216
food_level2_dial19,2,0.842430591583252
food_level2_dial19,3,0.8097360730171204
food_level2_dial19,4,0.46971794962882996
food_level2_dial19,5,0.4375765919685364
food_level2_dial19,6,0.2401491403579712
hobby_level2_dial25,1,0.34541958570480347
hobby_level2_dial25,2,0.42579013109207153
hobby_level2_dial25,3,0.4291677176952362
hobby_level2_dial25,4,0.4089915454387665
hobby_level2_dial25,5,0.1871473640203476
hobby_level2_dial25,6,0.4423704445362091
hobby_level3_dial18,1,0.24637703597545624
hobby_level3_dial18,2,0.429075688123703
hobby_level3_dial18,3,0.5345742106437683
hobby_level3_dial18,4,0.504777193069458
hobby_level3_dial18,5,0.49280792474746704
hobby_level3_dial18,6,0.21705840528011322
food_level3_dial37,1,0.47143644094467163
food_level3_dial37,2,0.5161017775535583
food_level3_dial37,3,0.36863279342651367
food_level3_dial37,4,0.3885882794857025
food_level3_dial37,5,0.17659695446491241
food_level3_dial37,6,0.33847683668136597
hobby_level3_dial8,1,0.5953614115715027
hobby_level3_dial8,2,0.3499736785888672
hobby_level3_dial8,3,0.4685603380203247
hobby_level3_dial8,4,0.27221015095710754
hobby_level3_dial8,5,0.42603790760040283
hobby_level3_dial8,6,0.2880036234855652
food_level3_dial38,1,0.37722867727279663
food_level3_dial38,2,0.38920509815216064
food_level3_dial38,3,0.2954525053501129
food_level3_dial38,4,0.5763149857521057
food_level3_dial38,5,0.8937244415283203
food_level3_dial38,6,0.6031340956687927
top25_dial56,1,0.5461148023605347
top25_dial56,2,0.5345518589019775
top25_dial56,3,0.4354458451271057
top25_dial56,4,0.4738651514053345
top25_dial56,5,0.5144513249397278
top25_dial56,6,0.3863643705844879
top25_dial28,1,0.5320745706558228
top25_dial28,2,0.5241358280181885
top25_dial28,3,0.40785712003707886
top25_dial28,4,0.6150985360145569
top25_dial28,5,0.35689711570739746
top25_dial28,6,0.20707814395427704
top25_dial28,7,0.22112451493740082
hobby_level1_dial4,1,0.33493363857269287
hobby_level1_dial4,2,0.5200872421264648
hobby_level1_dial4,3,0.5015503168106079
hobby_level1_dial4,4,0.4965914785861969
hobby_level1_dial4,5,0.5077303647994995
hobby_level1_dial4,6,0.5753556489944458
hobby_level1_dial4,7,0.5282718539237976
hobby_level3_dial9,1,0.6914554238319397
hobby_level3_dial9,2,0.446423202753067
hobby_level3_dial9,3,0.40666013956069946
hobby_level3_dial19,1,0.6592255234718323
hobby_level3_dial19,2,0.43796342611312866
hobby_level3_dial19,3,0.592128574848175
hobby_level3_dial19,4,0.1597217470407486
hobby_level3_dial19,5,0.3583254814147949
hobby_level3_dial19,6,0.5062811374664307
hobby_level3_dial19,7,0.30603793263435364
hobby_level2_dial26,1,0.6250064969062805
hobby_level2_dial26,2,0.5497128367424011
hobby_level2_dial26,3,0.5500760078430176
hobby_level2_dial26,4,0.3182714581489563
hobby_level2_dial26,5,0.15821819007396698
hobby_level2_dial26,6,0.410167396068573
food_level2_dial2,1,0.4455094635486603
food_level2_dial2,2,0.5159556269645691
food_level2_dial2,3,0.005166731774806976
food_level2_dial2,4,0.44716084003448486
food_level2_dial2,5,0.25992774963378906
food_level2_dial2,6,0.42673179507255554
hobby_level2_dial27,1,0.8449746370315552
hobby_level2_dial27,2,0.6960055232048035
hobby_level2_dial27,3,0.8316341638565063
hobby_level2_dial27,4,0.40074753761291504
hobby_level2_dial27,5,0.532580554485321
hobby_level2_dial27,6,0.38052260875701904
food_level1_dial20,1,0.47794392704963684
food_level1_dial20,2,0.40312421321868896
food_level1_dial20,3,0.3170251250267029
food_level1_dial20,4,0.5462314486503601
food_level1_dial20,5,0.5098845362663269
food_level1_dial20,6,0.57535719871521
hobby_level3_dial2,1,0.33800506591796875
hobby_level3_dial2,2,0.5621246695518494
hobby_level3_dial2,3,0.6616093516349792
hobby_level3_dial2,4,0.4864959418773651
hobby_level3_dial2,5,0.3920300304889679
hobby_level3_dial2,6,-0.031087249517440796
food_level2_dial20,1,0.5555020570755005
food_level2_dial20,2,0.33673331141471863
food_level2_dial20,3,0.37144261598587036
top25_dial29,1,0.4764103889465332
top25_dial29,2,0.44686511158943176
top25_dial29,3,0.5466715097427368
top25_dial29,4,0.3595351576805115
top25_dial29,5,0.18757973611354828
top25_dial29,6,0.07205954194068909
food_level3_dial1,1,0.19664780795574188
food_level3_dial1,2,0.16997762024402618
food_level3_dial1,3,0.3529093861579895
food_level3_dial1,4,0.2600174844264984
food_level3_dial1,5,0.2832929790019989
food_level3_dial1,6,0.17375284433364868
hobby_level3_dial20,1,0.7046241164207458
hobby_level3_dial20,2,0.4181869924068451
hobby_level3_dial20,3,0.570932924747467
hobby_level3_dial20,4,0.4983817934989929
hobby_level3_dial20,5,0.763988196849823
hobby_level3_dial20,6,0.5926594138145447
top25_dial57,1,0.5161104202270508
top25_dial57,2,0.4330448508262634
top25_dial57,3,0.4116559624671936
top25_dial57,4,0.477342426776886
top25_dial57,5,0.41080915927886963
top25_dial57,6,0.3765786290168762
food_level1_dial21,1,0.47571462392807007
food_level1_dial21,2,0.6009294390678406
food_level1_dial21,3,0.38517504930496216
food_level1_dial21,4,0.6576396822929382
food_level1_dial21,5,0.4683755934238434
food_level1_dial21,6,0.4798193871974945
hobby_level2_dial28,1,0.5485753417015076
hobby_level2_dial28,2,0.3031157851219177
hobby_level2_dial28,3,0.47436296939849854
hobby_level2_dial28,4,0.35919663310050964
hobby_level2_dial28,5,0.36359456181526184
hobby_level2_dial28,6,0.5614243745803833
top25_dial3,1,0.5448625683784485
top25_dial3,2,0.3510218560695648
top25_dial3,3,0.44078975915908813
top25_dial3,4,0.34665241837501526
top25_dial3,5,0.2712748646736145
top25_dial3,6,0.25644350051879883
top25_dial3,7,0.32052165269851685
food_level3_dial4,1,0.07340569794178009
food_level3_dial4,2,0.2693173885345459
food_level3_dial4,3,0.29824045300483704
food_level3_dial4,4,0.5719979405403137
food_level3_dial4,5,0.36154189705848694
food_level3_dial4,6,0.30127203464508057
top25_dial1,1,0.4880087971687317
top25_dial1,2,0.2382386028766632
top25_dial1,3,0.3738938570022583
top25_dial1,4,0.25793758034706116
top25_dial1,5,0.2658563256263733
top25_dial1,6,0.19533216953277588
food_level2_dial21,1,0.4468783140182495
food_level2_dial21,2,0.44508227705955505
food_level2_dial21,3,0.21030406653881073
food_level2_dial21,4,0.48189282417297363
food_level2_dial21,5,0.5913780927658081
food_level2_dial21,6,0.4071323275566101
hobby_level3_dial21,1,0.21091784536838531
hobby_level3_dial21,2,0.4100290834903717
hobby_level3_dial21,3,0.5459924936294556
hobby_level3_dial21,4,0.5424934029579163
hobby_level3_dial21,5,0.5142329335212708
hobby_level3_dial21,6,0.3748888671398163
hobby_level1_dial6,1,0.24284036457538605
hobby_level1_dial6,2,0.24273285269737244
hobby_level1_dial6,3,0.30092355608940125
hobby_level1_dial6,4,-0.009453602135181427
hobby_level1_dial6,5,0.426556795835495
hobby_level1_dial6,6,0.32221776247024536
food_level1_dial22,1,0.31943655014038086
food_level1_dial22,2,0.53505939245224
food_level1_dial22,3,0.7128260135650635
food_level1_dial22,4,0.5070927143096924
food_level1_dial22,5,0.40515851974487305
food_level1_dial22,6,0.4134352207183838
hobby_level3_dial22,1,0.2640564441680908
hobby_level3_dial22,2,0.30435681343078613
hobby_level3_dial22,3,0.603603720664978
hobby_level3_dial22,4,0.3735175132751465
food_level1_dial23,1,0.17967009544372559
food_level1_dial23,2,0.41000887751579285
food_level1_dial23,3,0.7274377942085266
food_level1_dial23,4,0.63761967420578
food_level1_dial23,5,0.48022016882896423
food_level1_dial23,6,0.568415105342865
food_level2_dial22,1,0.6901645064353943
food_level2_dial22,2,0.6562999486923218
food_level2_dial22,3,0.5407212376594543
food_level2_dial22,4,0.4821228086948395
food_level2_dial22,5,0.6159707903862
food_level2_dial22,6,0.32976609468460083
hobby_level2_dial29,1,0.4620365500450134
hobby_level2_dial29,2,0.4775409400463104
hobby_level2_dial29,3,0.6101365685462952
hobby_level2_dial29,4,0.6464088559150696
hobby_level2_dial29,5,0.1820000559091568
hobby_level2_dial29,6,0.48242130875587463
hobby_level3_dial23,1,0.38193565607070923
hobby_level3_dial23,2,0.34388574957847595
hobby_level3_dial23,3,0.25617143511772156
hobby_level3_dial23,4,0.24030782282352448
hobby_level3_dial23,5,0.3413640856742859
top25_dial30,1,0.3077443838119507
top25_dial30,2,0.20316879451274872
top25_dial30,3,0.4165993332862854
top25_dial30,4,0.31791144609451294
top25_dial30,5,0.21815328299999237
top25_dial30,6,0.29564154148101807
food_level1_dial3,1,0.7021397948265076
food_level1_dial3,2,0.530331552028656
food_level1_dial3,3,0.6730701923370361
food_level1_dial3,4,0.4155626893043518
food_level1_dial3,5,0.494446724653244
food_level1_dial3,6,0.3673624098300934
hobby_level1_dial7,1,0.5789714455604553
hobby_level1_dial7,2,0.4459838271141052
hobby_level1_dial7,3,0.3010025918483734
hobby_level1_dial7,4,0.2565690577030182
hobby_level1_dial7,5,0.49205282330513
hobby_level1_dial7,6,0.35454490780830383
hobby_level2_dial3,1,0.4091239273548126
hobby_level2_dial3,2,0.4635733962059021
hobby_level2_dial3,3,0.11707673966884613
hobby_level2_dial3,4,0.28687846660614014
hobby_level2_dial3,5,0.41916054487228394
hobby_level2_dial3,6,0.38427048921585083
food_level3_dial10,1,0.29318535327911377
food_level3_dial10,2,0.10884292423725128
food_level3_dial10,3,0.15789029002189636
food_level3_dial10,4,0.386691689491272
food_level3_dial10,5,0.3328835964202881
food_level3_dial10,6,0.6365789771080017
food_level1_dial4,1,0.5114061236381531
food_level1_dial4,2,0.705582320690155
food_level1_dial4,3,0.4420735836029053
food_level1_dial4,4,0.5043158531188965
food_level1_dial4,5,0.46242883801460266
food_level1_dial4,6,0.5216848254203796
food_level3_dial6,1,0.23749801516532898
food_level3_dial6,2,0.36995887756347656
food_level3_dial6,3,0.43545037508010864
food_level3_dial6,4,0.1942598521709442
food_level3_dial6,5,0.2366803139448166
food_level3_dial6,6,0.36828649044036865
top25_dial31,1,0.8424597978591919
top25_dial31,2,0.4351261258125305
top25_dial31,3,0.6468079090118408
top25_dial31,4,0.5977451205253601
top25_dial31,5,0.19446823000907898
top25_dial31,6,0.505513608455658
top25_dial10,1,0.40010523796081543
top25_dial10,2,0.3646072447299957
top25_dial10,3,0.19509004056453705
top25_dial10,4,0.30475905537605286
top25_dial10,5,0.37212935090065
top25_dial10,6,0.5065557360649109
food_level2_dial23,1,0.4990777373313904
food_level2_dial23,2,0.36714163422584534
food_level2_dial23,3,0.35676413774490356
food_level2_dial23,4,0.42807281017303467
food_level2_dial23,5,0.49328669905662537
food_level2_dial23,6,0.2730756402015686
hobby_level3_dial24,1,0.8946735858917236
hobby_level3_dial24,2,0.8613489866256714
hobby_level3_dial24,3,0.49146854877471924
hobby_level3_dial24,4,0.5957956910133362
hobby_level3_dial24,5,0.44874274730682373
hobby_level3_dial24,6,0.5998363494873047
hobby_level2_dial30,1,0.1714021861553192
hobby_level2_dial30,2,0.29088330268859863
hobby_level2_dial30,3,0.35205405950546265
hobby_level2_dial30,4,0.002433791756629944
hobby_level2_dial30,5,0.3009409010410309
hobby_level2_dial30,6,0.3172459602355957
top25_dial58,1,0.4026440382003784
top25_dial58,2,0.3495282232761383
top25_dial58,3,0.41367629170417786
top25_dial58,4,0.26702335476875305
top25_dial58,5,0.24037915468215942
top25_dial58,6,0.31164464354515076
top25_dial58,7,0.21828381717205048
hobby_level1_dial8,1,0.7082405686378479
hobby_level1_dial8,2,0.44289591908454895
hobby_level1_dial8,3,0.35310542583465576
top25_dial32,1,0.6069731116294861
top25_dial32,2,0.12635573744773865
top25_dial32,3,0.21609066426753998
top25_dial32,4,0.3579896092414856
top25_dial32,5,0.1481999158859253
top25_dial32,6,0.4733109176158905
food_level1_dial5,1,0.6302021741867065
food_level1_dial5,2,0.46213650703430176
food_level1_dial5,3,0.478535920381546
food_level1_dial5,4,0.48405659198760986
food_level1_dial5,5,0.4275215268135071
food_level1_dial5,6,0.7056082487106323
top25_dial11,1,0.3492189049720764
top25_dial11,2,0.8369458317756653
top25_dial11,3,0.7085879445075989
top25_dial11,4,0.5292316675186157
top25_dial11,5,0.7058059573173523
top25_dial11,6,0.4871852993965149
food_level3_dial7,1,0.5831874012947083
food_level3_dial7,2,0.4700673222541809
food_level3_dial7,3,0.25779518485069275
food_level3_dial7,4,0.030072707682847977
food_level3_dial7,5,0.29659467935562134
food_level3_dial7,6,0.19720318913459778
hobby_level2_dial31,1,0.4817584156990051
hobby_level2_dial31,2,0.6278482675552368
hobby_level2_dial31,3,0.3239121437072754
hobby_level2_dial31,4,0.4541049599647522
hobby_level2_dial31,5,0.32590052485466003
hobby_level2_dial31,6,0.3559696078300476
hobby_level1_dial9,1,0.3349061608314514
hobby_level1_dial9,2,0.5736252665519714
hobby_level1_dial9,3,0.3521685004234314
hobby_level1_dial9,4,0.26734352111816406
hobby_level1_dial9,5,0.226162850856781
hobby_level1_dial9,6,0.08238208293914795
food_level3_dial11,1,0.6848062872886658
food_level3_dial11,2,0.4498557150363922
food_level3_dial11,3,0.3103104829788208
food_level3_dial11,4,0.49435803294181824
food_level3_dial11,5,0.6158403158187866
food_level3_dial11,6,0.26872849464416504
top25_dial59,1,0.9497125148773193
top25_dial59,2,0.8341973423957825
top25_dial59,3,0.5876169800758362
top25_dial59,4,0.26579588651657104
top25_dial59,5,0.5450795292854309
top25_dial59,6,0.31409770250320435
food_level1_dial6,1,0.5472021102905273
food_level1_dial6,2,0.6211301684379578
food_level1_dial6,3,0.7076285481452942
food_level1_dial6,4,0.4879664182662964
food_level1_dial6,5,0.4432198405265808
food_level1_dial6,6,0.571095883846283
hobby_level2_dial32,1,0.21738648414611816
hobby_level2_dial32,2,0.33378851413726807
hobby_level2_dial32,3,0.3609847128391266
hobby_level2_dial32,4,0.5131029486656189
hobby_level2_dial32,5,0.2539469599723816
hobby_level2_dial32,6,0.42143335938453674
food_level3_dial12,1,0.316669762134552
food_level3_dial12,2,0.42958658933639526
food_level3_dial12,3,0.5292931199073792
food_level3_dial12,4,0.4497317671775818
food_level3_dial12,5,0.2812071144580841
food_level3_dial12,6,0.31174781918525696
food_level3_dial12,7,0.417868435382843
food_level3_dial8,1,0.40027916431427
food_level3_dial8,2,0.47903144359588623
food_level3_dial8,3,0.45176756381988525
food_level3_dial8,4,0.2502654790878296
food_level3_dial8,5,0.3187467157840729
food_level3_dial8,6,0.5433154702186584
food_level1_dial7,1,0.5250235199928284
food_level1_dial7,2,0.518018901348114
food_level1_dial7,3,0.4937891662120819
hobby_level2_dial33,1,0.7281975746154785
hobby_level2_dial33,2,0.6462996602058411
hobby_level2_dial33,3,0.12885431945323944
hobby_level2_dial33,4,0.7598692774772644
hobby_level2_dial33,5,0.34687525033950806
hobby_level2_dial33,6,0.3665311932563782
food_level3_dial13,1,0.6954581141471863
food_level3_dial13,2,0.38610291481018066
food_level3_dial13,3,0.35194826126098633
food_level3_dial13,4,0.6109211444854736
food_level3_dial13,5,0.4038485288619995
food_level3_dial13,6,0.4557841420173645
food_level2_dial24,1,0.3365641236305237
food_level2_dial24,2,0.4033575654029846
food_level2_dial24,3,0.6996582746505737
food_level2_dial24,4,0.16393744945526123
food_level2_dial24,5,0.6691782474517822
food_level2_dial24,6,0.3508596420288086
food_level3_dial14,1,0.6023697257041931
food_level3_dial14,2,0.5905460119247437
food_level3_dial14,3,0.42007559537887573
food_level3_dial14,4,0.5357750058174133
food_level3_dial14,5,0.6699884533882141
food_level3_dial14,6,0.4869880676269531
top25_dial33,1,0.5632480978965759
top25_dial33,2,0.5271966457366943
top25_dial33,3,0.2331460416316986
top25_dial33,4,0.4291309118270874
top25_dial33,5,0.4060717821121216
top25_dial33,6,0.4347632825374603
hobby_level3_dial26,1,0.3286926746368408
hobby_level3_dial26,2,0.397316575050354
hobby_level3_dial26,3,0.37642568349838257
hobby_level3_dial26,4,0.3491833806037903
hobby_level3_dial26,5,0.11564577370882034
hobby_level3_dial26,6,0.2450748234987259
top25_dial35,1,0.21233627200126648
top25_dial35,2,0.34233373403549194
top25_dial35,3,0.47697561979293823
top25_dial35,4,0.4670402407646179
top25_dial35,5,0.4761158227920532
food_level1_dial8,1,0.4821610152721405
food_level1_dial8,2,0.503591775894165
food_level1_dial8,3,0.4536864161491394
food_level1_dial8,4,0.5470587611198425
food_level1_dial8,5,0.29519373178482056
food_level1_dial8,6,0.3005359172821045
food_level3_dial9,1,0.48307645320892334
food_level3_dial9,2,0.4472309350967407
food_level3_dial9,3,0.8644176125526428
food_level3_dial9,4,0.18967792391777039
food_level3_dial9,5,0.6055800914764404
food_level3_dial9,6,0.39906731247901917
hobby_level2_dial1,1,0.22673869132995605
hobby_level2_dial1,2,0.3958151340484619
hobby_level2_dial1,3,0.11080161482095718
hobby_level2_dial1,4,0.40434032678604126
hobby_level2_dial1,5,0.1311137080192566
hobby_level2_dial1,6,0.3222472667694092
food_level1_dial9,1,0.5861865282058716
food_level1_dial9,2,0.4450630247592926
food_level1_dial9,3,0.7350839972496033
food_level1_dial9,4,0.43966132402420044
food_level1_dial9,5,0.5643690228462219
food_level1_dial9,6,0.117020383477211
top25_dial6,1,0.5189229846000671
top25_dial6,2,0.6213629841804504
top25_dial6,3,0.37201711535453796
top25_dial6,4,0.29589414596557617
top25_dial6,5,0.32727834582328796
top25_dial6,6,0.3308761715888977
food_level3_dial15,1,0.23620066046714783
food_level3_dial15,2,0.7294014692306519
food_level3_dial15,3,0.5405526161193848
food_level3_dial15,4,0.3969035744667053
food_level3_dial15,5,0.4724538326263428
food_level3_dial15,6,0.44003981351852417
top25_dial36,1,0.3809131383895874
top25_dial36,2,0.6089701056480408
top25_dial36,3,0.3223268389701843
top25_dial36,4,0.5396605134010315
top25_dial36,5,0.1988368183374405
top25_dial36,6,0.28031864762306213
food_level2_dial1,1,0.5764240026473999
food_level2_dial1,2,0.7694812417030334
food_level2_dial1,3,0.3911104202270508
food_level2_dial1,4,0.3905350863933563
food_level2_dial1,5,0.7769848108291626
food_level2_dial1,6,0.7097460031509399
food_level3_dial16,1,0.4424642324447632
food_level3_dial16,2,0.3736131191253662
food_level3_dial16,3,0.44460025429725647
food_level3_dial16,4,0.5608345866203308
food_level3_dial16,5,0.42100998759269714
food_level3_dial16,6,0.5133246779441833
top25_dial12,1,0.4192579388618469
top25_dial12,2,0.6340548992156982
top25_dial12,3,0.5229384899139404
hobby_level1_dial1,1,0.6459034085273743
hobby_level1_dial1,2,0.6733485460281372
hobby_level1_dial1,3,0.6026331782341003
hobby_level1_dial1,4,0.6263679265975952
hobby_level1_dial1,5,0.4718326926231384
hobby_level1_dial1,6,0.4881443977355957
hobby_level1_dial1,7,0.3536866307258606
hobby_level2_dial10,1,0.6031915545463562
hobby_level2_dial10,2,0.5595505237579346
hobby_level2_dial10,3,0.5311306715011597
hobby_level2_dial10,4,0.26262927055358887
hobby_level2_dial10,5,0.2533925473690033
hobby_level2_dial10,6,0.3526408076286316
hobby_level3_dial27,1,0.4138329029083252
hobby_level3_dial27,2,0.44999849796295166
hobby_level3_dial27,3,0.3706541061401367
hobby_level3_dial27,4,0.39416348934173584
hobby_level3_dial27,5,0.5534996390342712
hobby_level3_dial27,6,0.29139167070388794
hobby_level3_dial27,7,0.3053385019302368
food_level2_dial25,1,0.5700541734695435
food_level2_dial25,2,0.6922451853752136
food_level2_dial25,3,0.5051485896110535
food_level2_dial25,4,0.3515843152999878
food_level2_dial25,5,0.05658308044075966
food_level2_dial25,6,0.5231866836547852
food_level2_dial25,7,0.4884105920791626
hobby_level2_dial34,1,0.42587810754776
hobby_level2_dial34,2,0.441896915435791
hobby_level2_dial34,3,0.4219854474067688
hobby_level2_dial34,4,0.19529522955417633
hobby_level2_dial34,5,0.5551297664642334
hobby_level2_dial34,6,0.16861723363399506
hobby_level2_dial34,7,0.3713577389717102
hobby_level1_dial10,1,0.24015237390995026
hobby_level1_dial10,2,0.3785061240196228
hobby_level1_dial10,3,0.3406825065612793
hobby_level1_dial10,4,0.34028521180152893
hobby_level1_dial10,5,0.3190951645374298
hobby_level3_dial28,1,0.6045414209365845
hobby_level3_dial28,2,0.4780036211013794
hobby_level3_dial28,3,0.44046056270599365
food_level3_dial18,1,0.8503241539001465
food_level3_dial18,2,0.1732099950313568
food_level3_dial18,3,0.31499195098876953
food_level3_dial18,4,0.36596763134002686
food_level3_dial18,5,0.4348272681236267
food_level3_dial18,6,0.49901077151298523
food_level2_dial26,1,0.896995484828949
food_level2_dial26,2,0.35618117451667786
food_level2_dial26,3,0.611073911190033
food_level2_dial26,4,0.4212839603424072
food_level2_dial26,5,0.33910492062568665
food_level2_dial26,6,0.3758978843688965
hobby_level3_dial29,1,0.4871581792831421
hobby_level3_dial29,2,0.3857671022415161
hobby_level3_dial29,3,0.6106832027435303
hobby_level3_dial29,4,0.6147438883781433
hobby_level3_dial29,5,0.3572297692298889
hobby_level3_dial29,6,0.5178103446960449
hobby_level3_dial29,7,0.42959892749786377
top25_dial13,1,0.5963848233222961
top25_dial13,2,0.46854692697525024
top25_dial13,3,0.5759826302528381
top25_dial13,4,0.492832213640213
top25_dial13,5,0.19655604660511017
top25_dial13,6,0.4842658042907715
top25_dial37,1,0.35320308804512024
top25_dial37,2,0.44377344846725464
top25_dial37,3,0.6173099875450134
top25_dial37,4,0.535402774810791
top25_dial37,5,0.3254487216472626
top25_dial37,6,0.3452759385108948
food_level2_dial27,1,0.4421643018722534
food_level2_dial27,2,0.6852393746376038
food_level2_dial27,3,0.5002495646476746
food_level2_dial27,4,0.36975014209747314
food_level2_dial27,5,0.7346934676170349
food_level2_dial27,6,0.42026153206825256
food_level2_dial27,7,0.5220505595207214
food_level3_dial19,1,0.248207226395607
food_level3_dial19,2,0.39712628722190857
food_level3_dial19,3,0.24936385452747345
food_level3_dial19,4,0.2315182238817215
food_level3_dial19,5,0.44644680619239807
food_level3_dial19,6,0.39942532777786255
top25_dial15,1,0.5799002051353455
top25_dial15,2,0.28838804364204407
top25_dial15,3,0.21096333861351013
top25_dial15,4,0.10426099598407745
top25_dial15,5,0.19682565331459045
top25_dial15,6,0.6560994982719421
top25_dial60,1,0.588869571685791
top25_dial60,2,0.4117444157600403
top25_dial60,3,0.5012775659561157
top25_dial60,4,0.19457270205020905
top25_dial60,5,0.3821815252304077
top25_dial60,6,0.2630891799926758
top25_dial60,7,0.36945176124572754
food_level2_dial28,1,0.8991981744766235
food_level2_dial28,2,0.5394575595855713
food_level2_dial28,3,0.4783245325088501
food_level2_dial28,4,0.3394216299057007
food_level2_dial28,5,0.4580952525138855
food_level2_dial28,6,0.40634164214134216
hobby_level1_dial11,1,0.3197437524795532
hobby_level1_dial11,2,0.4570471942424774
hobby_level1_dial11,3,0.31818443536758423
hobby_level1_dial11,4,0.36799561977386475
hobby_level1_dial11,5,0.5833500027656555
hobby_level1_dial11,6,0.21795594692230225
hobby_level2_dial11,1,0.4778141677379608
hobby_level2_dial11,2,0.27679651975631714
hobby_level2_dial11,3,0.35429278016090393
hobby_level2_dial11,4,0.4930368661880493
hobby_level2_dial11,5,0.4300416111946106
hobby_level2_dial11,6,0.12905046343803406
food_level3_dial20,1,0.5221529006958008
food_level3_dial20,2,0.4928734004497528
food_level3_dial20,3,0.47594356536865234
food_level3_dial20,4,0.3350672125816345
food_level3_dial20,5,0.4321654438972473
food_level3_dial20,6,0.41294267773628235
food_level3_dial20,7,0.4623209834098816
food_level2_dial10,1,0.6108580827713013
food_level2_dial10,2,0.4002017676830292
food_level2_dial10,3,0.5371384620666504
food_level2_dial10,4,0.487246572971344
food_level2_dial10,5,0.3559252619743347
food_level2_dial10,6,0.5316783785820007
top25_dial61,1,0.5774118304252625
top25_dial61,2,0.6702336072921753
top25_dial61,3,0.6474323272705078
top25_dial61,4,0.42588746547698975
top25_dial61,5,0.13329163193702698
top25_dial61,6,0.3460202217102051
hobby_level1_dial12,1,0.4883214235305786
hobby_level1_dial12,2,0.7739497423171997
hobby_level1_dial12,3,0.9329065084457397
hobby_level1_dial12,4,0.5891982316970825
hobby_level1_dial12,5,0.3766780495643616
hobby_level1_dial12,6,0.24804268777370453
food_level2_dial11,1,0.34028685092926025
food_level2_dial11,2,0.715534508228302
food_level2_dial11,3,0.5244327783584595
food_level2_dial11,4,0.4598095417022705
food_level2_dial11,5,0.2812402844429016
food_level2_dial11,6,0.5407122373580933
top25_dial38,1,0.5947352647781372
top25_dial38,2,0.4935019612312317
top25_dial38,3,0.5689038634300232
top25_dial38,4,0.6340051889419556
top25_dial38,5,0.47238126397132874
top25_dial38,6,0.6010817885398865
food_level2_dial29,1,0.5545095205307007
food_level2_dial29,2,0.7404940724372864
food_level2_dial29,3,0.6612587571144104
food_level2_dial29,4,0.5480078458786011
food_level2_dial29,5,1.081085205078125
food_level2_dial29,6,0.5857256650924683
top25_dial16,1,0.3623981475830078
top25_dial16,2,0.7216887474060059
top25_dial16,3,0.6139167547225952
top25_dial16,4,0.4942268431186676
top25_dial16,5,0.498025506734848
top25_dial16,6,0.6948997378349304
hobby_level1_dial13,1,0.16304434835910797
hobby_level1_dial13,2,0.20958590507507324
hobby_level1_dial13,3,0.12294786423444748
hobby_level1_dial13,4,0.35538753867149353
hobby_level1_dial13,5,0.6886816024780273
hobby_level1_dial13,6,0.3810439705848694
hobby_level2_dial36,1,0.5244503617286682
hobby_level2_dial36,2,0.18709850311279297
hobby_level2_dial36,3,0.26965102553367615
hobby_level2_dial36,4,0.2605806291103363
hobby_level2_dial36,5,0.48108533024787903
hobby_level2_dial36,6,0.4317606985569
hobby_level2_dial37,1,0.4740634858608246
hobby_level2_dial37,2,0.39007923007011414
hobby_level2_dial37,3,0.44078367948532104
hobby_level2_dial37,4,0.27647003531455994
hobby_level2_dial37,5,0.27798569202423096
hobby_level2_dial37,6,0.23586443066596985
food_level2_dial3,1,0.5989521741867065
food_level2_dial3,2,0.476257860660553
food_level2_dial3,3,0.3837161064147949
food_level2_dial3,4,0.39881643652915955
food_level2_dial3,5,0.43904244899749756
food_level2_dial3,6,0.3014135956764221
hobby_level2_dial38,1,0.3530912399291992
hobby_level2_dial38,2,0.5741236805915833
hobby_level2_dial38,3,0.516862690448761
hobby_level2_dial38,4,0.2796703279018402
hobby_level2_dial38,5,0.3198689818382263
hobby_level2_dial38,6,0.2739693224430084
top25_dial4,1,0.2622308135032654
top25_dial4,2,0.5200239419937134
top25_dial4,3,0.35879436135292053
top25_dial4,4,0.4672931432723999
top25_dial4,5,0.44622668623924255
top25_dial4,6,0.2799755930900574
hobby_level1_dial14,1,0.2643815577030182
hobby_level1_dial14,2,0.26654475927352905
hobby_level1_dial14,3,0.32482779026031494
hobby_level1_dial14,4,0.16563911736011505
hobby_level1_dial14,5,0.29252955317497253
hobby_level1_dial14,6,0.33569830656051636
top25_dial62,1,0.7114136815071106
top25_dial62,2,0.6264662742614746
top25_dial62,3,0.3077218234539032
top25_dial62,4,0.6184523701667786
top25_dial62,5,0.38904136419296265
top25_dial62,6,0.46548712253570557
food_level3_dial21,1,0.6654019355773926
food_level3_dial21,2,0.615254282951355
food_level3_dial21,3,0.37694546580314636
food_level3_dial21,4,0.41473525762557983
food_level3_dial21,5,0.46504315733909607
food_level3_dial21,6,0.49678462743759155
hobby_level3_dial3,1,0.7146879434585571
hobby_level3_dial3,2,0.38382238149642944
hobby_level3_dial3,3,0.5266310572624207
hobby_level3_dial3,4,0.33271509408950806
hobby_level2_dial4,1,0.32049882411956787
hobby_level2_dial4,2,0.5883333086967468
hobby_level2_dial4,3,0.3090941905975342
hobby_level2_dial4,4,0.2862745225429535
hobby_level2_dial4,5,0.5018585920333862
hobby_level2_dial4,6,0.4435388445854187
top25_dial17,1,0.38408827781677246
top25_dial17,2,0.49269232153892517
top25_dial17,3,0.4185124635696411
top25_dial17,4,0.5220394134521484
top25_dial17,5,0.2842974066734314
top25_dial17,6,0.032513491809368134
hobby_level2_dial5,1,0.5768199563026428
hobby_level2_dial5,2,0.7498042583465576
hobby_level2_dial5,3,0.46188825368881226
hobby_level2_dial5,4,0.4462553858757019
hobby_level3_dial30,1,0.5055382251739502
hobby_level3_dial30,2,0.6792665123939514
hobby_level3_dial30,3,0.3162767291069031
hobby_level3_dial30,4,0.24713003635406494
hobby_level3_dial30,5,0.49671700596809387
hobby_level3_dial30,6,0.6474140882492065
hobby_level3_dial30,7,0.44897735118865967
hobby_level3_dial32,1,0.40797024965286255
hobby_level3_dial32,2,0.8118817806243896
hobby_level2_dial6,1,0.5148733854293823
hobby_level2_dial6,2,0.31952744722366333
hobby_level2_dial6,3,0.23209503293037415
hobby_level2_dial6,4,0.27597281336784363
hobby_level2_dial6,5,0.40944385528564453
hobby_level2_dial6,6,0.06725110113620758
hobby_level1_dial15,1,0.48337626457214355
hobby_level1_dial15,2,0.46073633432388306
hobby_level1_dial15,3,0.4211323857307434
hobby_level1_dial15,4,0.6376729607582092
hobby_level1_dial15,5,0.18171818554401398
hobby_level1_dial15,6,0.3012651801109314
top25_dial40,1,0.3319239020347595
top25_dial40,2,0.4094955325126648
top25_dial40,3,0.3609185516834259
top25_dial40,4,0.39350396394729614
top25_dial40,5,0.4561083912849426
top25_dial40,6,0.3087502121925354
top25_dial63,1,0.2161392867565155
top25_dial63,2,0.07844292372465134
top25_dial63,3,0.33897507190704346
top25_dial63,4,0.5290206670761108
top25_dial63,5,0.046698011457920074
top25_dial63,6,0.41017135977745056
hobby_level2_dial12,1,0.42988598346710205
hobby_level2_dial12,2,0.4120486080646515
hobby_level2_dial12,3,0.6771441698074341
hobby_level2_dial12,4,0.3807309865951538
hobby_level2_dial12,5,0.4413289427757263
hobby_level2_dial12,6,0.39928606152534485
hobby_level2_dial12,7,0.3987586498260498
food_level2_dial30,1,0.47427284717559814
food_level2_dial30,2,0.4562419652938843
food_level2_dial30,3,0.3788803219795227
food_level2_dial30,4,0.4323190748691559
food_level2_dial30,5,0.4557900130748749
food_level2_dial30,6,0.2726007103919983
top25_dial18,1,0.189832866191864
top25_dial18,2,0.3833453059196472
top25_dial18,3,0.2498578280210495
top25_dial18,4,0.3670462369918823
top25_dial18,5,0.3437020480632782
top25_dial18,6,0.38110214471817017
food_level3_dial22,1,0.48688623309135437
food_level3_dial22,2,0.42701590061187744
food_level3_dial22,3,0.4110671877861023
food_level3_dial22,4,0.6041097640991211
food_level3_dial22,5,0.4418412446975708
food_level3_dial22,6,0.23642148077487946
hobby_level2_dial14,1,0.36478349566459656
hobby_level2_dial14,2,0.3546208143234253
hobby_level2_dial14,3,0.3579668700695038
hobby_level2_dial14,4,0.539505660533905
hobby_level2_dial14,5,0.46812233328819275
hobby_level2_dial14,6,0.5087575912475586
food_level3_dial23,1,0.5696834325790405
food_level3_dial23,2,0.3557926416397095
food_level3_dial23,3,0.43665045499801636
food_level3_dial23,4,0.3031097650527954
food_level3_dial23,5,0.5296895503997803
food_level3_dial23,6,0.5572505593299866
top25_dial64,1,0.522459089756012
top25_dial64,2,0.31749528646469116
hobby_level2_dial15,1,0.6031220555305481
hobby_level2_dial15,2,0.31155091524124146
hobby_level2_dial15,3,0.25732991099357605
hobby_level2_dial15,4,0.24654649198055267
hobby_level2_dial15,5,0.4930271506309509
hobby_level2_dial15,6,0.022651785984635353
top25_dial41,1,0.48742246627807617
top25_dial41,2,0.019038867205381393
top25_dial41,3,0.22044047713279724
top25_dial41,4,0.1576204150915146
top25_dial41,5,0.5730459094047546
top25_dial41,6,0.31187963485717773
hobby_level2_dial7,1,0.539358913898468
hobby_level2_dial7,2,0.5112749934196472
hobby_level2_dial7,3,0.4680253267288208
hobby_level2_dial7,4,0.6100534200668335
hobby_level2_dial7,5,0.33116257190704346
hobby_level2_dial7,6,0.5676791071891785
top25_dial19,1,0.493174284696579
top25_dial19,2,0.7114912271499634
top25_dial19,3,0.3960748314857483
top25_dial19,4,0.33722102642059326
top25_dial19,5,0.2759343385696411
top25_dial19,6,0.0734362006187439
hobby_level2_dial16,1,0.8267369270324707
hobby_level2_dial16,2,0.45578670501708984
hobby_level2_dial16,3,0.4245898723602295
food_level2_dial31,1,0.5565124154090881
food_level2_dial31,2,0.2802647352218628
food_level2_dial31,3,0.34676647186279297
food_level2_dial31,4,0.3263351321220398
food_level2_dial31,5,0.3525024652481079
food_level2_dial31,6,0.2791455388069153
top25_dial65,1,0.42073655128479004
top25_dial65,2,0.4646509885787964
top25_dial65,3,0.3351030945777893
top25_dial65,4,0.30842122435569763
top25_dial65,5,0.3873336613178253
top25_dial65,6,0.10413683950901031
food_level3_dial24,1,0.38697758316993713
food_level3_dial24,2,0.3717370629310608
food_level3_dial24,3,0.5309067368507385
food_level3_dial24,4,0.46213316917419434
food_level3_dial24,5,0.1998935490846634
food_level3_dial24,6,0.18192020058631897
hobby_level2_dial17,1,0.3683488667011261
hobby_level2_dial17,2,0.3171916902065277
hobby_level2_dial17,3,0.44826722145080566
hobby_level2_dial17,4,0.5380046963691711
hobby_level2_dial17,5,0.2598522901535034
hobby_level2_dial17,6,0.1038602814078331
top25_dial20,1,0.5030413866043091
top25_dial20,2,0.3487545847892761
top25_dial20,3,0.31076622009277344
top25_dial20,4,0.07909580320119858
top25_dial20,5,0.2959417998790741
top25_dial20,6,0.4549573063850403
top25_dial42,1,0.34391316771507263
top25_dial42,2,0.48474016785621643
top25_dial42,3,0.1820627897977829
top25_dial42,4,0.38945579528808594
top25_dial42,5,0.22114156186580658
top25_dial42,6,0.22099456191062927
top25_dial21,1,0.2368033081293106
top25_dial21,2,0.058993205428123474
top25_dial21,3,0.7347815036773682
top25_dial21,4,0.5372275114059448
top25_dial21,5,0.4363131523132324
top25_dial21,6,0.41989433765411377
top25_dial21,7,0.30160295963287354
top25_dial66,1,0.5110408663749695
top25_dial66,2,0.6700111031532288
hobby_level2_dial18,1,0.298733115196228
hobby_level2_dial18,2,0.46013715863227844
hobby_level2_dial18,3,0.467344731092453
hobby_level2_dial18,4,0.4139920771121979
hobby_level2_dial18,5,0.23349015414714813
hobby_level2_dial18,6,0.5092697143554688
food_level2_dial33,1,0.7805364727973938
food_level2_dial33,2,0.4783869981765747
food_level2_dial33,3,0.3860904574394226
food_level2_dial33,4,0.5342273712158203
food_level2_dial33,5,0.32761770486831665
food_level2_dial33,6,0.4064486622810364
top25_dial43,1,0.4543896019458771
top25_dial43,2,0.5516647696495056
top25_dial43,3,0.6015003323554993
top25_dial43,4,0.5499340295791626
top25_dial43,5,0.25580093264579773
top25_dial43,6,0.35238564014434814
food_level3_dial25,1,0.6289305090904236
food_level3_dial25,2,0.4323034882545471
food_level3_dial25,3,0.5940221548080444
food_level3_dial25,4,0.5853219032287598
food_level3_dial25,5,0.4847811758518219
food_level3_dial25,6,0.5612162351608276
hobby_level2_dial8,1,0.3426550030708313
hobby_level2_dial8,2,0.43195027112960815
hobby_level2_dial8,3,0.4979189932346344
hobby_level2_dial8,4,0.5278202295303345
hobby_level2_dial8,5,0.6653677821159363
hobby_level2_dial8,6,0.4214756190776825
top25_dial22,1,0.3839781582355499
top25_dial22,2,0.22901907563209534
top25_dial22,3,0.44738662242889404
top25_dial22,4,0.39782416820526123
top25_dial22,5,0.4729048013687134
top25_dial22,6,0.44163399934768677
top25_dial44,1,0.7284287214279175
top25_dial44,2,0.49049919843673706
top25_dial44,3,0.40520644187927246
top25_dial44,4,0.44939374923706055
top25_dial44,5,0.44043952226638794
food_level2_dial34,1,0.24835796654224396
food_level2_dial34,2,0.5059974193572998
food_level2_dial34,3,0.5125995874404907
food_level2_dial34,4,0.23566921055316925
food_level2_dial34,5,0.29908156394958496
food_level2_dial34,6,0.255379319190979
hobby_level2_dial19,1,0.6374329924583435
hobby_level2_dial19,2,0.23818202316761017
hobby_level2_dial19,3,0.27645617723464966
hobby_level2_dial19,4,0.31593188643455505
hobby_level2_dial19,5,0.4340704083442688
hobby_level2_dial19,6,0.11896073818206787
top25_dial67,1,0.38847023248672485
top25_dial67,2,0.5716848373413086
top25_dial67,3,0.48500457406044006
top25_dial67,4,0.39755117893218994
top25_dial67,5,0.682497501373291
top25_dial67,6,0.15466275811195374
top25_dial45,1,0.2888244390487671
top25_dial45,2,0.4916459619998932
top25_dial45,3,0.252438485622406
top25_dial45,4,0.4221665561199188
top25_dial45,5,0.35219815373420715
top25_dial45,6,0.14572618901729584
food_level2_dial35,1,0.3533359169960022
food_level2_dial35,2,0.567014217376709
food_level2_dial35,3,0.8067684769630432
food_level2_dial35,4,0.15468592941761017
food_level2_dial35,5,0.6193572282791138
food_level2_dial35,6,0.9867144823074341
top25_dial68,1,0.4285195469856262
top25_dial68,2,0.24571804702281952
top25_dial68,3,0.25907284021377563
top25_dial68,4,0.6040883660316467
top25_dial68,5,0.2432369440793991
top25_dial68,6,0.3931928277015686
top25_dial7,1,0.20500560104846954
top25_dial7,2,0.23787285387516022
top25_dial7,3,0.36573323607444763
top25_dial7,4,0.5667070746421814
top25_dial7,5,0.5693829655647278
top25_dial7,6,0.4609335660934448
top25_dial70,1,0.647395670413971
top25_dial70,2,0.22936490178108215
top25_dial70,3,0.400925874710083
top25_dial70,4,0.2652992010116577
top25_dial8,1,0.41743767261505127
top25_dial8,2,0.5117528438568115
top25_dial8,3,0.7232003211975098
top25_dial8,4,0.3743402361869812
top25_dial8,5,0.10830291360616684
top25_dial8,6,0.4189210534095764
top25_dial9,1,0.2513090968132019
top25_dial9,2,0.42948800325393677
top25_dial9,3,0.38747793436050415
top25_dial9,4,0.47241657972335815
top25_dial9,5,0.2553245425224304
top25_dial9,6,0.2008562833070755
top25_dial47,1,0.7041708827018738
top25_dial47,2,0.3877500891685486
top25_dial47,3,0.26606592535972595
top25_dial47,4,0.1102975606918335
top25_dial47,5,0.10586419701576233
top25_dial47,6,0.30079981684684753
top25_dial47,7,0.2984492778778076
top25_dial48,1,0.47009265422821045
top25_dial48,2,0.26359742879867554
top25_dial48,3,0.1991099864244461
top25_dial48,4,0.11016376316547394
top25_dial48,5,0.20545533299446106
top25_dial48,6,0.24824616312980652
top25_dial49,1,0.4805561900138855
top25_dial49,2,0.5255195498466492
top25_dial49,3,0.6216913461685181
top25_dial49,4,0.3164009153842926
top25_dial49,5,0.5688672065734863
top25_dial49,6,-0.012241587042808533
