y_true,y_pred_proba
1,0.7588091276980509
0,0.5837717682582753
0,0.35482083073168336
1,0.5859491127591009
1,0.6449355563507301
0,0.4112926876164188
1,0.515768786822302
1,0.614342403504292
0,0.35991693597546454
1,0.5128943518703968
0,0.687875158353968
1,0.44184405780802366
0,0.5207806068190702
1,0.5868468880005844
1,0.6597009858078958
0,0.6500979069334739
1,0.6296488329192541
1,0.5921027124535437
0,0.5219892812599297
1,0.4085153344922839
1,0.6394703511613158
1,0.42209437620325124
0,0.6247947343359277
0,0.6989271843712682
0,0.48070519862650113
1,0.7172741605020961
0,0.3551613134212698
0,0.31993181461634773
0,0.6281553057168122
0,0.5725735381532411
1,0.6367834599026206
1,0.4765339042588637
1,0.6326500743699675
1,0.4229630818047903
1,0.5743859184752219
0,0.7162406861835289
1,0.6772698817117266
1,0.33679021554175287
1,0.6142772717158093
1,0.781845259259518
0,0.5143024965211495
0,0.3968812281548523
0,0.6507109054834305
0,0.7501668181731936
1,0.6842242066491009
1,0.722708778057968
1,0.45999598514723233
1,0.6887957944648285
0,0.625900830452435
0,0.3124238216098845
1,0.6211751253106629
1,0.4905454557613518
1,0.5887665281773989
0,0.4349278313619298
0,0.6111058236325214
0,0.6218769256619561
0,0.3882386090982261
1,0.3244375282077519
1,0.6164165474499476
0,0.5698416013937303
0,0.4714634847473968
0,0.5536775685139655
1,0.7404871619615334
0,0.33008290509664645
1,0.7542079720764527
0,0.46921198430343003
0,0.585585374604867
1,0.6766168326998352
1,0.5762116012203499
0,0.3509150440728809
1,0.5786857555608397
0,0.6012115702828055
1,0.7646144845514545
0,0.5669841374269433
1,0.7063858366345674
1,0.7054907820891795
0,0.5774535158931317
0,0.454645944359744
1,0.4865124872294922
1,0.6023474339076889
1,0.6860971682132099
0,0.38697304407918465
0,0.736593344464592
1,0.668772095667758
1,0.6124453761865376
0,0.31300528995653937
1,0.6142409584188091
1,0.6034177492564935
1,0.718043270909298
0,0.5764136615777331
0,0.5081107912399062
1,0.6560965523562057
1,0.6531512373758078
1,0.7501691441433466
1,0.47967802980044943
0,0.49296000925868605
1,0.5048041456242366
0,0.5838327047026666
0,0.5689404641223702
1,0.7203936176040667
1,0.45792537018435236
1,0.58769227719628
1,0.7141036832148332
1,0.7788514650620826
0,0.3592923291972853
1,0.6858378914047651
0,0.5493179460596611
1,0.7565854499345408
1,0.626473301094627
1,0.5310984590183195
0,0.6143521746606946
1,0.46246459235011533
0,0.32750444581580573
1,0.6817144183895233
1,0.5589077630991538
0,0.5129110232141288
0,0.646787757738944
1,0.509321857788561
0,0.45076656461904996
0,0.5019154799568237
1,0.39655844080384783
1,0.44361321754062866
0,0.44506726173089284
0,0.6856421744505476
1,0.6814858441737528
1,0.7040207640285199
1,0.5433400115475656
1,0.2917044843871566
1,0.6996033238070956
0,0.5688416839087449
1,0.5408867998879808
1,0.7370637118975477
0,0.4395493306843174
1,0.4001176678300335
1,0.6836333071359175
0,0.4005298866092194
0,0.5963174009993699
1,0.7086074391747528
1,0.7009182553664702
0,0.6481520985304704
1,0.6870534696344012
0,0.44748715032016934
0,0.2936710052960516
1,0.64699879187401
1,0.6793235603492379
0,0.5939771207906613
0,0.32031161358339594
1,0.6523130214860103
1,0.35091940125805327
1,0.6158042851809206
1,0.6923616626624594
0,0.2547056295462997
1,0.6808159301290941
0,0.46156069793507903
1,0.8207829390503102
1,0.6580806416112877
1,0.7217495078228165
1,0.5803347349742725
1,0.4526067937610688
1,0.6469587289621761
1,0.5791939127242568
0,0.6860261714567037
1,0.6473901325452738
1,0.65452189702858
0,0.25315616563766147
1,0.6719957465042597
1,0.6509386082750511
1,0.6293718936852267
0,0.4811527547434743
0,0.7315720302900988
1,0.59655212810049
1,0.6227112176210616
0,0.6166564872001994
1,0.6701996954745129
0,0.4551910394834327
1,0.3120446945364115
1,0.4762367481755292
0,0.2922100464685961
0,0.355657015479437
1,0.8062244532890406
0,0.49077696614620764
0,0.6231224305941168
0,0.7114408259993187
0,0.8046606594437289
1,0.6419658591916342
1,0.5449248075091863
0,0.466921149068739
0,0.6352879645234829
1,0.4042737836319295
1,0.6883088210165575
0,0.4222701746479273
1,0.7311761768115653
1,0.3979372335234442
0,0.6895863546259967
1,0.7283197912747562
0,0.5658691116203047
0,0.30709170697445115
0,0.5802288563503293
1,0.5899667443057275
0,0.6531307671566359
0,0.48111071592425786
0,0.41590367149730867
1,0.5857882691286077
1,0.7912600934494307
0,0.6839695484637166
1,0.5865077518416041
1,0.6364545582911578
0,0.40595900484439174
1,0.49953291505640746
1,0.5961368427676133
1,0.7863107983086832
1,0.6270349593091856
1,0.6755194134211148
0,0.41754365281275896
0,0.6448011562461972
0,0.5759941862199004
1,0.3709099049550698
1,0.5826531344803463
1,0.6874509321919463
1,0.48067226983145195
1,0.6441782346723963
0,0.4937541562237136
0,0.3989177023926022
1,0.6831766075388229
0,0.5516989290283878
1,0.3133195748895611
1,0.5790045424832876
0,0.5107216123941191
1,0.6356193126069763
0,0.592952039638282
1,0.5660241963547017
1,0.4666104465527891
1,0.5908018296562344
0,0.6019028815910723
0,0.3808273493561796
1,0.5995966916147791
1,0.5704573092959826
1,0.4840314700296603
0,0.5390911634857842
1,0.6192699227544954
0,0.6419087015587778
1,0.6056981720740584
0,0.4066057349066626
0,0.5262418390114844
0,0.4743846026272107
0,0.45141370321059987
1,0.6962039917852361
0,0.24020631774232096
0,0.5495754454055085
0,0.5338053926727544
1,0.5071782881587137
1,0.7501285245867871
1,0.5900825232917309
0,0.3853790889642068
1,0.6353094900133454
0,0.3406627318777188
1,0.4002462273209252
0,0.34559128151183327
0,0.5850576563513881
0,0.520249048812209
1,0.6348209142609961
0,0.7128996160999718
1,0.6910799558721806
1,0.5462900343530795
1,0.44594127439218034
1,0.5241235270524318
0,0.4014175973326088
0,0.4972882734618168
0,0.41655043680011283
1,0.4868109674972347
1,0.36573259349026105
0,0.2686833704135126
0,0.6783229748864541
1,0.5373947894789238
1,0.4947910203333892
0,0.5922944288389943
1,0.4697040741221496
1,0.6254014762622427
0,0.31661921382225383
0,0.46113285689750766
0,0.5114321786901449
1,0.6433558750008881
0,0.5061894833969091
0,0.35077384486977786
1,0.4182592677485404
1,0.4368981717294456
1,0.663651882050275
0,0.5108974449041849
1,0.6013533660664508
0,0.46987876704700093
1,0.5215087302209787
0,0.4359829359235856
1,0.6774247876410516
1,0.6036400242950731
1,0.6024449603562934
1,0.623589971982489
0,0.7154728253586394
1,0.3898691872641832
0,0.6530249199196779
1,0.6044495150757335
1,0.5738938659241556
1,0.4319469126914957
1,0.7302975160260217
0,0.6723474304604286
1,0.27151377677696475
1,0.6268868955575795
0,0.6302875560453588
1,0.5455020107069745
1,0.6649429880564944
1,0.2579018550854846
0,0.3351379623171676
1,0.5299428829342483
1,0.6774073836068237
0,0.7004233176414806
0,0.624066557433682
0,0.34668598179708904
0,0.3537588807678568
1,0.6293005262647279
0,0.40123967422660706
0,0.5807463369235933
0,0.5137321156630468
0,0.5636271945429498
0,0.5595787356838859
1,0.6564586989707785
0,0.6452407875077859
1,0.6427869478565028
0,0.5522043984425724
1,0.506023073085533
1,0.749416029478616
0,0.6614972185137641
1,0.6094787200137848
0,0.48092904670719905
0,0.5065771419036144
1,0.3638988446901071
1,0.460413978290335
1,0.5396249146915392
1,0.37962311032523516
0,0.568873078292145
1,0.7065229705182597
0,0.5358355972229144
0,0.7773168023831172
1,0.6161165584758076
0,0.3021149784285046
1,0.7454003379580499
0,0.5346821209245902
1,0.712337669626808
0,0.4176755110058924
1,0.5888306974027429
1,0.7328333081959649
0,0.43726022102967743
1,0.5160412534950509
0,0.4537153368694138
0,0.4550087815561843
0,0.4006660990002346
1,0.7635449883709962
1,0.6389248500197037
1,0.5116634812703701
0,0.4955841198269495
0,0.2390472966738752
0,0.3591422028744431
0,0.3234247413365321
0,0.4919772743550566
1,0.5069992917240341
1,0.38360644336581606
1,0.3719201286955751
1,0.4583244033678985
0,0.5562808907428977
0,0.5226340380806649
1,0.5442678394314364
1,0.4566267244923008
1,0.7439889289002851
1,0.8035899291612023
1,0.6299341811232673
0,0.6750267876787682
1,0.6925689640226715
1,0.41906992321172776
0,0.38870905096324615
0,0.5159381483908446
1,0.5435666907932832
0,0.5417180762261576
0,0.2658862465974271
0,0.4258651180457227
0,0.6075774709410215
0,0.4298382068269483
0,0.5656634554062056
0,0.4602940602729812
1,0.6786649605318462
0,0.31961598898217725
1,0.5734880372414616
0,0.4871789203291968
0,0.5055802254292441
0,0.35223283213214096
1,0.544320771124258
1,0.5411817928634441
1,0.6792163143636691
1,0.7689837721456046
0,0.37696306191488527
1,0.6052577045050538
0,0.553780883303353
1,0.7656992032441584
0,0.50017637929392
1,0.43375314293409645
1,0.603297229395932
1,0.6291502436397979
1,0.5169364401700773
1,0.5964105597061118
0,0.3003957739004876
0,0.43923824703991815
1,0.4871904579069808
1,0.5231943109035283
1,0.5135208796864501
1,0.2979144632184614
0,0.36429004128839404
1,0.4651388682556112
0,0.3736968675129277
0,0.5462391250427712
1,0.6353814659965679
1,0.3258373620777984
0,0.4391236747951329
1,0.5327946317330194
1,0.6593365221444571
0,0.5927748723125481
0,0.6213027294278267
0,0.40353396367930794
1,0.7391353841777213
1,0.7570910192410826
0,0.6405264164492783
0,0.670636649647557
0,0.33718630634271035
0,0.34484120203903185
0,0.32691345177021913
0,0.43991987991214054
0,0.4229189832388808
0,0.5378270318834747
1,0.4938608616298295
0,0.4986314071814817
1,0.5319783476800379
0,0.29902480820566696
1,0.7173176217894349
1,0.3357060461748823
1,0.6454742612171903
1,0.49372538572874525
0,0.3832679420973623
0,0.5972135804596387
0,0.6201684082331305
1,0.7011192872751474
0,0.3479438703355476
1,0.6367278597585809
1,0.47855350347588493
1,0.5616976636996025
0,0.3379768156834984
1,0.7363979232299771
1,0.40954856571059894
1,0.6716910357800656
1,0.49776480911885196
0,0.7617219734782751
0,0.2452839124226343
1,0.5530661162293937
0,0.6676185982745632
1,0.695602855758616
0,0.5244746869684306
0,0.7013881414884375
0,0.6877008052997202
0,0.7523244796480726
0,0.46642138236232167
1,0.7741017422173321
0,0.6225489193223157
0,0.5800367710700112
1,0.6014638793805962
1,0.4558346731598411
1,0.5813284929155443
1,0.44697616604921164
1,0.45509848873444697
0,0.41575119565292357
0,0.43184304900658804
1,0.5892505931710751
0,0.42864979813815113
0,0.7662323693486232
1,0.45714439843308263
0,0.678844524863386
1,0.671854498371461
0,0.5179553911134657
1,0.4863985791951475
1,0.5320716863971494
0,0.35852531450037683
1,0.8075189755621714
1,0.6717352944922912
0,0.45300316775219307
1,0.6532338592679157
1,0.6247957889430377
0,0.46296314218281026
1,0.6979781695705801
1,0.46795052004131577
0,0.5455405376094101
0,0.5922116693028577
1,0.613575310472105
1,0.34036942846186174
1,0.6097418095140461
0,0.36267795331895475
0,0.49279004376485336
1,0.4197432592751432
0,0.2991393107585282
1,0.45453098961312693
0,0.40666547289200616
0,0.5563665429279121
1,0.6189359573345014
1,0.6681279684126629
1,0.7675384021914528
0,0.49162194729428027
1,0.7535792684087591
0,0.4353059926132728
1,0.6094595842580609
0,0.6457204214432567
1,0.6651049987420731
0,0.6323734473101065
0,0.32731699084757077
0,0.43718009581887646
0,0.6886786099392559
1,0.38315192435247497
0,0.6527848087640746
0,0.47055836097855824
0,0.28925602197678685
0,0.3988682137764852
1,0.7236498440433942
1,0.6851939304080498
1,0.7568425387117605
1,0.7601031763930994
1,0.5012024552191768
1,0.5431795725889214
1,0.6959359819944373
1,0.7838583914507544
0,0.6579853464500358
0,0.5358532126259732
0,0.403728957669619
0,0.6287371626299171
1,0.7393592331999431
1,0.6379056072155784
1,0.5382097588516055
0,0.561805694374318
0,0.6507029943744079
0,0.484162856535364
1,0.7202974872303345
1,0.6772896608318137
1,0.6712186850387063
0,0.5901766094895564
0,0.4771770074310723
1,0.6911181390313422
0,0.46518597116623667
1,0.3607240595462404
0,0.39054823453934556
0,0.4846870536650253
0,0.39623042048965024
1,0.45439832649597867
1,0.5255878920925187
1,0.7612343535782291
1,0.6790538378187673
1,0.7962152536026259
0,0.5564440513473643
1,0.5723469072567589
0,0.5729553318135673
1,0.6379657925417649
1,0.28954678916554616
1,0.5764559794073175
1,0.7215906801027856
0,0.5492651720604438
1,0.4587279244545505
0,0.5723505912381536
1,0.6903482185548128
0,0.7753715896763335
1,0.762895439682357
0,0.4447706120013161
0,0.4438324547651968
0,0.523803268802115
1,0.48924585843877616
0,0.4075242989674295
0,0.5550877783842745
0,0.7623081968677192
1,0.36908008210329396
1,0.6052946941858335
0,0.2723520180855586
0,0.43826717458769066
1,0.8080452630325307
0,0.5428368625045386
0,0.44270639083276986
0,0.43003642779881773
1,0.37459464450495594
0,0.6174036355503268
1,0.6357937382533123
1,0.5822688845373676
1,0.6648526439348511
0,0.39700165113861985
0,0.42558215842792824
1,0.6316840891933879
1,0.602567458154672
1,0.5725810303322043
1,0.4093520105576309
1,0.6112857500413515
1,0.5070143454797885
1,0.5052127529333171
0,0.3914070634315731
1,0.5496318618257342
0,0.561835597318162
1,0.7378094995880924
1,0.4703788196823938
1,0.6446311828912389
0,0.5853801229963727
1,0.45091225554856634
0,0.2886663243689511
1,0.42065891503806946
0,0.5350239275710006
0,0.6340884026877578
0,0.7554594768745482
0,0.49906726908123483
1,0.5579891408111138
1,0.6492352948942424
1,0.40890723844252264
1,0.3552347273682286
1,0.679370123289577
1,0.665674591981144
1,0.5445026875815113
0,0.4772088096668095
1,0.6960549582585033
1,0.8163468295778363
1,0.5089816352881014
1,0.5585573384562892
1,0.6843689408343995
0,0.30329993419084145
1,0.5442423865313368
0,0.2294966926723874
1,0.61791229640059
1,0.6497040194079278
1,0.3763816092978469
1,0.3873714679125596
0,0.5294503345950794
0,0.5653750448469965
0,0.7191548970047288
0,0.388395045631472
1,0.5298928150378039
1,0.6649872142362051
0,0.5467751950033947
0,0.6856680516635809
1,0.5846835754600256
1,0.5973170085442748
1,0.6730622879945584
0,0.34581392896091234
0,0.5292643424749686
0,0.5494249841001976
0,0.6157537250953247
1,0.5839771273468541
1,0.6550337008788197
1,0.36366893234878006
1,0.4486821150860926
1,0.5717977122461504
1,0.41209964455939924
1,0.538375650404406
0,0.48805126772653673
1,0.7468025494179933
1,0.5723201005874244
1,0.7094362434558543
1,0.4658024827928018
0,0.45473968178678026
1,0.40849328665436335
1,0.5963978005365737
0,0.2973964584509531
1,0.47298210914286776
0,0.6414141063526407
0,0.5614353813410767
1,0.7268104112238067
1,0.6318173888010565
1,0.6516585240419045
1,0.7416871733391712
0,0.6171461620924833
1,0.6495048266954155
1,0.6084133585452636
0,0.6392930226315973
1,0.653155495765805
1,0.5773106604981925
1,0.7004113654242884
0,0.5758968535921906
0,0.6076540040146893
0,0.49227155193450794
0,0.45151229103158813
1,0.5861687598526337
0,0.3626065108360882
0,0.3428608800552976
0,0.4177129793666519
1,0.3701322251042005
0,0.6168983405132453
0,0.5465109692061781
1,0.7216566953503422
1,0.6323436833079786
1,0.6491148962840958
1,0.5006129356610993
1,0.5965752523788557
1,0.6222975645034091
0,0.24854841235581984
0,0.5266577286937465
0,0.7295796185475267
1,0.38569640279405326
1,0.524644198429045
1,0.5226432193608003
1,0.7974708701337707
1,0.7773046712458387
1,0.46957724386038024
0,0.5173126918032381
0,0.4824254269422261
1,0.6663250744843072
1,0.6882586059371171
1,0.5855785513870433
1,0.3200615855761773
0,0.4261299631816444
0,0.3374713167055228
1,0.7306019788760866
0,0.4328505168441763
1,0.5833518746058849
1,0.41367109556285775
0,0.3232098559485977
1,0.5974880546090306
0,0.4451993032032288
0,0.6443251082357384
1,0.2796982078613093
0,0.47523849778867316
0,0.7723205360473968
1,0.4324645444402564
1,0.6225253948570922
1,0.6364956291663254
0,0.6206595125437673
0,0.41696679702571326
1,0.4956092706101841
0,0.500316286948399
1,0.7079523216397909
0,0.3821293250183146
0,0.6251759679886835
1,0.56831400425237
0,0.2825018046004162
1,0.6333638303893759
0,0.7998223373658214
1,0.4870697456521539
1,0.4939578260910944
1,0.6845999635479576
1,0.5714940504819332
0,0.34084015630187514
0,0.6763352883590774
0,0.4315080511839677
0,0.47302871487952436
0,0.4686751102932624
1,0.6626901424680457
0,0.5486295438077455
0,0.4601351960004559
0,0.4768175342779318
1,0.34824623152701173
0,0.46907354679477214
0,0.582054636486228
1,0.6858271770595671
1,0.6573789237675195
1,0.690606067373937
1,0.5606269360336714
0,0.49443772786045054
0,0.5905471836451461
0,0.5536891072400947
0,0.36635759745266966
1,0.7552613592312236
1,0.5754535733274112
0,0.7489615750574392
0,0.45254106403095157
1,0.5617253198489093
1,0.5661936442721771
0,0.5437818138504045
1,0.34894223186433576
0,0.45157503257753145
1,0.6655174946153088
1,0.7581545963264701
1,0.3509493847373428
0,0.6122320169797231
0,0.38145315091565846
0,0.4469939839614115
0,0.2932419451874421
0,0.5033069675128945
1,0.5950408447948474
1,0.5168778779319326
1,0.7301803979235508
0,0.5061355046521648
1,0.6507535424379495
1,0.46438457281090445
0,0.4544580466237052
1,0.7181751603753014
0,0.6444501283389921
1,0.6569008735671306
0,0.42355061916429265
0,0.5915057703533336
1,0.6662374724423251
1,0.4839991255617043
0,0.2977762181850653
1,0.7645375721953387
0,0.5133318970002113
0,0.6219368160686384
0,0.5146026184857778
1,0.6451786672702611
0,0.3664812140924604
1,0.6698104857221413
0,0.4359423842691388
0,0.5422882206599858
0,0.46904187902764793
1,0.351467941908428
0,0.24894825179146554
0,0.7122505619450754
0,0.544610204254317
1,0.7257896718469503
0,0.6060311551869739
1,0.6606560506299679
0,0.4707361965438743
1,0.5265522627121398
1,0.5296987303719121
0,0.3285252647722438
1,0.7183898403402216
0,0.543176997856931
0,0.6738416528292235
1,0.5651441162294779
0,0.5743347622641369
1,0.6181090463924293
1,0.5989766652898006
1,0.3742294064836418
1,0.3544887310979959
0,0.6304916863843226
1,0.5619771211017733
1,0.5726344632128326
1,0.552937687252952
1,0.5585995024823757
0,0.6386249981430215
0,0.6657075717717329
0,0.42793965217648866
1,0.682147544936164
0,0.40650076698979387
1,0.6962156588668007
1,0.3460916993978488
0,0.3121431816114464
0,0.5100074957241114
1,0.5092589535684686
1,0.6160730923741092
1,0.5588530972482088
1,0.7068907052647817
0,0.3291039577537005
1,0.5732225049355872
1,0.5966973275384221
0,0.6625016573790522
0,0.43975353346350105
1,0.6727182896821168
1,0.7361824316785215
1,0.5779134433815345
1,0.8067736503610136
1,0.32682208539643826
1,0.6052593647442351
1,0.5515063951033465
1,0.6008608829313321
0,0.5719429875869727
0,0.4045136401731323
0,0.614465374008144
1,0.6874963623646637
0,0.4737598184225389
0,0.2954476746975386
0,0.4623551803642795
1,0.6025153765989611
0,0.5714630537064685
1,0.587905151376803
1,0.5745844820411602
1,0.405748256679925
1,0.5108664125651486
0,0.6238551073729627
1,0.7280777928606755
0,0.6356784768761525
1,0.5644110086445422
1,0.2551491728908128
1,0.4335793071839268
1,0.8272956950534566
1,0.6339063576356584
1,0.5790035323586568
1,0.6703628223747496
1,0.5678124863920343
1,0.5704290201390837
1,0.710595106311149
0,0.6203959208373493
1,0.646001194876659
1,0.5439707641872135
1,0.5562883012837592
1,0.6114300467098503
1,0.5964308300891895
1,0.45955479674489924
0,0.3711206541936535
1,0.6309789667475268
0,0.35711187186336907
1,0.5415499565981484
1,0.5033157322592038
0,0.6049151790839392
0,0.4974560414612446
1,0.6053620230596946
0,0.5033835953826687
1,0.5385815504206569
0,0.6654754428260278
0,0.38787930214123717
0,0.6558828589578258
1,0.5070388573588324
1,0.5582363872612889
1,0.5876443497129084
1,0.7529581716922306
1,0.5030279880634113
1,0.6608533403607949
0,0.48295617470101804
0,0.6102717414511245
1,0.6301218876808748
1,0.5329389922171704
1,0.6642673720017207
0,0.5565033464715823
1,0.3812887160389384
0,0.6773961596930488
1,0.7458564083841606
1,0.7062189666805593
1,0.48824578773071
1,0.4985324220922336
0,0.5393075336792924
0,0.5637912433728649
1,0.4655403900352363
1,0.5081299489283534
0,0.5792412575559405
0,0.48544903820042656
0,0.3783295987786419
0,0.5101007966985682
0,0.47888649940489847
1,0.609293494301126
1,0.565008833209713
1,0.48874434053223403
1,0.5881035873927848
1,0.6510034241453331
0,0.5217387178405872
0,0.5893057726307612
1,0.3568449012628907
0,0.3850220421375802
0,0.6043164188164485
1,0.5598361369091246
1,0.7286396479373709
1,0.3590071464154554
1,0.6527745439505329
0,0.5064843381709455
0,0.6045517617907027
0,0.2909814140195562
1,0.5542889389561327
1,0.441110273077855
1,0.7169765877591442
1,0.30632365748755985
1,0.7044730060452149
1,0.6303525010316705
1,0.7123925601002354
1,0.5160242445089931
1,0.3088216672716478
0,0.709730320623562
1,0.7036968401880962
1,0.5106617884630961
1,0.5556138154224369
1,0.6473464101587529
0,0.6650400551900736
0,0.5700058571366847
1,0.5256471379390526
0,0.5999552049985089
1,0.6751147954244547
1,0.6020167131122434
1,0.6365902909675906
0,0.6472038787230042
1,0.3939593026907809
0,0.32414299621860887
1,0.6108497616121067
1,0.3821816416201482
0,0.4558141367553173
1,0.7070817042168677
0,0.534251099278556
1,0.6284134244246049
1,0.45640246578640625
0,0.46261380018859755
1,0.6252121644904115
0,0.3859294020221728
0,0.6021753336497334
0,0.4545075067539962
0,0.6752805329884056
1,0.6592781995711637
1,0.7128347208170119
0,0.7021298342942247
0,0.554178856018967
0,0.4264580745049452
0,0.47534212866658937
1,0.6038469529540933
0,0.6309888609351256
1,0.43524050215750154
0,0.4053989719778315
1,0.6811570127835396
1,0.8134159889736425
1,0.6330905807601078
0,0.6619881986343824
0,0.4827474408995315
1,0.650399907545256
0,0.4995044152271111
1,0.7110311355033428
0,0.35552484709865706
0,0.5665810212910393
1,0.5358818550385219
0,0.3188731339917444
0,0.5491672058754901
0,0.5624055574690991
1,0.611316067114789
0,0.2713365155363928
0,0.35989052582463116
1,0.6219378748383554
1,0.5995144058270148
1,0.45488860524661345
1,0.6835756027107504
1,0.4296898782270511
0,0.6622398435054697
0,0.7035160778474816
0,0.749297026800326
1,0.4000435094049651
1,0.778691829678308
1,0.6352405666340918
0,0.5204348238508576
1,0.6291853582896391
0,0.30506818598743723
0,0.4587855756617616
1,0.7152879057740303
1,0.4331133600585331
1,0.6511622379502877
0,0.547266144838937
0,0.5595245108754416
1,0.5606368637731393
0,0.5109300142471545
0,0.4554212129960098
0,0.40709812961615016
1,0.515732083802174
1,0.6364684955571693
0,0.422983847681324
1,0.4932302898115207
1,0.5834739743889075
0,0.5850185776208952
0,0.5063115093253688
0,0.25950254709168696
0,0.38431922805166935
1,0.6474696227890951
0,0.4212112119582043
1,0.6630133739485072
1,0.6758233095492302
0,0.6577490610912469
0,0.33778149768511206
1,0.7641504292215817
1,0.4279970235411614
0,0.4504592719817145
0,0.641939745852845
1,0.5216152578594756
0,0.6521489039845677
0,0.33839331936262024
0,0.5763747404415757
0,0.5751942492167448
1,0.5649616373278312
0,0.3231024035600861
0,0.616825860587227
0,0.6237644353389946
0,0.4480374973959512
0,0.46919964129431974
0,0.5102053972824953
1,0.5752307990726576
0,0.6358558195216601
1,0.6520214345836597
0,0.5523161195781139
1,0.6470673240031111
0,0.4963287286136821
0,0.6130557220684332
0,0.49368614366247177
0,0.5618060089106742
0,0.5652233243322671
1,0.5150825488922965
1,0.6242360226922119
0,0.6684755017929274
1,0.34279709910496264
0,0.3974381442418943
0,0.553524875364768
0,0.4160516371967297
1,0.5376599201535744
1,0.5262544621008297
1,0.47353464588008176
1,0.4940907837586769
0,0.43187613592715185
0,0.5796545944060921
1,0.4967775500356352
0,0.4188967404144688
0,0.7319038864766347
0,0.5390232493292227
0,0.45775988297159975
0,0.4976190278804986
0,0.3304046654182214
0,0.5113209244325871
0,0.28944794594328693
1,0.6953713902253386
1,0.3427686478592796
0,0.5370505442443967
1,0.6306102108582041
0,0.6854681607817291
0,0.5928269485042965
1,0.3919005966929101
0,0.4324013314119728
0,0.3995730632433936
1,0.7247848643700444
0,0.7194641202603291
1,0.6311346184849083
1,0.6003308095214531
0,0.40072943552543044
0,0.6442844376685171
1,0.7411628055350198
1,0.7469656505380045
0,0.44376123776379767
0,0.47099817366612157
0,0.3418458082021801
1,0.6756197092190879
1,0.6535536247011279
0,0.5603037246186798
0,0.4367372538266188
1,0.5163538805812306
1,0.48586882593682146
0,0.7222395215095123
1,0.582081343057737
1,0.5459414143948796
0,0.4150200201514654
0,0.6653114042469774
0,0.5620645084342859
1,0.49633325569455516
1,0.5732349481352706
1,0.6530078463518597
0,0.46253793637605617
1,0.7384374557162605
0,0.5017698339930499
1,0.6969242742184788
1,0.6934759478478042
0,0.43237110105675586
0,0.5102789122355426
0,0.5960743845967368
0,0.3756766084636578
1,0.5590135332265163
0,0.39813716923344333
0,0.6570745913100551
0,0.48596021761261926
0,0.4369245447899587
0,0.6133851391880969
0,0.6850070663691963
0,0.3892371322974726
0,0.45387744295029103
1,0.6217194765063839
1,0.40016641751334175
1,0.7569042095934502
1,0.5570413054619721
1,0.39375906731949745
0,0.5305599113007448
0,0.3927557671932705
0,0.5167380908700279
1,0.452514109121922
0,0.5825834957511503
0,0.7126184854293441
1,0.5546871683698488
0,0.36965116319712116
1,0.553626637181673
1,0.5990844887497943
1,0.5166185564659729
1,0.5708729347818143
1,0.5231073246229109
0,0.49534599183824285
0,0.4207714920225964
0,0.3092612221501379
1,0.4934730853144269
0,0.652804392197672
1,0.5596414548529833
1,0.7711940028008887
0,0.343188337509637
0,0.6703134888498444
1,0.6666165111908069
0,0.4094688580648995
1,0.6081973266676939
1,0.5036081199839798
0,0.4749148756347761
1,0.6333970522976616
1,0.6074651933576856
0,0.5269757491709739
1,0.5274184834242445
0,0.4540252443117285
0,0.46916965394543597
1,0.6103971221979764
0,0.4095977530845201
0,0.5782892372334523
0,0.5415122777150579
1,0.602061684470689
1,0.43020570736223573
1,0.596073046622073
1,0.6438199324958133
1,0.6553644454909605
1,0.74529891989744
0,0.2585303476607421
1,0.4699239417070355
0,0.43559533944846257
0,0.4928635287914973
0,0.5782659978932109
1,0.6130841735128334
1,0.5114908544633451
0,0.33946013279198334
0,0.47124172762170297
0,0.4862862698672291
1,0.4315660552765886
1,0.4853980855661322
1,0.5935197666997295
0,0.6440315087736646
0,0.31619241597999537
1,0.5559628624262187
1,0.57811358542939
1,0.47866806495034614
1,0.47876444356568
1,0.6499174835768708
1,0.6555439180903909
0,0.53992265999501
1,0.6004361388143391
1,0.6289375825170882
0,0.5247192119825125
1,0.5775689990868811
1,0.8363678959326187
1,0.6155054897448278
1,0.5689100318222224
0,0.6644914359335524
0,0.289311764117946
0,0.6356737968640308
0,0.3108398766026731
1,0.6982433994449574
1,0.6856985828620284
0,0.2737337550203548
0,0.5449136480701264
1,0.5383079707271983
0,0.6328613751979127
1,0.4439151476151656
1,0.53090737961676
1,0.6421618730198727
1,0.8058032945017214
0,0.6102036021914377
0,0.3123369773950647
1,0.6825965568838226
0,0.3412686802164033
0,0.6491696412528557
0,0.6735992275660485
1,0.6327598472147475
1,0.6167557307568989
0,0.5787569223146077
0,0.37852162063566847
1,0.7664890321512481
1,0.72115770316277
0,0.41163418412452557
0,0.5148113627683961
1,0.6225015868081062
1,0.35118462373730946
0,0.4873780178655511
1,0.49930067896474395
0,0.6166415442905226
0,0.39088971453511895
0,0.7210416931068089
0,0.44780250414551975
0,0.38995828241945446
1,0.7165780401231763
1,0.5757300765987301
1,0.708625972244643
0,0.4994126234975291
1,0.5768932844843632
1,0.7988528294353583
1,0.4659116456899159
0,0.25429917230886817
1,0.6434377820371481
1,0.41673317233762996
0,0.7261437005312785
0,0.4149953524832758
0,0.518779083935932
1,0.5890294098794367
0,0.71317099302799
1,0.702994545826713
1,0.5870481131002268
1,0.5770476226043303
0,0.5750735236647677
0,0.3307079821164643
0,0.6255865578250597
1,0.7265977034922757
0,0.3226243561750526
1,0.5300100179921247
1,0.5143330530630145
0,0.6855112467707021
1,0.6219414121418504
1,0.7185784301098647
1,0.7429550192913777
1,0.6231036974696527
0,0.692374870343622
1,0.6434702176138649
0,0.3220367679165727
1,0.5644788700493338
1,0.6518785193571796
1,0.3996479757966232
0,0.5534150246420884
0,0.3124643403225862
1,0.64566342895373
1,0.5524997408358455
1,0.7221639223261125
0,0.3496523258338281
1,0.742374074032253
0,0.44150089273469695
0,0.3779084141631013
1,0.7052959806377431
1,0.7826799926110105
1,0.5808748839180292
1,0.6706228193113597
1,0.686147035447916
0,0.539638567663527
0,0.5141591296530681
0,0.523298792155703
1,0.7495225106437752
1,0.6457268798407597
0,0.5924525793651199
1,0.42091537516285954
0,0.48976329594844675
0,0.23355018466546865
0,0.6597071555272876
1,0.6943011722003547
1,0.7426530774836936
1,0.4424571124007022
1,0.7035288258924876
0,0.37678721195689646
1,0.6524734698966463
0,0.504984705957071
0,0.5158351937323798
1,0.6774489534482496
1,0.7408152424527483
1,0.559503093438689
0,0.5048693709919554
1,0.6294653184610178
0,0.509943092332249
0,0.5367324812899026
0,0.41533298254004297
0,0.5417470556536519
0,0.4188598287840998
0,0.49187332238659104
0,0.5581250468801181
0,0.32120584771910493
1,0.6782699400685631
0,0.5942325202752751
0,0.6173333403314721
1,0.7774037912016868
0,0.496956746851432
1,0.5619504669010222
1,0.7357617206162917
0,0.2420042921017317
1,0.4223022894814243
1,0.5956168540139587
0,0.3779638887246914
1,0.3381013160329912
1,0.5290595433208718
0,0.5907602058163433
0,0.48371844229542715
1,0.550350216559228
0,0.552979920423966
0,0.46328189656331487
0,0.5038054781470832
0,0.6397011680798442
1,0.5397561306127324
1,0.6478664934529701
1,0.7169578100379144
0,0.5821782745827018
1,0.6506654495754379
1,0.6228873628121305
0,0.2534005063601026
1,0.35981064681059266
1,0.656764814630655
0,0.3682503892772901
1,0.699272994799576
1,0.6673229711585722
0,0.3379400664434312
0,0.4600891588338286
1,0.684658232197881
1,0.7804002329565504
0,0.2778644545657927
1,0.6087035879462321
1,0.4468866934547541
1,0.5667895844225908
0,0.5288702380051241
1,0.6875405713830495
1,0.5464322911477058
1,0.6932004707097623
1,0.6364836437351206
1,0.5202432575131489
1,0.5880955848303558
0,0.5881363351311543
1,0.6265656791920761
0,0.2861257499985418
1,0.6923678240705602
0,0.5053091808926514
0,0.5625142725339998
0,0.6289277678228803
0,0.2828628096548771
0,0.4871869731803397
0,0.24451228089587584
0,0.7001231864454677
0,0.4010643187453479
0,0.5091052377774716
1,0.3314725165233819
0,0.36766246803565694
1,0.6780303829672569
0,0.5611236661350597
1,0.547154577722109
1,0.5467973226826279
1,0.7532188767068343
0,0.40146141223013637
1,0.4202572891346293
0,0.43401158275136953
1,0.689912175845259
0,0.4552537746979853
0,0.28810302304066365
0,0.21110137281024013
0,0.44187867433409855
0,0.5731887990308039
0,0.32441885003965104
1,0.7482484393622533
1,0.39141912070550466
0,0.6369180262796982
1,0.6220805418894844
0,0.40347136655132365
1,0.7489253082319192
0,0.5906264626283727
0,0.6153620082954503
1,0.3907657839939585
1,0.6001984494648744
0,0.31452171799929174
0,0.45833340416339785
0,0.38806701843902497
1,0.6623457863971379
0,0.642431878905873
1,0.6946931786161736
1,0.3999980823477177
1,0.7822647928376166
0,0.3343159340330301
0,0.5791313146208166
1,0.6127545532029904
1,0.407770333494325
1,0.528132330514092
1,0.6815169267650039
0,0.6122253801982661
1,0.7300086606886499
0,0.36880003840042125
1,0.6764531315579028
1,0.5153327128733314
1,0.6504841267450219
0,0.46555021772089444
0,0.5371675387491125
1,0.5193352374948598
1,0.5741974356477066
0,0.70746448564899
1,0.7934344171587614
0,0.5505068827268896
1,0.42262396491386844
0,0.46251694027573803
0,0.3093588408289821
1,0.3889025567049218
0,0.420066697272415
0,0.6051559802080829
1,0.7114330530009468
1,0.5199304234669088
0,0.5679836705793373
1,0.561636579852352
0,0.5721408904240292
1,0.5714521051868388
1,0.3289646922876091
0,0.4484429106260491
1,0.6737399914067345
1,0.6028390358018705
1,0.73319467570884
0,0.2671421895570742
1,0.6731466104077933
1,0.63719340655097
1,0.629328987810182
0,0.3246889621466763
1,0.6478823200924232
0,0.2720544101278413
0,0.787013538602795
1,0.657093902742497
1,0.7196597754350301
0,0.3666305875481004
0,0.25185050629113065
0,0.5621602310145986
1,0.4908681819734924
0,0.5903184090328482
0,0.3230082748303616
0,0.3951879577558103
1,0.728484286488931
0,0.602707273024982
0,0.3793783203300437
1,0.6980754837350044
0,0.2934935987680032
0,0.7973421626850504
1,0.47203362607008
1,0.4533876062026482
0,0.5236350055649787
1,0.42870388571156715
1,0.5604404242294146
1,0.6315415445297312
0,0.47248014209839573
1,0.5809624109504538
1,0.7579764381285157
1,0.6359722895556139
1,0.7096641255362032
1,0.6654983380290915
1,0.43794471912076444
0,0.5016184267385951
0,0.6332475145756856
1,0.5940095596793051
1,0.6299766053812074
1,0.5672304555004815
1,0.5044296751353862
0,0.45452918905209644
1,0.6355082094537028
1,0.5242391637814562
1,0.7398722856290767
0,0.504883730198176
1,0.6385139228009653
1,0.694318113063125
0,0.39733748131743296
1,0.6376829061220911
1,0.6552468016420409
1,0.7464055279026226
0,0.49793041052742887
0,0.48019191296395336
0,0.5088515363169427
0,0.726207903739016
0,0.5599218749584044
1,0.5423661366423688
1,0.5267371334260247
1,0.26140675335114455
0,0.7012940692341583
0,0.4861476358820991
0,0.46466279679837247
0,0.5677432042840742
0,0.4079763097897652
1,0.5154694513894841
0,0.5727289194229191
0,0.37742209656401315
0,0.7057649099974672
1,0.6814955384888385
0,0.38320499895593846
0,0.5039188742972336
1,0.5461899794348158
0,0.6997414652719401
0,0.3611450189346679
1,0.7126001995892912
1,0.5484966473451054
1,0.6414370591983565
0,0.6198125692810511
1,0.5047149489072198
0,0.6703501214398171
1,0.48193539916461015
1,0.666162502784897
0,0.4470118587284962
1,0.4960271486481466
0,0.6631204975874738
1,0.6655813195607924
1,0.48498536384796476
0,0.47584230738644345
1,0.6712544757039017
0,0.3880837633976972
1,0.6704831574589385
0,0.6887879619094313
1,0.710352986606257
1,0.7803266142419505
1,0.6897323877840809
0,0.7042592265742061
1,0.695013622204155
1,0.6827319252075841
0,0.5299961349748675
0,0.29786414890083834
1,0.3796548538136977
0,0.48087834947602226
1,0.7424510437307806
1,0.7316703178834655
1,0.5705352136603304
1,0.6011687423218649
1,0.36649176032194997
1,0.7761201475841588
0,0.29346630558664377
0,0.44491048013626683
1,0.6109192291224224
1,0.6743275103951477
0,0.3414006027670725
1,0.491272428314743
0,0.38332731858880487
1,0.3025441538102093
1,0.4172978620383738
0,0.3799870976915984
1,0.6931062778612573
1,0.5878314709375861
1,0.7014513381148183
0,0.5928775082289597
0,0.6904664826780899
1,0.5928130581794074
0,0.27564485927866395
0,0.30355583117434876
0,0.5572469027848834
1,0.41298091032924544
0,0.33907270971792014
1,0.4750427098936565
1,0.5598565952114024
0,0.5692240691866862
0,0.6433284891708463
0,0.648008857909979
0,0.6798906524187884
1,0.6774323228888646
0,0.5093771915647972
1,0.4406248361819764
0,0.42876148801715974
1,0.6804254286867949
0,0.535734875557704
1,0.5526449553755015
0,0.43850850026013327
1,0.6115681159741068
1,0.6735942575412727
1,0.516209740322581
1,0.5308316325683362
0,0.4359139523501928
1,0.5067107109508859
1,0.8261208439660963
1,0.6492625044518693
0,0.6320211912296771
0,0.5702039212988042
0,0.539725829732267
1,0.45687083982821886
0,0.504213095640378
1,0.614596488575634
1,0.4940920039795604
1,0.5000441547227136
0,0.3624148556495088
0,0.5648994307617574
1,0.6764720744957256
1,0.7213277120492387
0,0.28005508323946854
0,0.5423362325640037
1,0.5409438028291774
1,0.46134748081421645
0,0.5917279034274939
1,0.36438286246507456
1,0.6434707677745035
0,0.7612103182771879
0,0.3194576256512633
0,0.3785567886867622
1,0.7679836998166703
0,0.3259701245922287
0,0.7729851817777963
0,0.45795947243750923
1,0.6209573978650722
0,0.3536390602193122
0,0.49561952332406733
1,0.5896758734317872
1,0.4301439115675337
0,0.6532512346000346
1,0.7318176604554216
0,0.3120807781355596
1,0.5331015394245978
0,0.3425436587091266
1,0.46766844503790606
0,0.6034451047628012
1,0.5945148251077249
1,0.7068545894609274
0,0.4684055950271641
0,0.30336704844549434
0,0.28419120933044056
1,0.42991417312343666
1,0.3191764168974015
0,0.655909124560501
0,0.41449300368575914
0,0.6845363392202395
0,0.37847209069016147
1,0.32533595268686044
1,0.7063929316598412
0,0.5273789559562697
0,0.44899869438206025
0,0.45772919485748564
1,0.5270583750735379
1,0.38196257197670974
0,0.4215733640711314
1,0.5384416599832262
0,0.23551926570017734
1,0.6883275786838352
1,0.6226714883296792
1,0.46691935013667996
1,0.4705901327199937
1,0.6572436976263265
1,0.6448941158688152
0,0.5963473730388836
1,0.47546288885726884
1,0.3740754914498155
1,0.6572335272639412
1,0.45724364775641985
1,0.7112700809995052
1,0.7019765947485803
0,0.6342884409496742
1,0.7611974541337312
1,0.4917940476957252
1,0.5698038451017449
0,0.5794058741446544
0,0.5208572017005509
1,0.5821305923933346
0,0.38833052879669006
1,0.4995027580181815
1,0.7271364619534524
0,0.6147821383872847
1,0.5676018695823963
0,0.2916611127885076
0,0.417297217123617
1,0.5502064208366734
0,0.5491994059394615
1,0.718698889158643
0,0.6496760209385389
1,0.6398977252793171
0,0.35111173811855356
1,0.6210557505884584
0,0.3967433760732636
1,0.5622453873666223
0,0.37821869152584714
1,0.6841683340314639
0,0.4987907606016019
0,0.5216621180102807
1,0.7692400838196892
1,0.6497373796955013
0,0.5225411487026912
0,0.4309366226401978
1,0.6223032610118742
0,0.34541661003645424
0,0.5313010372486027
0,0.4994544423300864
1,0.30159307956051057
0,0.5203263792534707
0,0.34271170708446114
1,0.7335374109651331
0,0.3684159228518969
1,0.7385911274698587
1,0.509799147210218
0,0.40119946751873764
0,0.48256709877554166
1,0.5812553617373137
1,0.42926024333377477
0,0.5811025654181247
0,0.32567804159279184
0,0.5135919811131154
0,0.4838779035906175
1,0.662003021081338
0,0.4218707226133837
0,0.6198014273227346
0,0.4602186312217521
0,0.43031322419249096
0,0.4389027585161586
1,0.7465556270253527
0,0.3045717232958213
0,0.4495634314204173
1,0.7431906269479672
1,0.7078109295321984
0,0.35318024387948954
0,0.43448733898356817
0,0.48338218310068115
1,0.6864071242023411
1,0.5525037045731597
1,0.5329841546297271
0,0.6748952822294612
1,0.6443294321659628
1,0.499255986098468
0,0.5190248093488997
1,0.43608772677428964
1,0.6301695485010751
0,0.3810500902844485
0,0.4985361180624742
0,0.48662785639046197
1,0.7137332984931536
0,0.5872513128610996
1,0.6314430833033339
1,0.6098732388377307
1,0.6393075827045449
0,0.6057948708694996
1,0.3672795626832608
0,0.4265927379171665
0,0.580170771030087
0,0.4949590660801893
0,0.3686153588672343
1,0.6263768131067077
0,0.4552276187831184
1,0.7377514190339091
1,0.5396019216117628
1,0.6821077685507158
0,0.2798746232575926
1,0.40455466239634447
1,0.614127772517763
0,0.6118602344066961
1,0.6712211545213758
1,0.6244962308553672
1,0.7160134765883515
1,0.6577738024395582
1,0.6621965666444711
1,0.7316721299484871
0,0.49093028905150926
1,0.674045756880613
1,0.6155319566156571
0,0.31439723712151585
0,0.47650724539904826
0,0.377476040886398
1,0.42011151931775104
0,0.44136158824358446
1,0.6376930851587463
0,0.3452510943569613
1,0.698564950273557
1,0.39631108597881815
1,0.6407881217249244
1,0.6524384624325229
0,0.6205344298304061
1,0.4404818640893849
0,0.2950607493492601
1,0.7204304103642414
0,0.5113119026307503
1,0.6342232772920273
1,0.6693366743659415
0,0.644518343478956
0,0.5121732355843425
1,0.5249014641101173
0,0.5990882040941223
0,0.4861665812346016
1,0.3330359211000101
0,0.44643644632082335
1,0.4623194697991969
1,0.6600943770158432
1,0.7409613256931912
1,0.5985442599418968
1,0.6800078931854137
1,0.7012764476295014
0,0.5844178374664436
1,0.649126740128601
0,0.5493700468981969
1,0.6078582197379296
1,0.5646772616340388
0,0.34350543505175185
1,0.5870850902928869
1,0.6964114869279416
0,0.4088556292784485
0,0.5521625290629921
0,0.5907382748271287
0,0.5366888780155292
1,0.5972722473214666
1,0.7523502896171804
0,0.391158182514956
1,0.6417443817140225
1,0.7652410474443979
0,0.450238560439014
0,0.6374541085930546
1,0.7582461676594437
1,0.5207150479627968
0,0.4729252376659802
1,0.7848505062579519
1,0.6078337129009983
0,0.480941995707787
0,0.6635948159530508
1,0.6438659219676126
0,0.42889731811748916
0,0.48562935796066753
0,0.6649396459220888
1,0.48315716323942237
0,0.7394849947819195
1,0.5129612046734869
1,0.557432664723871
1,0.5474429515769244
0,0.3902660570836699
1,0.6988849239115129
1,0.6945164297060715
1,0.7288434245937908
1,0.29659823789945167
0,0.6791247384910886
1,0.5872787162489181
0,0.40097186732646384
1,0.5355358819554124
1,0.5162106320261215
1,0.627768667493408
1,0.34209662890373016
0,0.4107197445139388
1,0.683286503732528
1,0.6571385284948081
1,0.4810396403506201
0,0.3485593179583726
0,0.44074272597129166
0,0.35361260509978426
0,0.3692093151946518
1,0.7275147883576092
0,0.571324576506448
1,0.6791297973476952
0,0.44231060618885
0,0.5062067524712086
1,0.3852861472707691
1,0.4576320954303575
1,0.7630718236145647
1,0.6607848953988682
0,0.6906561406577065
0,0.5076598470689951
1,0.752307506274032
0,0.38225707493230743
1,0.6680820445500286
0,0.3861537886879519
1,0.7141565602357297
1,0.7170045817457343
1,0.5379470170162469
0,0.46661435234670634
1,0.4645704174076321
1,0.8012294656509673
0,0.3949686607011651
1,0.5272217816565227
1,0.5081390891227234
1,0.7049463752022723
1,0.5851609465439289
0,0.2286683218381079
0,0.7130347788977683
0,0.5456987564504564
0,0.33696816109787014
1,0.46016062655887996
0,0.558987691972626
0,0.49235082579374567
1,0.6093803470482648
0,0.5494903440576449
1,0.5948101617604408
0,0.3009579114083815
1,0.694148335186363
1,0.47130371813815586
1,0.6725517553099266
0,0.44788483522790734
1,0.692794991879687
0,0.2294402201325789
1,0.6537940654492393
0,0.29169154281864323
1,0.5915521048951569
1,0.7540066574954726
1,0.6442688675677537
1,0.4871834392387786
1,0.6562616449014039
0,0.4547744870160933
0,0.43107185791612446
1,0.5695891042198066
1,0.4433190974109674
1,0.6899797922300362
0,0.3302992009338379
0,0.4602555368173591
1,0.5077758908643734
0,0.20123319387661906
0,0.5647480369338781
1,0.45534239064757914
1,0.4105020829645985
0,0.422277355566913
0,0.4421581818030072
1,0.6846141929323061
0,0.5072535692659864
0,0.48073800890756563
1,0.6862369275260292
0,0.29807003476458155
1,0.5726337878041687
0,0.4455327801547023
0,0.7484094618800855
1,0.5227937465874648
1,0.6364142239813073
1,0.7508403954207903
1,0.752387447527461
0,0.28997001899372904
1,0.5936244168144194
1,0.6154345989114494
1,0.5257995704044246
0,0.4081437864023733
1,0.4050427746743253
1,0.6909162588180543
1,0.6247868947496825
1,0.5027536068891333
0,0.5329157246490795
0,0.30429641386859396
1,0.6892044741067543
0,0.404298347343716
0,0.5230768481424212
1,0.5334587654405797
1,0.7339684493700508
0,0.6166592625697784
0,0.4674061426938564
1,0.4474305181836332
0,0.5313900015335936
0,0.4450245722977428
1,0.6439466135942162
0,0.4382136838350823
1,0.4766078402142602
1,0.5054762758028227
1,0.6278023776480758
0,0.581228010788821
0,0.5443575493266245
0,0.2947871605690254
0,0.5613494106232402
1,0.5082378577862983
0,0.8316687297285846
1,0.7940315496206819
0,0.5383815629038506
0,0.6902641396167634
1,0.5366617205975105
